ISO-10303-21;
HEADER;
FILE_DESCRIPTION (( 'STEP AP214' ),
    '1' );
FILE_NAME ('oortje + band.STEP',
    '2026-05-20T11:48:58',
    ( '' ),
    ( '' ),
    'SwSTEP 2.0',
    'SolidWorks 2024',
    '' );
FILE_SCHEMA (( 'AUTOMOTIVE_DESIGN' ));
ENDSEC;

DATA;
#1 = EDGE_CURVE ( 'NONE', #3646, #3219, #1128, .T. ) ;
#2 = CARTESIAN_POINT ( 'NONE',  ( 77.19568291272047134, 24.22755405347702151, -11.17081403002072015 ) ) ;
#3 = EDGE_CURVE ( 'NONE', #3735, #3618, #893, .T. ) ;
#4 = DIRECTION ( 'NONE',  ( -0.7956919983548574882, 0.6053560163352539325, -0.02045329412992408918 ) ) ;
#5 = EDGE_CURVE ( 'NONE', #1011, #207, #519, .T. ) ;
#6 = ORIENTED_EDGE ( 'NONE', *, *, #3600, .F. ) ;
#7 = EDGE_CURVE ( 'NONE', #1330, #3230, #3312, .T. ) ;
#8 = PLANE ( 'NONE',  #2716 ) ;
#9 = CARTESIAN_POINT ( 'NONE',  ( 78.50969363520626132, 2.332190653594408136, -7.147312661577408299 ) ) ;
#10 = AXIS2_PLACEMENT_3D ( 'NONE', #1550, #1266, #2141 ) ;
#11 = CARTESIAN_POINT ( 'NONE',  ( -56.14240646487832720, 40.08577419943375730, -9.988277294125078143 ) ) ;
#12 = ORIENTED_EDGE ( 'NONE', *, *, #3738, .F. ) ;
#13 = VECTOR ( 'NONE', #449, 1000.000000000000000 ) ;
#14 = CARTESIAN_POINT ( 'NONE',  ( 73.29507937155608488, 10.60295579074472094, -5.462456604987461439 ) ) ;
#15 = DIRECTION ( 'NONE',  ( -0.6054826775597461630, -0.7958584843897062999, 3.758525927527592285E-16 ) ) ;
#16 = CARTESIAN_POINT ( 'NONE',  ( -84.19685017569707952, -1.994551898479003604, -5.204170427930421283E-15 ) ) ;
#17 = DIRECTION ( 'NONE',  ( 0.7956919983549479714, -0.6053560163353204349, 0.02045329412443962214 ) ) ;
#18 = ORIENTED_EDGE ( 'NONE', *, *, #3096, .F. ) ;
#19 = CARTESIAN_POINT ( 'NONE',  ( -77.25564937089974649, 7.939844621817279346, -9.190085132139138580 ) ) ;
#20 = PRODUCT_CONTEXT ( 'NONE', #2811, 'mechanical' ) ;
#21 = DIRECTION ( 'NONE',  ( 3.234202562487237496E-17, 2.628696496404745679E-17, -1.000000000000000000 ) ) ;
#22 = CARTESIAN_POINT ( 'NONE',  ( -84.25142410681431215, 15.20674103892707407, -4.911115951576213057 ) ) ;
#23 = ORIENTED_EDGE ( 'NONE', *, *, #2107, .F. ) ;
#24 = EDGE_CURVE ( 'NONE', #3416, #1819, #1508, .T. ) ;
#25 = PLANE ( 'NONE',  #1525 ) ;
#26 = ORIENTED_EDGE ( 'NONE', *, *, #476, .T. ) ;
#27 = CARTESIAN_POINT ( 'NONE',  ( 85.53980686557700608, 28.45306824633486542, -10.38148784665014546 ) ) ;
#28 = VECTOR ( 'NONE', #3589, 1000.000000000000000 ) ;
#29 = CARTESIAN_POINT ( 'NONE',  ( 63.27859522501621825, 34.33808962583491109, -8.144029192843202480 ) ) ;
#30 = DIRECTION ( 'NONE',  ( -0.5815903076701760543, 0.8134818461552228985, 0.000000000000000000 ) ) ;
#31 = ORIENTED_EDGE ( 'NONE', *, *, #2821, .F. ) ;
#32 = EDGE_CURVE ( 'NONE', #2409, #1889, #3687, .T. ) ;
#33 = DIRECTION ( 'NONE',  ( -3.234202562487237496E-17, -2.628696496404745679E-17, 1.000000000000000000 ) ) ;
#34 = CARTESIAN_POINT ( 'NONE',  ( -8.418840205890655071, 46.09392887192909427, -7.635616528548942128 ) ) ;
#35 = CARTESIAN_POINT ( 'NONE',  ( -0.3590050757020513128, -22.58095202332092555, -20.00000000000000355 ) ) ;
#36 = CARTESIAN_POINT ( 'NONE',  ( 48.83512385105049702, 33.38976992574094282, -5.026348128998242792 ) ) ;
#37 = ORIENTED_EDGE ( 'NONE', *, *, #1155, .F. ) ;
#38 = CARTESIAN_POINT ( 'NONE',  ( -81.34808830157257376, 13.36979656788270354, -9.199140426653073632 ) ) ;
#39 = DIRECTION ( 'NONE',  ( 3.234202562487237496E-17, 2.628696496404745679E-17, -1.000000000000000000 ) ) ;
#40 = FACE_OUTER_BOUND ( 'NONE', #552, .T. ) ;
#41 = ORIENTED_EDGE ( 'NONE', *, *, #218, .F. ) ;
#42 = DIRECTION ( 'NONE',  ( 3.234202562487237496E-17, 2.628696496404745679E-17, -1.000000000000000000 ) ) ;
#43 = CARTESIAN_POINT ( 'NONE',  ( 71.94301413035215376, 28.22374184447822643, -11.93200846198300802 ) ) ;
#44 = AXIS2_PLACEMENT_3D ( 'NONE', #1101, #1599, #1140 ) ;
#45 = VECTOR ( 'NONE', #3275, 1000.000000000000227 ) ;
#46 = CARTESIAN_POINT ( 'NONE',  ( -61.86841272172277684, 19.29627106529376590, -6.857409866691650535 ) ) ;
#47 = CARTESIAN_POINT ( 'NONE',  ( 56.03279370037098772, 40.15363489308334266, -5.307532619654887540 ) ) ;
#48 = ADVANCED_FACE ( 'NONE', ( #3272 ), #3291, .F. ) ;
#49 = PLANE ( 'NONE',  #1922 ) ;
#50 = DIRECTION ( 'NONE',  ( -0.01627792766265332564, 0.01238411529138265001, 0.9997908094993968042 ) ) ;
#51 = CARTESIAN_POINT ( 'NONE',  ( 79.06532752785405194, 10.39087624749663874, -4.788601600785080237 ) ) ;
#52 = CARTESIAN_POINT ( 'NONE',  ( -8.594979204864779732, 44.05852028935604636, -7.708348261057693662 ) ) ;
#53 = ORIENTED_EDGE ( 'NONE', *, *, #1612, .F. ) ;
#54 = CARTESIAN_POINT ( 'NONE',  ( -0.3590050757020513128, -22.58095202332092555, -2.602085213965210642E-15 ) ) ;
#55 =( LENGTH_UNIT ( ) NAMED_UNIT ( * ) SI_UNIT ( .MILLI., .METRE. ) );
#56 = DIRECTION ( 'NONE',  ( -0.7956919983549476383, 0.6053560163353207679, -0.02045329412443962214 ) ) ;
#57 = DIRECTION ( 'NONE',  ( 0.8134818461552230096, 0.5815903076701761654, 4.159789475487620677E-17 ) ) ;
#58 = ORIENTED_EDGE ( 'NONE', *, *, #3699, .F. ) ;
#59 = CARTESIAN_POINT ( 'NONE',  ( 81.45380385484229180, 13.42496236807571286, -4.778605185329590554 ) ) ;
#60 = CARTESIAN_POINT ( 'NONE',  ( 83.56850021146303220, 22.35921106915545664, -9.879395842122022486 ) ) ;
#61 = CARTESIAN_POINT ( 'NONE',  ( -50.49887288713786404, 27.94612472231120037, -5.988408278183676714 ) ) ;
#62 = B_SPLINE_SURFACE_WITH_KNOTS ( 'NONE', 3, 1, ( 
 ( #3376, #134 ),
 ( #784, #1376 ),
 ( #1048, #475 ),
 ( #156, #1620 ),
 ( #1658, #1576 ),
 ( #1940, #1318 ),
 ( #765, #1088 ),
 ( #1026, #2192 ),
 ( #2762, #2783 ),
 ( #1641, #2532 ),
 ( #2801, #195 ) ),
 .UNSPECIFIED., .F., .F., .F.,
 ( 4, 1, 1, 1, 1, 1, 1, 1, 4 ),
 ( 2, 2 ),
 ( 0.04873249857047167594, 0.1635537196282702554, 0.2783749406860688280, 0.5080173828016658621, 0.6228386038594643237, 0.7376598249172628963, 0.8524810459750614688, 0.9098916565039606441, 0.9673022670328599304 ),
 ( 0.000000000000000000, 1.000000000000000000 ),
 .UNSPECIFIED. ) ;
#63 = B_SPLINE_CURVE_WITH_KNOTS ( 'NONE', 3,
 ( #2876, #2477, #2173, #799, #836, #3333 ),
 .UNSPECIFIED., .F., .F.,
 ( 4, 1, 1, 4 ),
 ( 0.04873249857047167594, 0.1635537196282702554, 0.2783749406860688280, 0.4420430292922970517 ),
 .UNSPECIFIED. ) ;
#64 = CARTESIAN_POINT ( 'NONE',  ( 71.63648851257617878, 11.86479825893349549, -4.100170736464765930 ) ) ;
#65 = CARTESIAN_POINT ( 'NONE',  ( 6.643688332631015214, 57.03325238500554661, -9.942151190589301635 ) ) ;
#66 = DIRECTION ( 'NONE',  ( -0.7958584843897054117, 0.6054826775597474953, -0.000000000000000000 ) ) ;
#67 = AXIS2_PLACEMENT_3D ( 'NONE', #573, #42, #341 ) ;
#68 = VECTOR ( 'NONE', #39, 1000.000000000000000 ) ;
#69 = CARTESIAN_POINT ( 'NONE',  ( -9.891763537090538350, 43.88532152571272604, -9.292225574021587775 ) ) ;
#70 = ORIENTED_EDGE ( 'NONE', *, *, #1857, .F. ) ;
#71 = CARTESIAN_POINT ( 'NONE',  ( 51.19924463642638557, 36.65418379998955345, -5.009085012333943432 ) ) ;
#72 = DIRECTION ( 'NONE',  ( 0.6054826775597450528, -0.7958584843897071881, 1.441115708636438561E-15 ) ) ;
#73 = CARTESIAN_POINT ( 'NONE',  ( 65.59441220774870374, 12.15803197277264402, -20.00000000000000000 ) ) ;
#74 = ORIENTED_EDGE ( 'NONE', *, *, #2931, .T. ) ;
#75 = CARTESIAN_POINT ( 'NONE',  ( -48.71851014332987262, 27.51009092276247614, -10.39065785677282960 ) ) ;
#76 = VERTEX_POINT ( 'NONE', #989 ) ;
#77 = CARTESIAN_POINT ( 'NONE',  ( 82.96435849074703128, 25.38350995440982416, -10.41189387418154766 ) ) ;
#78 = CARTESIAN_POINT ( 'NONE',  ( 62.66633904936661281, 45.85501697225195983, -10.13937168527268007 ) ) ;
#79 = EDGE_CURVE ( 'NONE', #3336, #2619, #3489, .T. ) ;
#80 = CARTESIAN_POINT ( 'NONE',  ( -76.02962133090466068, 6.429049654910401479, -4.997251737514264214 ) ) ;
#81 = CARTESIAN_POINT ( 'NONE',  ( -9.228215611020251785, 45.99409781979210265, -8.180352903734732450 ) ) ;
#82 = CARTESIAN_POINT ( 'NONE',  ( 68.96932645093954761, 12.10343418515742719, -11.03179185412138175 ) ) ;
#83 = CARTESIAN_POINT ( 'NONE',  ( 46.42965108487043580, 30.38493509019195216, -5.009085012333940767 ) ) ;
#84 = ORIENTED_EDGE ( 'NONE', *, *, #2791, .F. ) ;
#85 = CARTESIAN_POINT ( 'NONE',  ( -9.891677434627549559, 45.90509831766395621, -9.379253153343549698 ) ) ;
#86 = EDGE_CURVE ( 'NONE', #2628, #1694, #3576, .T. ) ;
#87 = DIRECTION ( 'NONE',  ( -0.7958584843897057448, 0.6054826775597468291, 0.000000000000000000 ) ) ;
#88 = LINE ( 'NONE', #3251, #2135 ) ;
#89 = DIRECTION ( 'NONE',  ( 0.7958510202640445286, 0.6054769989135027064, 0.004330973490761949422 ) ) ;
#90 = ORIENTED_EDGE ( 'NONE', *, *, #702, .F. ) ;
#91 = DIRECTION ( 'NONE',  ( 0.6054826775597471622, 0.7958584843897056338, 4.050324036854581322E-17 ) ) ;
#92 = VERTEX_POINT ( 'NONE', #2246 ) ;
#93 = CARTESIAN_POINT ( 'NONE',  ( -83.62992812287433253, 22.94354957212361512, -10.30265014718177063 ) ) ;
#94 = CARTESIAN_POINT ( 'NONE',  ( 61.25106796418529598, 41.23602131708788932, -10.51941473275484107 ) ) ;
#95 = EDGE_CURVE ( 'NONE', #1945, #984, #2121, .T. ) ;
#96 = DIRECTION ( 'NONE',  ( 0.6054826775597471622, 0.7958584843897056338, 4.050324036854581322E-17 ) ) ;
#97 = VERTEX_POINT ( 'NONE', #530 ) ;
#98 = AXIS2_PLACEMENT_3D ( 'NONE', #105, #1855, #1268 ) ;
#99 = CARTESIAN_POINT ( 'NONE',  ( -45.85664508768635272, 29.68737463675653743, -9.521571041563204219 ) ) ;
#100 = DIRECTION ( 'NONE',  ( -1.000000000000000000, -2.775557561562890957E-15, 0.000000000000000000 ) ) ;
#101 = CARTESIAN_POINT ( 'NONE',  ( 76.16625202361353786, 6.628071603224999109, -8.949120160127410628 ) ) ;
#102 = EDGE_CURVE ( 'NONE', #3021, #1369, #1008, .T. ) ;
#103 = CARTESIAN_POINT ( 'NONE',  ( 54.65046706978983337, 22.99710622328160170, -8.144029192843198928 ) ) ;
#104 = ORIENTED_EDGE ( 'NONE', *, *, #1861, .T. ) ;
#105 = CARTESIAN_POINT ( 'NONE',  ( 0.3590050757018015126, -22.58095202332093976, -7.442151190589302523 ) ) ;
#106 = LINE ( 'NONE', #1288, #859 ) ;
#107 = DIRECTION ( 'NONE',  ( 3.234202562487237496E-17, 2.628696496404745679E-17, -1.000000000000000000 ) ) ;
#108 = PRODUCT_DEFINITION_FORMATION_WITH_SPECIFIED_SOURCE ( 'ANY', '', #2093, .NOT_KNOWN. ) ;
#109 = ORIENTED_EDGE ( 'NONE', *, *, #3208, .T. ) ;
#110 = DIRECTION ( 'NONE',  ( 0.7807293799359574793, 0.5939725776444789718, -0.1940572397804029570 ) ) ;
#111 = EDGE_LOOP ( 'NONE', ( #3111, #3271, #794, #1539 ) ) ;
#112 = CARTESIAN_POINT ( 'NONE',  ( 46.08084236928692690, 29.51680716398535864, -12.50492696743272347 ) ) ;
#113 = CARTESIAN_POINT ( 'NONE',  ( -76.29494013252880791, 35.12642925159834562, -12.29193109021234953 ) ) ;
#114 = CARTESIAN_POINT ( 'NONE',  ( 80.19881205454599638, 30.89717260631418938, -11.43664556905031127 ) ) ;
#115 = EDGE_CURVE ( 'NONE', #2963, #1481, #2348, .T. ) ;
#116 = EDGE_CURVE ( 'NONE', #289, #2266, #63, .T. ) ;
#117 = DIRECTION ( 'NONE',  ( 0.6054826775597450528, -0.7958584843897071881, 1.441115708636438561E-15 ) ) ;
#118 = ORIENTED_EDGE ( 'NONE', *, *, #2417, .T. ) ;
#119 = ADVANCED_FACE ( 'NONE', ( #1084 ), #3412, .F. ) ;
#120 = CARTESIAN_POINT ( 'NONE',  ( 7.682254045556316413, 44.16474310886601273, -7.667842851081460687 ) ) ;
#121 = CARTESIAN_POINT ( 'NONE',  ( -9.816079257159664451, 43.89599843476200647, -10.76432803818618744 ) ) ;
#122 = CARTESIAN_POINT ( 'NONE',  ( -9.207994194518295927, 45.99672406556037174, -11.72407253326677434 ) ) ;
#123 = CARTESIAN_POINT ( 'NONE',  ( -8.259353276893348195, 44.09882322411661448, -7.575064401004621750 ) ) ;
#124 = CARTESIAN_POINT ( 'NONE',  ( -50.69327471502898419, 31.97610382492193537, -5.721920155394681906 ) ) ;
#125 = ORIENTED_EDGE ( 'NONE', *, *, #1335, .F. ) ;
#126 = EDGE_CURVE ( 'NONE', #1290, #1927, #517, .T. ) ;
#127 = CARTESIAN_POINT ( 'NONE',  ( 77.38030277721171046, 7.720925719955805455, -8.867172018373000952 ) ) ;
#128 = PLANE ( 'NONE',  #129 ) ;
#129 = AXIS2_PLACEMENT_3D ( 'NONE', #1289, #2449, #3610 ) ;
#130 = ORIENTED_EDGE ( 'NONE', *, *, #3075, .F. ) ;
#131 = PLANE ( 'NONE',  #1487 ) ;
#132 = ORIENTED_EDGE ( 'NONE', *, *, #1544, .T. ) ;
#133 = CARTESIAN_POINT ( 'NONE',  ( 58.59444728773299715, 41.04343535756252237, -5.543353353800590355 ) ) ;
#134 = CARTESIAN_POINT ( 'NONE',  ( 46.18814352509289023, 29.43517331525849912, -3.437201879481157185 ) ) ;
#135 = CARTESIAN_POINT ( 'NONE',  ( 61.33575495244778608, 23.87939121027774192, -6.542536774656115384 ) ) ;
#136 = CARTESIAN_POINT ( 'NONE',  ( 8.688918992507284500, 46.06176491086201708, -11.38219494900689455 ) ) ;
#137 = ORIENTED_EDGE ( 'NONE', *, *, #2684, .F. ) ;
#138 = CARTESIAN_POINT ( 'NONE',  ( 9.080869956139309807, 43.99657652445798561, -10.59239230958203848 ) ) ;
#139 = CARTESIAN_POINT ( 'NONE',  ( -9.954380608744870074, 43.87615314735292316, -9.942151296515772785 ) ) ;
#140 = CIRCLE ( 'NONE', #627, 2.944999999999994955 ) ;
#141 = LINE ( 'NONE', #2463, #2556 ) ;
#142 = LINE ( 'NONE', #2772, #2928 ) ;
#143 = B_SPLINE_CURVE_WITH_KNOTS ( 'NONE', 3,
 ( #1179, #1500, #569, #2357 ),
 .UNSPECIFIED., .F., .F.,
 ( 4, 4 ),
 ( 0.000000000000000000, 0.0009072615027490683144 ),
 .UNSPECIFIED. ) ;
#144 = FACE_OUTER_BOUND ( 'NONE', #2407, .T. ) ;
#145 = ORIENTED_EDGE ( 'NONE', *, *, #1847, .T. ) ;
#146 = ADVANCED_FACE ( 'NONE', ( #1393 ), #2430, .F. ) ;
#147 = CARTESIAN_POINT ( 'NONE',  ( 81.73041148476285400, 2.394904231151794960, -2.986344401222069234 ) ) ;
#148 = CARTESIAN_POINT ( 'NONE',  ( 83.32731309217841442, 18.55865675571131490, -5.025062406817333738 ) ) ;
#149 = CIRCLE ( 'NONE', #633, 2.944999999999996732 ) ;
#150 = AXIS2_PLACEMENT_3D ( 'NONE', #3464, #854, #3190 ) ;
#151 = DIRECTION ( 'NONE',  ( -8.102374361543311308E-19, 1.064992215024941808E-18, -1.000000000000000000 ) ) ;
#152 = ORIENTED_EDGE ( 'NONE', *, *, #2697, .T. ) ;
#153 = DIRECTION ( 'NONE',  ( 0.6054826775597450528, -0.7958584843897072991, 1.441121527667732691E-15 ) ) ;
#154 = ORIENTED_EDGE ( 'NONE', *, *, #2398, .F. ) ;
#155 = CARTESIAN_POINT ( 'NONE',  ( 52.79060631967399075, 38.15294796550465151, -5.074347300670764227 ) ) ;
#156 = CARTESIAN_POINT ( 'NONE',  ( 57.36122921991875501, 26.90317813944164271, -4.807875672920700616 ) ) ;
#157 = CARTESIAN_POINT ( 'NONE',  ( 71.02447291601069423, 16.50829319503473158, -6.084701870150958314 ) ) ;
#158 = EDGE_CURVE ( 'NONE', #1415, #3691, #1295, .T. ) ;
#159 = CARTESIAN_POINT ( 'NONE',  ( 8.208740059860947014, 46.11839417146970987, -7.991334567024440894 ) ) ;
#160 = ORIENTED_EDGE ( 'NONE', *, *, #360, .T. ) ;
#161 = ORIENTED_EDGE ( 'NONE', *, *, #1218, .F. ) ;
#162 = CARTESIAN_POINT ( 'NONE',  ( 8.872567912359572873, 44.02342390054512578, -11.07512358496191496 ) ) ;
#163 = CARTESIAN_POINT ( 'NONE',  ( 69.73465249079825412, 21.07061676869522060, -6.357935961573338624 ) ) ;
#164 = CARTESIAN_POINT ( 'NONE',  ( -66.49649303296131109, 19.95314355134967244, -6.845359595192767266 ) ) ;
#165 = FACE_OUTER_BOUND ( 'NONE', #1091, .T. ) ;
#166 = ADVANCED_FACE ( 'NONE', ( #2455 ), #247, .F. ) ;
#167 = DIRECTION ( 'NONE',  ( -0.6054826775597450528, 0.7958584843897071881, -1.441115708636438561E-15 ) ) ;
#168 = EDGE_LOOP ( 'NONE', ( #1766, #2881, #1960, #2082 ) ) ;
#169 = CARTESIAN_POINT ( 'NONE',  ( 77.52549517772726517, 23.97663555826053283, -11.09824799787509164 ) ) ;
#170 = VECTOR ( 'NONE', #238, 1000.000000000000000 ) ;
#171 = LINE ( 'NONE', #1332, #1087 ) ;
#172 = EDGE_CURVE ( 'NONE', #3055, #984, #3153, .T. ) ;
#173 = CARTESIAN_POINT ( 'NONE',  ( -64.48904042386416791, 17.30251877251451376, -5.169263180476717956 ) ) ;
#174 = B_SPLINE_CURVE_WITH_KNOTS ( 'NONE', 3,
 ( #61, #3558, #1491, #379, #2649, #46, #2988, #1209 ),
 .UNSPECIFIED., .F., .F.,
 ( 4, 1, 1, 1, 1, 4 ),
 ( 0.000000000000000000, 0.02004179039284854219, 0.2956680436646315635, 0.5712942969364146473, 0.8469205502081980086, 1.000000000000000000 ),
 .UNSPECIFIED. ) ;
#175 = EDGE_LOOP ( 'NONE', ( #1644, #3597, #3418, #3059 ) ) ;
#176 = CARTESIAN_POINT ( 'NONE',  ( -58.55974569167901222, 40.80131727688583965, -5.829491946284615977 ) ) ;
#177 = ORIENTED_EDGE ( 'NONE', *, *, #360, .F. ) ;
#178 = CARTESIAN_POINT ( 'NONE',  ( 84.40843992287483388, 14.66882847093591380, -11.69698501321155426 ) ) ;
#179 = DIRECTION ( 'NONE',  ( 0.6054826775597461630, 0.7958584843897062999, -3.758525927527592285E-16 ) ) ;
#180 = CARTESIAN_POINT ( 'NONE',  ( 7.501006975873333538, 46.19542893331481537, -7.593426913830437996 ) ) ;
#181 = ORIENTED_EDGE ( 'NONE', *, *, #2187, .F. ) ;
#182 = ORIENTED_EDGE ( 'NONE', *, *, #654, .F. ) ;
#183 = ORIENTED_EDGE ( 'NONE', *, *, #2786, .T. ) ;
#184 = CARTESIAN_POINT ( 'NONE',  ( 8.817753124960002964, 44.03043756874606629, -11.17890694178705502 ) ) ;
#185 = CARTESIAN_POINT ( 'NONE',  ( -9.022858473158610337, 44.00425261304398816, -11.89582861704814221 ) ) ;
#186 = FACE_OUTER_BOUND ( 'NONE', #830, .T. ) ;
#187 = CARTESIAN_POINT ( 'NONE',  ( 71.37457364178379748, 10.10074214985917251, -5.630875207076177169 ) ) ;
#188 = VERTEX_POINT ( 'NONE', #624 ) ;
#189 = CARTESIAN_POINT ( 'NONE',  ( 6.847689938617340211, 46.26012575071615629, -12.43918793706954773 ) ) ;
#190 = CARTESIAN_POINT ( 'NONE',  ( -61.86305559224143735, 46.48254154740384791, -5.736358931347303347 ) ) ;
#191 = CARTESIAN_POINT ( 'NONE',  ( -50.50447192783742167, 27.94186501757596375, -4.364026276786646896 ) ) ;
#192 = CARTESIAN_POINT ( 'NONE',  ( -58.29396621781449284, 40.73947799862414598, -5.808406244012089381 ) ) ;
#193 = AXIS2_PLACEMENT_3D ( 'NONE', #1948, #2813, #2577 ) ;
#194 = ORIENTED_EDGE ( 'NONE', *, *, #3171, .F. ) ;
#195 = CARTESIAN_POINT ( 'NONE',  ( 75.99055532714469052, 6.761740224346661776, -3.193022508662059611 ) ) ;
#196 = VECTOR ( 'NONE', #72, 1000.000000000000000 ) ;
#197 = CARTESIAN_POINT ( 'NONE',  ( 7.787821570444224406, 46.16531418513724105, -7.709875954912258855 ) ) ;
#198 = ORIENTED_EDGE ( 'NONE', *, *, #1601, .F. ) ;
#199 = ORIENTED_EDGE ( 'NONE', *, *, #3427, .F. ) ;
#200 = EDGE_LOOP ( 'NONE', ( #272, #3674, #219, #2369 ) ) ;
#201 = CARTESIAN_POINT ( 'NONE',  ( 9.005797827777000109, 44.00623752408399270, -9.121472800179645901 ) ) ;
#202 = SURFACE_STYLE_FILL_AREA ( #1014 ) ;
#203 = ADVANCED_FACE ( 'NONE', ( #349 ), #889, .F. ) ;
#204 = ADVANCED_FACE ( 'NONE', ( #2657 ), #2316, .F. ) ;
#205 = CARTESIAN_POINT ( 'NONE',  ( 51.06169362972778458, 36.41143989923601509, -9.210915162556416291 ) ) ;
#206 = CARTESIAN_POINT ( 'NONE',  ( -83.09460359522380202, 2.125259732664237067, 1.637145280453111695E-13 ) ) ;
#207 = VERTEX_POINT ( 'NONE', #1517 ) ;
#208 = CARTESIAN_POINT ( 'NONE',  ( 80.94040688565358721, 2.995933320286913393, -4.771664821934748169 ) ) ;
#209 = CARTESIAN_POINT ( 'NONE',  ( -57.70753130027490130, 20.49851707287918501, -6.795268410735872067 ) ) ;
#210 = CARTESIAN_POINT ( 'NONE',  ( -64.48904042386416791, 17.30251877251451376, -5.169263180476717956 ) ) ;
#211 = VECTOR ( 'NONE', #1924, 1000.000000000000000 ) ;
#212 = CARTESIAN_POINT ( 'NONE',  ( -59.09672769835783868, 40.90993038679365412, -5.872659872278469528 ) ) ;
#213 = ADVANCED_FACE ( 'NONE', ( #2032 ), #1727, .F. ) ;
#214 = CARTESIAN_POINT ( 'NONE',  ( -53.47287015804157306, 23.89301239906223984, -11.54719355638028944 ) ) ;
#215 = CARTESIAN_POINT ( 'NONE',  ( 8.217594374137664914, 46.11751624203308353, -11.89137835904767471 ) ) ;
#216 = ORIENTED_EDGE ( 'NONE', *, *, #609, .F. ) ;
#217 = EDGE_LOOP ( 'NONE', ( #2842, #320, #3389, #2147 ) ) ;
#218 = EDGE_CURVE ( 'NONE', #749, #2294, #2049, .T. ) ;
#219 = ORIENTED_EDGE ( 'NONE', *, *, #3415, .F. ) ;
#220 = CARTESIAN_POINT ( 'NONE',  ( 75.78050619861890880, 7.354396898203219735, -12.84654078410791378 ) ) ;
#221 = CARTESIAN_POINT ( 'NONE',  ( 78.86659804555348785, 10.54206802519777675, -3.193022508662061387 ) ) ;
#222 = CARTESIAN_POINT ( 'NONE',  ( 89.51282039311095673, 25.44682482903980514, -4.914316675827706149 ) ) ;
#223 = EDGE_LOOP ( 'NONE', ( #1650, #250, #3381, #37, #3254, #731, #2740, #1176 ) ) ;
#224 = CARTESIAN_POINT ( 'NONE',  ( 76.35852476137149836, 6.481792064383658847, -11.69624421432003558 ) ) ;
#225 = CARTESIAN_POINT ( 'NONE',  ( 6.726619696280939031, 44.26271512579992873, -12.44215119058930163 ) ) ;
#226 = DIRECTION ( 'NONE',  ( 3.234202562487237496E-17, 2.628696496404745679E-17, -1.000000000000000000 ) ) ;
#227 = VECTOR ( 'NONE', #3722, 1000.000000000000000 ) ;
#228 = CARTESIAN_POINT ( 'NONE',  ( 62.02188307138737855, 23.35739050443222453, -6.555548380467413061 ) ) ;
#229 = AXIS2_PLACEMENT_3D ( 'NONE', #1499, #2083, #2958 ) ;
#230 = CARTESIAN_POINT ( 'NONE',  ( 54.65046706978984048, 22.99710622328159104, -8.144029192843197151 ) ) ;
#231 = DIRECTION ( 'NONE',  ( -0.01627792766265308971, 0.01238411529138302297, 0.9997908094993968042 ) ) ;
#232 = EDGE_LOOP ( 'NONE', ( #574, #597, #251, #2235 ) ) ;
#233 = ORIENTED_EDGE ( 'NONE', *, *, #394, .F. ) ;
#234 = DIRECTION ( 'NONE',  ( 1.498801083243961330E-15, -1.000000000000000000, -2.628696496404741057E-17 ) ) ;
#235 = ORIENTED_EDGE ( 'NONE', *, *, #609, .T. ) ;
#236 = VECTOR ( 'NONE', #1082, 1000.000000000000000 ) ;
#237 = CARTESIAN_POINT ( 'NONE',  ( -46.12352704160198158, 30.11424907304799348, -5.381786634145597326 ) ) ;
#238 = DIRECTION ( 'NONE',  ( -0.6054826775597450528, 0.7958584843897071881, -1.441115708636438561E-15 ) ) ;
#239 = CARTESIAN_POINT ( 'NONE',  ( -53.47049142970166002, 23.89482211628293840, -12.23730525707197891 ) ) ;
#240 = CARTESIAN_POINT ( 'NONE',  ( 75.46822323863635518, 6.986326751254272160, -4.914316675827698155 ) ) ;
#241 = ORIENTED_EDGE ( 'NONE', *, *, #32, .F. ) ;
#242 = CARTESIAN_POINT ( 'NONE',  ( 59.46006151312090537, 25.30640356008737157, -6.479555672206510408 ) ) ;
#243 = EDGE_CURVE ( 'NONE', #1369, #3021, #2419, .T. ) ;
#244 = CARTESIAN_POINT ( 'NONE',  ( 7.787743384688694093, 44.15333759864600438, -12.17446797329530561 ) ) ;
#245 = DIRECTION ( 'NONE',  ( 3.234202562487237496E-17, 2.628696496404745679E-17, -1.000000000000000000 ) ) ;
#246 = LINE ( 'NONE', #903, #2112 ) ;
#247 = PLANE ( 'NONE',  #2167 ) ;
#248 = DIRECTION ( 'NONE',  ( 0.6054826775597461630, 0.7958584843897062999, -3.758525927527592285E-16 ) ) ;
#249 = DIRECTION ( 'NONE',  ( -0.7958510202638121589, -0.6054769989133255148, -0.004330973558233052779 ) ) ;
#250 = ORIENTED_EDGE ( 'NONE', *, *, #1545, .T. ) ;
#251 = ORIENTED_EDGE ( 'NONE', *, *, #1601, .T. ) ;
#252 = VECTOR ( 'NONE', #66, 1000.000000000000000 ) ;
#253 = VECTOR ( 'NONE', #3478, 1000.000000000000000 ) ;
#254 = CARTESIAN_POINT ( 'NONE',  ( 62.35319457528981957, 17.13693363478470388, -11.98480829302354955 ) ) ;
#255 = VERTEX_POINT ( 'NONE', #2602 ) ;
#256 = CARTESIAN_POINT ( 'NONE',  ( -52.57213311402145450, 24.57828583383471255, -11.37208010431411864 ) ) ;
#257 = LINE ( 'NONE', #1133, #1826 ) ;
#258 = CARTESIAN_POINT ( 'NONE',  ( -75.78050619861856774, 7.354396898202882227, -12.84654078410795286 ) ) ;
#259 = ORIENTED_EDGE ( 'NONE', *, *, #1768, .F. ) ;
#260 = DIRECTION ( 'NONE',  ( 0.6054826775597467181, -0.7958584843897060779, -1.338167822438446542E-18 ) ) ;
#261 = CARTESIAN_POINT ( 'NONE',  ( -76.07808536507900499, 24.60034137861115511, -8.309396687639168277 ) ) ;
#262 = LINE ( 'NONE', #2314, #914 ) ;
#263 = CARTESIAN_POINT ( 'NONE',  ( -80.04011679223972919, 1.173799957589157783, -4.203665663907253602 ) ) ;
#264 = EDGE_CURVE ( 'NONE', #1643, #3230, #3140, .T. ) ;
#265 = CARTESIAN_POINT ( 'NONE',  ( -74.84787023820496188, 7.631085768598993013, -9.692794909853009955 ) ) ;
#266 = DIRECTION ( 'NONE',  ( 0.7958584843897062999, -0.6054826775597461630, 9.823373564553280866E-18 ) ) ;
#267 = FACE_OUTER_BOUND ( 'NONE', #1184, .T. ) ;
#268 = EDGE_LOOP ( 'NONE', ( #497, #2785, #2647, #3401 ) ) ;
#269 = CARTESIAN_POINT ( 'NONE',  ( 68.66728360502816031, 12.33322593163912018, -16.25243526347868794 ) ) ;
#270 = EDGE_CURVE ( 'NONE', #2320, #3055, #2102, .T. ) ;
#271 = ADVANCED_FACE ( 'NONE', ( #3480 ), #643, .T. ) ;
#272 = ORIENTED_EDGE ( 'NONE', *, *, #3631, .T. ) ;
#273 = CARTESIAN_POINT ( 'NONE',  ( 46.18814352509289733, 29.43517331525850267, -3.437201879481157185 ) ) ;
#274 = B_SPLINE_CURVE_WITH_KNOTS ( 'NONE', 3,
 ( #1328, #3492, #880, #576, #2919 ),
 .UNSPECIFIED., .F., .F.,
 ( 4, 1, 4 ),
 ( 0.6301191500513886323, 0.7381199087244852963, 0.7462820650846766490 ),
 .UNSPECIFIED. ) ;
#275 = CARTESIAN_POINT ( 'NONE',  ( 4.538036613155327359E-12, 44.56431237306189530, -7.442151190589300747 ) ) ;
#276 = CARTESIAN_POINT ( 'NONE',  ( -72.05492779595164166, 15.72433148318737750, -6.321011284777730665 ) ) ;
#277 = ORIENTED_EDGE ( 'NONE', *, *, #1998, .F. ) ;
#278 = LINE ( 'NONE', #814, #1959 ) ;
#279 = PLANE ( 'NONE',  #2105 ) ;
#280 = PLANE ( 'NONE',  #2500 ) ;
#281 = EDGE_CURVE ( 'NONE', #2015, #3682, #1803, .T. ) ;
#282 = CARTESIAN_POINT ( 'NONE',  ( -63.69864785340137558, 25.66276012244411930, -3.083952910082008891 ) ) ;
#283 = DIRECTION ( 'NONE',  ( 0.7958584843897056338, -0.6054826775597471622, 0.000000000000000000 ) ) ;
#284 = EDGE_CURVE ( 'NONE', #2156, #2233, #1216, .T. ) ;
#285 = VECTOR ( 'NONE', #636, 1000.000000000000000 ) ;
#286 = DIRECTION ( 'NONE',  ( -0.5815903076701760543, 0.8134818461552228985, 2.574160154924740636E-18 ) ) ;
#287 = CARTESIAN_POINT ( 'NONE',  ( -67.44995720985262722, 13.25935797605782795, -8.309396687639146961 ) ) ;
#288 = VECTOR ( 'NONE', #565, 1000.000000000000000 ) ;
#289 = VERTEX_POINT ( 'NONE', #2910 ) ;
#290 = VECTOR ( 'NONE', #15, 1000.000000000000000 ) ;
#291 = CARTESIAN_POINT ( 'NONE',  ( -72.43432908319172725, 23.86724562815351902, -6.684310710024182534 ) ) ;
#292 = ORIENTED_EDGE ( 'NONE', *, *, #2413, .F. ) ;
#293 = B_SPLINE_CURVE_WITH_KNOTS ( 'NONE', 3,
 ( #3529, #917, #1241, #2380, #2951, #2078, #1512, #935, #3274, #3241, #2136 ),
 .UNSPECIFIED., .F., .F.,
 ( 4, 1, 1, 1, 1, 1, 1, 1, 4 ),
 ( 0.04873249857047167594, 0.1635537196282702554, 0.2783749406860688280, 0.5080173828016658621, 0.6228386038594643237, 0.7376598249172628963, 0.8524810459750614688, 0.9098916565039606441, 0.9673022670328599304 ),
 .UNSPECIFIED. ) ;
#294 = CARTESIAN_POINT ( 'NONE',  ( -89.55809339003278069, 25.39598846173637270, -9.419383343254878582 ) ) ;
#295 = CARTESIAN_POINT ( 'NONE',  ( 74.34734200424408357, 5.498874002321636922, -12.68994493323885386 ) ) ;
#296 = CARTESIAN_POINT ( 'NONE',  ( -59.65542861916678419, 41.02117983831551129, -10.50149821397741512 ) ) ;
#297 = EDGE_LOOP ( 'NONE', ( #1362, #2787, #1470, #3321, #787, #2767 ) ) ;
#298 = DIRECTION ( 'NONE',  ( -0.6054826775597466071, 0.7958584843897059669, 1.338167822438455401E-18 ) ) ;
#299 = CARTESIAN_POINT ( 'NONE',  ( 8.389357070670975247, 44.08336210007348654, -11.73177283153211192 ) ) ;
#300 = CARTESIAN_POINT ( 'NONE',  ( 61.52437781778502313, 35.67268399604729723, -6.190928029266549615 ) ) ;
#301 = FACE_OUTER_BOUND ( 'NONE', #1466, .T. ) ;
#302 = ORIENTED_EDGE ( 'NONE', *, *, #115, .F. ) ;
#303 = DIRECTION ( 'NONE',  ( 0.7634233966492658396, 0.5808063259756715002, -0.2825751743432880492 ) ) ;
#304 = CARTESIAN_POINT ( 'NONE',  ( -39.41059822890730402, 32.04128234786771401, -2.429240079244840803E-15 ) ) ;
#305 = DIRECTION ( 'NONE',  ( 0.003446842051988320207, 0.002622329466478148276, -0.9999906212900387947 ) ) ;
#306 = ORIENTED_EDGE ( 'NONE', *, *, #3386, .T. ) ;
#307 = FACE_BOUND ( 'NONE', #2460, .T. ) ;
#308 = EDGE_CURVE ( 'NONE', #1380, #3021, #1203, .T. ) ;
#309 = VERTEX_POINT ( 'NONE', #905 ) ;
#310 = CARTESIAN_POINT ( 'NONE',  ( 46.51106317902345211, 29.18949866262413906, -9.419075085623378030 ) ) ;
#311 = CARTESIAN_POINT ( 'NONE',  ( -58.08034602902919374, 29.93711856516182479, -9.862327531508150003 ) ) ;
#312 = CARTESIAN_POINT ( 'NONE',  ( -82.83528310499755776, 25.94049707969241680, -10.88069563322871680 ) ) ;
#313 = EDGE_LOOP ( 'NONE', ( #3337, #2803, #1051, #683 ) ) ;
#314 = AXIS2_PLACEMENT_3D ( 'NONE', #2292, #3200, #2325 ) ;
#315 = CARTESIAN_POINT ( 'NONE',  ( -40.57377884424766279, 33.66824604017816824, -2.424091758934991226E-15 ) ) ;
#316 = ADVANCED_FACE ( 'NONE', ( #3231 ), #2943, .F. ) ;
#317 = CARTESIAN_POINT ( 'NONE',  ( 71.85416618211496598, 28.29133664261072312, -6.474965245878429698 ) ) ;
#318 = DIRECTION ( 'NONE',  ( 0.6054826775597450528, -0.7958584843897071881, 1.441115708636438561E-15 ) ) ;
#319 = LINE ( 'NONE', #1725, #2725 ) ;
#320 = ORIENTED_EDGE ( 'NONE', *, *, #3075, .T. ) ;
#321 = CARTESIAN_POINT ( 'NONE',  ( -75.09023304215274663, 7.446698113816729858, -9.609795940988041352 ) ) ;
#322 = LINE ( 'NONE', #2643, #68 ) ;
#323 = LINE ( 'NONE', #3282, #382 ) ;
#324 = VECTOR ( 'NONE', #2598, 1000.000000000000000 ) ;
#325 = ORIENTED_EDGE ( 'NONE', *, *, #1279, .F. ) ;
#326 = FACE_OUTER_BOUND ( 'NONE', #3556, .T. ) ;
#327 = EDGE_CURVE ( 'NONE', #3735, #188, #3302, .T. ) ;
#328 = LINE ( 'NONE', #2967, #3081 ) ;
#329 = AXIS2_PLACEMENT_3D ( 'NONE', #3155, #1161, #2892 ) ;
#330 = AXIS2_PLACEMENT_3D ( 'NONE', #2531, #248, #2859 ) ;
#331 = CARTESIAN_POINT ( 'NONE',  ( 74.95736377932357186, 38.95223166172826978, -4.559261023401933066 ) ) ;
#332 = DIRECTION ( 'NONE',  ( -0.7862880235176032961, 0.5982015485801823740, -0.1546158185602384272 ) ) ;
#333 = DIRECTION ( 'NONE',  ( 0.6054826775597461630, 0.7958584843897062999, -3.758525927527592285E-16 ) ) ;
#334 = DIRECTION ( 'NONE',  ( 0.01627792766265308971, -0.01238411529138302297, -0.9997908094993968042 ) ) ;
#335 = CARTESIAN_POINT ( 'NONE',  ( 79.06532752785405194, 10.39087624749663874, -4.788601600785080237 ) ) ;
#336 = ORIENTED_EDGE ( 'NONE', *, *, #3210, .T. ) ;
#337 = DIRECTION ( 'NONE',  ( 0.6054826775597461630, 0.7958584843897062999, -3.758525927527592778E-16 ) ) ;
#338 = CARTESIAN_POINT ( 'NONE',  ( 77.44254652650566584, 24.03974221908872977, -6.003539330434163546 ) ) ;
#339 = CARTESIAN_POINT ( 'NONE',  ( -79.74422806945202069, 3.921322699636588638, -7.053063557290657926 ) ) ;
#340 = EDGE_LOOP ( 'NONE', ( #2269, #1537, #373, #612 ) ) ;
#341 = DIRECTION ( 'NONE',  ( 0.8134818461552230096, 0.5815903076701761654, 4.159789475487621293E-17 ) ) ;
#342 = CARTESIAN_POINT ( 'NONE',  ( 83.34408163424068050, 23.88658604327519086, -10.14006884101640438 ) ) ;
#343 = LINE ( 'NONE', #1509, #3199 ) ;
#344 = CARTESIAN_POINT ( 'NONE',  ( 52.30715413463451569, 24.77987969138911595, -8.204264144039671081 ) ) ;
#345 = FACE_OUTER_BOUND ( 'NONE', #1147, .T. ) ;
#346 = CARTESIAN_POINT ( 'NONE',  ( -9.345068446081446822, 45.97902728589186694, -11.58752036272863073 ) ) ;
#347 = CARTESIAN_POINT ( 'NONE',  ( -8.303081132422516220, 44.09366486742329272, -7.590202973623325633 ) ) ;
#348 = ORIENTED_EDGE ( 'NONE', *, *, #1357, .F. ) ;
#349 = FACE_OUTER_BOUND ( 'NONE', #297, .T. ) ;
#350 =( GEOMETRIC_REPRESENTATION_CONTEXT ( 3 ) GLOBAL_UNCERTAINTY_ASSIGNED_CONTEXT ( ( #3313 ) ) GLOBAL_UNIT_ASSIGNED_CONTEXT ( ( #55, #1248, #2033 ) ) REPRESENTATION_CONTEXT ( 'NONE', 'WORKASPACE' ) );
#351 = CARTESIAN_POINT ( 'NONE',  ( -52.13976777399172846, 26.69774520613596991, -4.592698640227386164 ) ) ;
#352 = CARTESIAN_POINT ( 'NONE',  ( 76.55217636938328951, 34.88692772378576024, -6.485645553820896581 ) ) ;
#353 = CARTESIAN_POINT ( 'NONE',  ( -73.06799573616844157, 9.030271378607388044, -15.33989484640807888 ) ) ;
#354 = EDGE_LOOP ( 'NONE', ( #2073, #1731, #922, #2932, #2947, #2497 ) ) ;
#355 = CARTESIAN_POINT ( 'NONE',  ( -48.92515594847770899, 33.32127423651345310, -3.791355372765903731 ) ) ;
#356 = ADVANCED_FACE ( 'NONE', ( #3015 ), #1534, .F. ) ;
#357 = ORIENTED_EDGE ( 'NONE', *, *, #3188, .F. ) ;
#358 = CARTESIAN_POINT ( 'NONE',  ( 56.70629167668791126, 40.36210138053420593, -9.776654464098468722 ) ) ;
#359 = CARTESIAN_POINT ( 'NONE',  ( 52.36918608357088090, 24.73268628794748025, -11.11911894153328362 ) ) ;
#360 = EDGE_CURVE ( 'NONE', #3378, #805, #3510, .T. ) ;
#361 = CARTESIAN_POINT ( 'NONE',  ( 73.26863755085379637, 10.62307251339379910, -3.838399177310837018 ) ) ;
#362 = DIRECTION ( 'NONE',  ( 0.9998674854335258821, 0.000000000000000000, 0.01627917604911313307 ) ) ;
#363 = CARTESIAN_POINT ( 'NONE',  ( 73.40618536035941588, 8.727907926251711856, -9.845545617452186704 ) ) ;
#364 = VECTOR ( 'NONE', #566, 1000.000000000000000 ) ;
#365 = CARTESIAN_POINT ( 'NONE',  ( -9.097812105113105119, 43.99425274752089621, -8.057795326215376974 ) ) ;
#366 = ORIENTED_EDGE ( 'NONE', *, *, #3756, .T. ) ;
#367 = VECTOR ( 'NONE', #3277, 1000.000000000000000 ) ;
#368 = CARTESIAN_POINT ( 'NONE',  ( -9.939166473623034292, 45.89847008891690905, -9.620733823377838334 ) ) ;
#369 = EDGE_CURVE ( 'NONE', #1069, #730, #678, .T. ) ;
#370 = CARTESIAN_POINT ( 'NONE',  ( 81.83088034615701645, 28.07922950713188825, -5.901127264172091991 ) ) ;
#371 = VECTOR ( 'NONE', #384, 1000.000000000000114 ) ;
#372 = CARTESIAN_POINT ( 'NONE',  ( -77.71008299743398595, 5.482473601307711775, -10.03180459231605148 ) ) ;
#373 = ORIENTED_EDGE ( 'NONE', *, *, #2140, .F. ) ;
#374 = FACE_OUTER_BOUND ( 'NONE', #1616, .T. ) ;
#375 = ORIENTED_EDGE ( 'NONE', *, *, #1659, .F. ) ;
#376 = CARTESIAN_POINT ( 'NONE',  ( -75.48631359883222558, 35.80892098564852688, -12.31741622546549841 ) ) ;
#377 = CARTESIAN_POINT ( 'NONE',  ( 83.54019125513971744, 19.24176182864791329, -9.415711662217450595 ) ) ;
#378 = VECTOR ( 'NONE', #1390, 1000.000000000000114 ) ;
#379 = CARTESIAN_POINT ( 'NONE',  ( -54.79013684887162583, 24.68136591829007997, -6.523787832127462494 ) ) ;
#380 = EDGE_CURVE ( 'NONE', #1580, #3286, #1683, .T. ) ;
#381 = CARTESIAN_POINT ( 'NONE',  ( 61.90696534101186899, 19.26694054534240763, -4.947054758379697326 ) ) ;
#382 = VECTOR ( 'NONE', #1201, 1000.000000000000114 ) ;
#383 = CARTESIAN_POINT ( 'NONE',  ( -9.274376578267776949, 45.98811905920882737, -8.227839398152461570 ) ) ;
#384 = DIRECTION ( 'NONE',  ( 0.1230523110220249072, -0.09361719981494541487, -0.9879746700452129993 ) ) ;
#385 = CARTESIAN_POINT ( 'NONE',  ( -8.954591748077639579, 44.01300137928942036, -7.940560438943117028 ) ) ;
#386 = FACE_OUTER_BOUND ( 'NONE', #524, .T. ) ;
#387 = ORIENTED_EDGE ( 'NONE', *, *, #1847, .F. ) ;
#388 = DIRECTION ( 'NONE',  ( 0.6054826775597461630, 0.7958584843897062999, 4.050324036854577624E-17 ) ) ;
#389 = CARTESIAN_POINT ( 'NONE',  ( 83.54270819680739635, 21.53043996194386978, -5.257610401992919513 ) ) ;
#390 = EDGE_CURVE ( 'NONE', #2570, #2474, #2426, .T. ) ;
#391 = CARTESIAN_POINT ( 'NONE',  ( -68.68398554728916849, 12.34776241919541917, -18.94047556384830600 ) ) ;
#392 = ADVANCED_FACE ( 'NONE', ( #2143 ), #409, .T. ) ;
#393 = VERTEX_POINT ( 'NONE', #658 ) ;
#394 = EDGE_CURVE ( 'NONE', #2491, #2520, #1240, .T. ) ;
#395 = CARTESIAN_POINT ( 'NONE',  ( 59.28468989049777349, 19.47142710202120597, -5.016907577792335537 ) ) ;
#396 = CARTESIAN_POINT ( 'NONE',  ( 65.10530240715748107, 40.88797407967540920, -6.165063108505005829 ) ) ;
#397 = CARTESIAN_POINT ( 'NONE',  ( -59.14507474937114040, 40.94035499615520024, -10.42183123312075743 ) ) ;
#398 = CARTESIAN_POINT ( 'NONE',  ( 73.41579485131344995, 37.31685962099985687, -12.02607056565180521 ) ) ;
#399 = CARTESIAN_POINT ( 'NONE',  ( 9.143542086445213712, 46.00506459612369525, -9.622327612263109842 ) ) ;
#400 = ORIENTED_EDGE ( 'NONE', *, *, #1545, .F. ) ;
#401 = CLOSED_SHELL ( 'NONE', ( #1070, #2840, #2627, #2242, #1382, #403, #3249, #1992, #420, #797, #2976, #1665, #2807, #204, #1160, #1979, #2305, #2630, #2865, #2226, #1834, #3755, #604, #213, #2101, #491, #1561, #938, #3642, #514, #2295, #3490, #2952, #2058, #563 ) ) ;
#402 = AXIS2_PLACEMENT_3D ( 'NONE', #3295, #3641, #2441 ) ;
#403 = ADVANCED_FACE ( 'NONE', ( #1547 ), #1799, .F. ) ;
#404 = DIRECTION ( 'NONE',  ( -0.7685155864210017063, 0.5846804226374661129, -0.2598703461583448115 ) ) ;
#405 = CARTESIAN_POINT ( 'NONE',  ( 65.21214694993797423, 32.86705916178997455, -6.479555672205558281 ) ) ;
#406 = CARTESIAN_POINT ( 'NONE',  ( -9.954491443804167616, 43.87619301428183860, -9.622776193337704953 ) ) ;
#407 = CARTESIAN_POINT ( 'NONE',  ( -45.67398953634975101, 29.52336802745263000, -5.381786634145596437 ) ) ;
#408 = VERTEX_POINT ( 'NONE', #317 ) ;
#409 = PLANE ( 'NONE',  #3451 ) ;
#410 = CARTESIAN_POINT ( 'NONE',  ( 72.14070138786360076, 28.56381377645984188, -9.557505289952601402 ) ) ;
#411 = CARTESIAN_POINT ( 'NONE',  ( -67.92353566748984406, 31.28172844614725889, -12.26775200080488659 ) ) ;
#412 = ORIENTED_EDGE ( 'NONE', *, *, #722, .F. ) ;
#413 = CARTESIAN_POINT ( 'NONE',  ( -46.35142211742370932, 29.31095228700906929, -9.678173425083796744 ) ) ;
#414 = VERTEX_POINT ( 'NONE', #2421 ) ;
#415 = CARTESIAN_POINT ( 'NONE',  ( -64.48347020765079662, 17.30675654781451911, -6.785282681105459623 ) ) ;
#416 = CARTESIAN_POINT ( 'NONE',  ( -0.3590050757020513128, -22.58095202332092555, -7.442151190589302523 ) ) ;
#417 = CARTESIAN_POINT ( 'NONE',  ( 63.95139803233499975, 21.88943117766567781, -6.561676997074261664 ) ) ;
#418 = CARTESIAN_POINT ( 'NONE',  ( 7.948084331793803692, 46.14782135047286005, -7.803171442351651166 ) ) ;
#419 = VERTEX_POINT ( 'NONE', #2669 ) ;
#420 = ADVANCED_FACE ( 'NONE', ( #1477 ), #957, .F. ) ;
#421 = CARTESIAN_POINT ( 'NONE',  ( 7.624466967246221749, 44.17104050605868082, -7.642561257988064405 ) ) ;
#422 = CARTESIAN_POINT ( 'NONE',  ( -9.705677692807451962, 43.91158482147109510, -11.03967248649403565 ) ) ;
#423 = CARTESIAN_POINT ( 'NONE',  ( -78.47688023023535209, 9.302968773192048957, -4.955972769127242827 ) ) ;
#424 = DIRECTION ( 'NONE',  ( 0.5815903076701776087, 0.8134818461552218993, 4.019377742261725386E-17 ) ) ;
#425 = CARTESIAN_POINT ( 'NONE',  ( 73.24152556998400598, 18.40261618379745201, -9.413718632257786822 ) ) ;
#426 = ORIENTED_EDGE ( 'NONE', *, *, #871, .T. ) ;
#427 = CARTESIAN_POINT ( 'NONE',  ( 7.642070840214926442, 46.18064915364458756, -12.23420558025196492 ) ) ;
#428 = VECTOR ( 'NONE', #1851, 1000.000000000000114 ) ;
#429 = VECTOR ( 'NONE', #2162, 1000.000000000000227 ) ;
#430 = CARTESIAN_POINT ( 'NONE',  ( 80.78319670666927266, 29.97795245541664144, -6.092767914840215404 ) ) ;
#431 = DIRECTION ( 'NONE',  ( 0.6054826775597471622, 0.7958584843897056338, 4.050324036854581322E-17 ) ) ;
#432 = VERTEX_POINT ( 'NONE', #2953 ) ;
#433 = CARTESIAN_POINT ( 'NONE',  ( 68.01577304765496024, 12.82888987752175680, -4.477598790814971252 ) ) ;
#434 = ORIENTED_EDGE ( 'NONE', *, *, #126, .T. ) ;
#435 = CARTESIAN_POINT ( 'NONE',  ( 45.95727982317418991, 29.61081254651741901, -4.915711647027497300 ) ) ;
#436 = CARTESIAN_POINT ( 'NONE',  ( -45.87088349836106715, 29.67654216944153944, -5.390753059308000417 ) ) ;
#437 = CARTESIAN_POINT ( 'NONE',  ( 45.73744788774720860, 29.47508942859111158, -5.009085012333940767 ) ) ;
#438 = CARTESIAN_POINT ( 'NONE',  ( 8.872639272592712345, 46.03920958385533169, -8.809319174436261335 ) ) ;
#439 = EDGE_LOOP ( 'NONE', ( #434, #426, #876, #2778 ) ) ;
#440 = ORIENTED_EDGE ( 'NONE', *, *, #3100, .F. ) ;
#441 = ADVANCED_FACE ( 'NONE', ( #345 ), #3261, .T. ) ;
#442 = CARTESIAN_POINT ( 'NONE',  ( 8.937325330247885447, 44.01508925749174495, -10.93679556296287281 ) ) ;
#443 = CARTESIAN_POINT ( 'NONE',  ( -9.871746755223858472, 43.88808811426648759, -10.58542038273537855 ) ) ;
#444 = CARTESIAN_POINT ( 'NONE',  ( -66.49670011053726171, 19.95298600841006120, -6.785282681105465841 ) ) ;
#445 = CARTESIAN_POINT ( 'NONE',  ( 52.30914690208628315, 37.58709545658513917, -9.288779410278248605 ) ) ;
#446 = CARTESIAN_POINT ( 'NONE',  ( -67.44995720985259879, 13.25935797605780309, -8.309396687639146961 ) ) ;
#447 = ORIENTED_EDGE ( 'NONE', *, *, #722, .T. ) ;
#448 = DIRECTION ( 'NONE',  ( 0.7958510202638110487, 0.6054769989133268471, 0.004330973558233296508 ) ) ;
#449 = DIRECTION ( 'NONE',  ( 0.6054826775597461630, 0.7958584843897062999, -3.758525927527592285E-16 ) ) ;
#450 = VECTOR ( 'NONE', #1938, 1000.000000000000000 ) ;
#451 = AXIS2_PLACEMENT_3D ( 'NONE', #2587, #3233, #3763 ) ;
#452 = DIRECTION ( 'NONE',  ( -0.6054826775597464961, 0.7958584843897059669, 0.000000000000000000 ) ) ;
#453 = VERTEX_POINT ( 'NONE', #1781 ) ;
#454 = CARTESIAN_POINT ( 'NONE',  ( 73.94043226535143276, 8.321457215657572348, -3.583719096550538552 ) ) ;
#455 = ORIENTED_EDGE ( 'NONE', *, *, #1347, .T. ) ;
#456 = CARTESIAN_POINT ( 'NONE',  ( 85.31094533949104175, 26.99313211568983206, -4.242557052694705177 ) ) ;
#457 = DIRECTION ( 'NONE',  ( 0.5815903076701761654, -0.8134818461552228985, 0.000000000000000000 ) ) ;
#458 = CARTESIAN_POINT ( 'NONE',  ( 9.081231198765983947, 46.01302038600078959, -10.50349779349202883 ) ) ;
#459 = VERTEX_POINT ( 'NONE', #2115 ) ;
#460 = ORIENTED_EDGE ( 'NONE', *, *, #1347, .F. ) ;
#461 = ORIENTED_EDGE ( 'NONE', *, *, #3756, .F. ) ;
#462 = CARTESIAN_POINT ( 'NONE',  ( 8.464592756635399340, 44.07424957786499675, -8.228920340764972252 ) ) ;
#463 = CARTESIAN_POINT ( 'NONE',  ( -9.235847137412569907, 43.97591981137636452, -11.69623286593597200 ) ) ;
#464 = FACE_OUTER_BOUND ( 'NONE', #3550, .T. ) ;
#465 = CARTESIAN_POINT ( 'NONE',  ( 75.79235391455686965, 12.88092801653852426, -3.755429815259725856 ) ) ;
#466 = CARTESIAN_POINT ( 'NONE',  ( -49.42044280169523063, 32.94446401719883255, -5.509248129689385820 ) ) ;
#467 = ORIENTED_EDGE ( 'NONE', *, *, #585, .F. ) ;
#468 = CARTESIAN_POINT ( 'NONE',  ( -45.80130514285108490, 29.42650734702815285, -9.550264201806511366 ) ) ;
#469 = AXIS2_PLACEMENT_3D ( 'NONE', #1457, #2599, #3737 ) ;
#470 = CARTESIAN_POINT ( 'NONE',  ( -53.01049732654841762, 11.67973397003307134, -17.03687460358431238 ) ) ;
#471 = CYLINDRICAL_SURFACE ( 'NONE', #3305, 69.14622413438098647 ) ;
#472 = CARTESIAN_POINT ( 'NONE',  ( -65.06979850290794332, 40.83092457894038318, -6.365943163478665845 ) ) ;
#473 = ORIENTED_EDGE ( 'NONE', *, *, #369, .F. ) ;
#474 = CIRCLE ( 'NONE', #3338, 2.945000000000000284 ) ;
#475 = CARTESIAN_POINT ( 'NONE',  ( 49.74719628238777602, 26.72747485462602413, -4.172945469127525620 ) ) ;
#476 = EDGE_CURVE ( 'NONE', #1822, #1416, #2970, .T. ) ;
#477 = CARTESIAN_POINT ( 'NONE',  ( 9.143761062259152084, 46.00498647931002694, -10.10034513642110809 ) ) ;
#478 = ORIENTED_EDGE ( 'NONE', *, *, #1085, .T. ) ;
#479 = EDGE_CURVE ( 'NONE', #2166, #2619, #2381, .T. ) ;
#480 = ORIENTED_EDGE ( 'NONE', *, *, #2024, .F. ) ;
#481 = EDGE_LOOP ( 'NONE', ( #1028, #109, #2150, #1976, #2438, #3119, #2354, #461, #578, #1588, #3519, #145 ) ) ;
#482 = CARTESIAN_POINT ( 'NONE',  ( 8.895788289882494482, 44.02040766441644593, -8.846595110093728564 ) ) ;
#483 = CARTESIAN_POINT ( 'NONE',  ( -9.766689159590381308, 43.90297830555151393, -10.89285049043329501 ) ) ;
#484 = LINE ( 'NONE', #2465, #2439 ) ;
#485 = CARTESIAN_POINT ( 'NONE',  ( -70.32599992826141033, 17.03968577690893937, -8.309396687639154067 ) ) ;
#486 = ORIENTED_EDGE ( 'NONE', *, *, #3427, .T. ) ;
#487 = DIRECTION ( 'NONE',  ( 0.7717502576154763316, 0.5871413342370410682, 0.2442674630416281079 ) ) ;
#488 = CARTESIAN_POINT ( 'NONE',  ( 55.77229238096744268, 28.11202839434508149, -6.190928029266546062 ) ) ;
#489 = DIRECTION ( 'NONE',  ( 0.6054826775597450528, -0.7958584843897071881, 1.441115708636438561E-15 ) ) ;
#490 = B_SPLINE_CURVE_WITH_KNOTS ( 'NONE', 3,
 ( #3329, #1253, #2473, #966, #1023, #2189, #1883, #985, #2127, #2168, #3002, #724, #1839, #3287, #3308, #1862, #3022, #1291, #2451, #3040, #3134, #2492, #3413, #3430, #1939, #1991, #820, #3116, #3651, #1657, #1086, #531, #472, #2264, #2799, #2820, #3373, #1045, #212, #176, #192, #2209, #3101, #762, #1356, #1639, #1103, #1973, #1374, #1692 ),
 .UNSPECIFIED., .F., .F.,
 ( 4, 2, 2, 2, 2, 2, 2, 2, 2, 2, 2, 2, 2, 2, 2, 2, 2, 2, 2, 2, 2, 2, 2, 2, 4 ),
 ( 0.000000000000000000, 0.003260472204758735944, 0.004890708307138108037, 0.005705826358327794300, 0.006520944409517480563, 0.009781416614276184848, 0.01304188881903488827, 0.01467212492141424691, 0.01630236102379360730, 0.01956283322855232459, 0.02282330543331103495, 0.02608377763806974184, 0.02771401374044907967, 0.02934424984282842097, 0.03260472204758709663, 0.03586519425234577924, 0.03749543035472511360, 0.03912566645710445490, 0.04238613866186310974, 0.04320125671305276999, 0.04401637476424243023, 0.04564661086662175071, 0.04727684696900107120, 0.04890708307138039862, 0.05216755527613903265 ),
 .UNSPECIFIED. ) ;
#491 = ADVANCED_FACE ( 'NONE', ( #1212 ), #1495, .F. ) ;
#492 = CARTESIAN_POINT ( 'NONE',  ( -60.71298125092762632, 24.35319238939079511, -5.180594587875853030 ) ) ;
#493 = AXIS2_PLACEMENT_3D ( 'NONE', #2256, #3162, #1667 ) ;
#494 = CARTESIAN_POINT ( 'NONE',  ( 76.18928480944525461, 6.610548446645531762, -4.788601600785078460 ) ) ;
#495 = VECTOR ( 'NONE', #1937, 1000.000000000000227 ) ;
#496 = CARTESIAN_POINT ( 'NONE',  ( 8.324631130627720310, 46.10497407910272472, -11.79665341435426562 ) ) ;
#497 = ORIENTED_EDGE ( 'NONE', *, *, #1733, .T. ) ;
#498 = ORIENTED_EDGE ( 'NONE', *, *, #806, .T. ) ;
#499 = ORIENTED_EDGE ( 'NONE', *, *, #1710, .T. ) ;
#500 = CARTESIAN_POINT ( 'NONE',  ( 7.641981488116403654, 44.16913562189324693, -7.650057873849828383 ) ) ;
#501 = DIRECTION ( 'NONE',  ( -0.7958584843897062999, 0.6054826775597461630, -6.162975822039156919E-32 ) ) ;
#502 = LINE ( 'NONE', #1113, #3709 ) ;
#503 = ORIENTED_EDGE ( 'NONE', *, *, #3537, .T. ) ;
#504 = VECTOR ( 'NONE', #1456, 1000.000000000000227 ) ;
#505 = CARTESIAN_POINT ( 'NONE',  ( -75.97711260634255837, 6.771967337263595788, -9.281524435854210608 ) ) ;
#506 = LINE ( 'NONE', #1173, #2594 ) ;
#507 = CARTESIAN_POINT ( 'NONE',  ( -60.47153572755950535, 47.54119857006696748, -5.503530950926237786 ) ) ;
#508 = CARTESIAN_POINT ( 'NONE',  ( 65.15175312070117286, 16.79833232981774671, -6.434416039940776599 ) ) ;
#509 = CIRCLE ( 'NONE', #692, 2.944999999999991847 ) ;
#510 = CIRCLE ( 'NONE', #2457, 69.14622413438097226 ) ;
#511 = CARTESIAN_POINT ( 'NONE',  ( 46.25183705766468023, 16.82166786479799470, -8.144029192843198928 ) ) ;
#512 = MANIFOLD_SOLID_BREP ( 'model1', #3196 ) ;
#513 = DIRECTION ( 'NONE',  ( -0.7881697948902796069, -0.5996331849723680607, -0.1386665709625382048 ) ) ;
#514 = ADVANCED_FACE ( 'NONE', ( #693 ), #2366, .F. ) ;
#515 = ORIENTED_EDGE ( 'NONE', *, *, #1153, .T. ) ;
#516 = ORIENTED_EDGE ( 'NONE', *, *, #2114, .T. ) ;
#517 = B_SPLINE_CURVE_WITH_KNOTS ( 'NONE', 3,
 ( #2743, #1953, #2006, #3741, #1577, #3429 ),
 .UNSPECIFIED., .F., .F.,
 ( 4, 1, 1, 4 ),
 ( 0.2646525059078553843, 0.2769215387683119367, 0.3922211312573552489, 0.4318750453804813261 ),
 .UNSPECIFIED. ) ;
#518 = ORIENTED_EDGE ( 'NONE', *, *, #2010, .T. ) ;
#519 = B_SPLINE_CURVE_WITH_KNOTS ( 'NONE', 3,
 ( #2304, #2, #1238, #3527, #2966, #43 ),
 .UNSPECIFIED., .F., .F.,
 ( 4, 1, 1, 4 ),
 ( 0.2387354062047280234, 0.2672510594491587788, 0.3765117702254026644, 0.4130478808873518370 ),
 .UNSPECIFIED. ) ;
#520 = DIRECTION ( 'NONE',  ( 0.6054826775597463850, 0.7958584843897061889, -3.677613769070831040E-16 ) ) ;
#521 = CARTESIAN_POINT ( 'NONE',  ( 69.93498482407721895, 25.76872646153551472, -6.474965245878482101 ) ) ;
#522 = CARTESIAN_POINT ( 'NONE',  ( 78.82895045231951769, 2.089302657491459492, -6.598867007104121996 ) ) ;
#523 = CARTESIAN_POINT ( 'NONE',  ( 78.25026909707719369, 34.01528247400138127, -6.434416039940783705 ) ) ;
#524 = EDGE_LOOP ( 'NONE', ( #3571, #1363, #1926, #1079 ) ) ;
#525 = CARTESIAN_POINT ( 'NONE',  ( -41.01488065261398219, 30.85794014875902747, -2.602085213965210642E-15 ) ) ;
#526 = CARTESIAN_POINT ( 'NONE',  ( 7.570086085680240551, 44.17693457661179224, -12.26418562484637143 ) ) ;
#527 = DIRECTION ( 'NONE',  ( 0.7958510202638112707, 0.6054769989133264030, 0.004330973558233298243 ) ) ;
#528 = CARTESIAN_POINT ( 'NONE',  ( -45.73671565578664655, 29.60581648749428041, -5.381786634145596437 ) ) ;
#529 = VECTOR ( 'NONE', #303, 1000.000000000000114 ) ;
#530 = CARTESIAN_POINT ( 'NONE',  ( -65.10617595517570066, 15.04248773785756654, -8.296641970510151509 ) ) ;
#531 = CARTESIAN_POINT ( 'NONE',  ( -65.60346849176760031, 40.71994605143202506, -6.407541943017166730 ) ) ;
#532 = DIRECTION ( 'NONE',  ( 0.003446841998290800686, 0.002622329425625511030, -0.9999906212903310054 ) ) ;
#533 = ORIENTED_EDGE ( 'NONE', *, *, #79, .F. ) ;
#534 = ORIENTED_EDGE ( 'NONE', *, *, #3368, .T. ) ;
#535 = CARTESIAN_POINT ( 'NONE',  ( -76.07808536507900499, 24.60034137861115511, -8.309396687639168277 ) ) ;
#536 = EDGE_LOOP ( 'NONE', ( #1171, #3565, #3001 ) ) ;
#537 = AXIS2_PLACEMENT_3D ( 'NONE', #816, #2005, #601 ) ;
#538 = CARTESIAN_POINT ( 'NONE',  ( -47.54982716750738803, 32.42569858816496264, -5.344669676884882037 ) ) ;
#539 = EDGE_CURVE ( 'NONE', #2195, #2156, #1388, .T. ) ;
#540 = DIRECTION ( 'NONE',  ( -0.6054826775597450528, 0.7958584843897071881, -1.441115708636438561E-15 ) ) ;
#541 = CARTESIAN_POINT ( 'NONE',  ( 49.43514848524656458, 26.79207879884702237, -5.764971064134290835 ) ) ;
#542 = ORIENTED_EDGE ( 'NONE', *, *, #1511, .F. ) ;
#543 = CARTESIAN_POINT ( 'NONE',  ( -78.42186661975591733, 22.81721161681140941, -8.322151404768165506 ) ) ;
#544 = CARTESIAN_POINT ( 'NONE',  ( 70.06151721960871726, 25.75066486636261232, -11.93200846251414937 ) ) ;
#545 = CARTESIAN_POINT ( 'NONE',  ( 50.93944353072004105, 13.25537489397109603, -8.144029192843198928 ) ) ;
#546 = CARTESIAN_POINT ( 'NONE',  ( -81.25539807027543304, 0.2438843732634951578, -1.030213970942992496 ) ) ;
#547 = CARTESIAN_POINT ( 'NONE',  ( -63.73893367078279937, 3.517626646747295638, -8.309396687639146961 ) ) ;
#548 = EDGE_CURVE ( 'NONE', #2431, #3726, #3598, .T. ) ;
#549 = LINE ( 'NONE', #2034, #3122 ) ;
#550 = MANIFOLD_SOLID_BREP ( 'model1', #1556 ) ;
#551 = FACE_OUTER_BOUND ( 'NONE', #1563, .T. ) ;
#552 = EDGE_LOOP ( 'NONE', ( #3301, #2472, #2450, #2241, #302, #199, #825, #3182, #2214, #1308, #3494, #1292 ) ) ;
#553 = VECTOR ( 'NONE', #877, 1000.000000000000000 ) ;
#554 = VECTOR ( 'NONE', #2632, 1000.000000000000227 ) ;
#555 = LINE ( 'NONE', #1714, #1581 ) ;
#556 = VECTOR ( 'NONE', #3614, 1000.000000000000000 ) ;
#557 = ORIENTED_EDGE ( 'NONE', *, *, #281, .F. ) ;
#558 = EDGE_CURVE ( 'NONE', #408, #2195, #809, .T. ) ;
#559 = CARTESIAN_POINT ( 'NONE',  ( -83.72254632561640619, 29.83562532041510096, -11.23788400091600437 ) ) ;
#560 = FACE_OUTER_BOUND ( 'NONE', #2941, .T. ) ;
#561 = CARTESIAN_POINT ( 'NONE',  ( -83.39606537413432363, 18.31028405946513615, -9.594492706719488950 ) ) ;
#562 = EDGE_LOOP ( 'NONE', ( #3706, #366, #909, #1904 ) ) ;
#563 = ADVANCED_FACE ( 'NONE', ( #3125 ), #3403, .F. ) ;
#564 = DIRECTION ( 'NONE',  ( -0.2248898499790055738, -0.1710943731732870732, -0.9592451568003147466 ) ) ;
#565 = DIRECTION ( 'NONE',  ( 0.6054826775597461630, 0.7958584843897062999, -3.758525927527592285E-16 ) ) ;
#566 = DIRECTION ( 'NONE',  ( 0.6054826775597471622, 0.7958584843897056338, 4.050324036854581322E-17 ) ) ;
#567 = CARTESIAN_POINT ( 'NONE',  ( -79.45143083965822939, 1.625206295631176356, -5.459122635727760908 ) ) ;
#568 = CARTESIAN_POINT ( 'NONE',  ( -63.69864785340137558, 25.66276012244411930, -3.083952910082008891 ) ) ;
#569 = CARTESIAN_POINT ( 'NONE',  ( -76.51639232656718548, 7.117034696725339948, -5.003051337994179448 ) ) ;
#570 = CARTESIAN_POINT ( 'NONE',  ( -63.67517870148378734, 25.68061526280114748, -9.892774275622528535 ) ) ;
#571 = CIRCLE ( 'NONE', #2942, 69.14622413438098647 ) ;
#572 = ORIENTED_EDGE ( 'NONE', *, *, #2008, .T. ) ;
#573 = CARTESIAN_POINT ( 'NONE',  ( -0.3590050757020513128, -22.58095202332092555, -2.602085213965210642E-15 ) ) ;
#574 = ORIENTED_EDGE ( 'NONE', *, *, #2144, .T. ) ;
#575 = CARTESIAN_POINT ( 'NONE',  ( -81.28542618997074953, 31.68976654553134864, -11.77910954018469702 ) ) ;
#576 = CARTESIAN_POINT ( 'NONE',  ( -77.72116947357309868, 23.35029632037473846, -6.332096071431272399 ) ) ;
#577 = CARTESIAN_POINT ( 'NONE',  ( -53.85829812656037063, 38.85084075507931090, -9.726552542567423743 ) ) ;
#578 = ORIENTED_EDGE ( 'NONE', *, *, #997, .T. ) ;
#579 = FACE_OUTER_BOUND ( 'NONE', #1807, .T. ) ;
#580 = CARTESIAN_POINT ( 'NONE',  ( 8.148429589970294984, 44.11210500535081280, -11.94025613901899519 ) ) ;
#581 = LINE ( 'NONE', #545, #364 ) ;
#582 = CARTESIAN_POINT ( 'NONE',  ( 57.52650978819863781, 26.77743402413269891, -8.144029192843198928 ) ) ;
#583 = EDGE_LOOP ( 'NONE', ( #2560, #2057, #1003 ) ) ;
#584 = CARTESIAN_POINT ( 'NONE',  ( 0.3590050757018015126, -22.58095202332093976, -7.442151190589302523 ) ) ;
#585 = EDGE_CURVE ( 'NONE', #690, #3093, #3144, .T. ) ;
#586 = DIRECTION ( 'NONE',  ( 0.6054826775597460520, 0.7958584843897064109, -3.782499447445649586E-16 ) ) ;
#587 = LINE ( 'NONE', #1414, #3670 ) ;
#588 = AXIS2_PLACEMENT_3D ( 'NONE', #620, #1813, #3204 ) ;
#589 = VERTEX_POINT ( 'NONE', #2271 ) ;
#590 = VECTOR ( 'NONE', #2003, 1000.000000000000000 ) ;
#591 = CARTESIAN_POINT ( 'NONE',  ( 6.643688332631084492, 44.27051147497957118, -7.442151190589300747 ) ) ;
#592 = ORIENTED_EDGE ( 'NONE', *, *, #1327, .F. ) ;
#593 = EDGE_CURVE ( 'NONE', #628, #3406, #1074, .T. ) ;
#594 = CARTESIAN_POINT ( 'NONE',  ( 78.65130378179236459, 5.301950297768455833, -9.450464504283011991 ) ) ;
#595 = LINE ( 'NONE', #3126, #1654 ) ;
#596 = DIRECTION ( 'NONE',  ( 0.01627792766265336727, -0.01238411529138264827, -0.9997908094993968042 ) ) ;
#597 = ORIENTED_EDGE ( 'NONE', *, *, #2050, .F. ) ;
#598 = DIRECTION ( 'NONE',  ( -3.234202562487237496E-17, -2.628696496404745679E-17, 1.000000000000000000 ) ) ;
#599 = CARTESIAN_POINT ( 'NONE',  ( -9.633183115974871313, 45.94061593286222944, -8.705189294645437670 ) ) ;
#600 = DIRECTION ( 'NONE',  ( 0.6054826775597471622, 0.7958584843897056338, 4.050324036854581322E-17 ) ) ;
#601 = DIRECTION ( 'NONE',  ( 0.9999940595814401645, 0.000000000000000000, 0.003446853903345709156 ) ) ;
#602 = ORIENTED_EDGE ( 'NONE', *, *, #2696, .F. ) ;
#603 = CARTESIAN_POINT ( 'NONE',  ( 72.14070138786360076, 28.56381377645984188, -9.557505289952601402 ) ) ;
#604 = ADVANCED_FACE ( 'NONE', ( #1740 ), #1391, .F. ) ;
#605 = DIRECTION ( 'NONE',  ( 0.6054826775597471622, 0.7958584843897056338, 4.050324036854581322E-17 ) ) ;
#606 = CARTESIAN_POINT ( 'NONE',  ( -52.26190480292205365, 22.30129543028280636, -11.54719355638028944 ) ) ;
#607 = DIRECTION ( 'NONE',  ( 3.234202562487237496E-17, 2.628696496404745679E-17, -1.000000000000000000 ) ) ;
#608 = B_SPLINE_SURFACE_WITH_KNOTS ( 'NONE', 4, 1, ( 
 ( #2604, #2569 ),
 ( #2624, #2841 ),
 ( #2338, #2283 ),
 ( #2319, #1693 ),
 ( #3431, #855 ),
 ( #1956, #22 ),
 ( #3725, #3448 ) ),
 .UNSPECIFIED., .F., .F., .F.,
 ( 5, 1, 1, 5 ),
 ( 2, 2 ),
 ( 0.000000000000000000, 0.3333333333333329818, 0.6666666666666670737, 1.000000000000000000 ),
 ( 0.000000000000000000, 1.000000000000000000 ),
 .UNSPECIFIED. ) ;
#609 = EDGE_CURVE ( 'NONE', #92, #2480, #2278, .T. ) ;
#610 = ORIENTED_EDGE ( 'NONE', *, *, #2020, .T. ) ;
#611 = DIRECTION ( 'NONE',  ( -3.234202562487237496E-17, -2.628696496404745679E-17, 1.000000000000000000 ) ) ;
#612 = ORIENTED_EDGE ( 'NONE', *, *, #2437, .F. ) ;
#613 = VERTEX_POINT ( 'NONE', #2544 ) ;
#614 = AXIS2_PLACEMENT_3D ( 'NONE', #1632, #960, #1036 ) ;
#615 = CARTESIAN_POINT ( 'NONE',  ( 72.62832830487799640, 9.608013398333303812, -16.25769011327671265 ) ) ;
#616 = LINE ( 'NONE', #1274, #1469 ) ;
#617 = CARTESIAN_POINT ( 'NONE',  ( -83.70117860394474008, 20.37696368558801296, -9.875365717072476457 ) ) ;
#618 = MECHANICAL_DESIGN_GEOMETRIC_PRESENTATION_REPRESENTATION (  '', ( #1775 ), #2747 ) ;
#619 = CARTESIAN_POINT ( 'NONE',  ( 68.87858586317760512, 13.96298821777708632, -4.477598790814972141 ) ) ;
#620 = CARTESIAN_POINT ( 'NONE',  ( -57.66600350318518764, 22.49342990163275147, -5.095327866711527598 ) ) ;
#621 = CARTESIAN_POINT ( 'NONE',  ( -8.303095619449484488, 46.10739626967740890, -12.29409494798450631 ) ) ;
#622 = CARTESIAN_POINT ( 'NONE',  ( -69.14229377396438281, 9.499385305106917698, -17.82033298636236296 ) ) ;
#623 = VERTEX_POINT ( 'NONE', #3701 ) ;
#624 = CARTESIAN_POINT ( 'NONE',  ( -53.47287015804157306, 23.89301239906224339, -17.03687460358431238 ) ) ;
#625 = CARTESIAN_POINT ( 'NONE',  ( 41.01488065261357718, 30.85794014875905233, 0.000000000000000000 ) ) ;
#626 = LINE ( 'NONE', #1554, #1486 ) ;
#627 = AXIS2_PLACEMENT_3D ( 'NONE', #1739, #1136, #2613 ) ;
#628 = VERTEX_POINT ( 'NONE', #1137 ) ;
#629 = DIRECTION ( 'NONE',  ( -0.6054826775597450528, 0.7958584843897071881, -1.441115708636438561E-15 ) ) ;
#630 = ORIENTED_EDGE ( 'NONE', *, *, #3568, .T. ) ;
#631 = CARTESIAN_POINT ( 'NONE',  ( 58.67908898796550687, 40.98583661380373400, -10.07854078264400322 ) ) ;
#632 = CARTESIAN_POINT ( 'NONE',  ( 66.11742067309219806, 16.06366029110391835, -4.714688817225574979 ) ) ;
#633 = AXIS2_PLACEMENT_3D ( 'NONE', #287, #1464, #2676 ) ;
#634 = AXIS2_PLACEMENT_3D ( 'NONE', #230, #1394, #2548 ) ;
#635 = EDGE_CURVE ( 'NONE', #1819, #1744, #506, .T. ) ;
#636 = DIRECTION ( 'NONE',  ( -0.6054826775597461630, -0.7958584843897062999, 3.758525927527592285E-16 ) ) ;
#637 = B_SPLINE_CURVE_WITH_KNOTS ( 'NONE', 3,
 ( #3102, #3045, #1066, #436 ),
 .UNSPECIFIED., .F., .F.,
 ( 4, 4 ),
 ( 0.000000000000000000, 0.0005054666064007229181 ),
 .UNSPECIFIED. ) ;
#638 = CARTESIAN_POINT ( 'NONE',  ( -7.623971301092394626, 46.18247302885283290, -7.442542815469905371 ) ) ;
#639 = LINE ( 'NONE', #51, #371 ) ;
#640 = B_SPLINE_SURFACE_WITH_KNOTS ( 'NONE', 3, 1, ( 
 ( #3258, #3577 ),
 ( #310, #652 ),
 ( #915, #1811 ),
 ( #1259, #78 ),
 ( #3545, #2415 ),
 ( #359, #3511 ),
 ( #896, #1472 ),
 ( #2077, #2133 ),
 ( #2629, #2092 ),
 ( #1239, #3239 ),
 ( #3292, #954 ),
 ( #2683, #1756 ),
 ( #1527, #27 ),
 ( #1797, #2059 ),
 ( #2394, #3220 ),
 ( #3273, #2935 ),
 ( #2666, #667 ) ),
 .UNSPECIFIED., .F., .F., .F.,
 ( 4, 1, 1, 1, 1, 1, 1, 1, 1, 1, 1, 1, 1, 1, 4 ),
 ( 2, 2 ),
 ( 0.04872963789667100060, 0.07604481559073196506, 0.1033599932847929365, 0.1579903486729148654, 0.2126207040610367804, 0.2672510594491587232, 0.3765117702254026089, 0.4857724810016464945, 0.5950331917778903801, 0.7042939025541342657, 0.7589242579422561530, 0.8135546133303781513, 0.8681849687185001496, 0.8955001464125611488, 0.9228153241066220369 ),
 ( 0.000000000000000000, 1.000000000000000000 ),
 .UNSPECIFIED. ) ;
#641 = FILL_AREA_STYLE ('',( #1497 ) ) ;
#642 = ORIENTED_EDGE ( 'NONE', *, *, #1747, .F. ) ;
#643 = PLANE ( 'NONE',  #3627 ) ;
#644 = CARTESIAN_POINT ( 'NONE',  ( -58.69975134804147388, 21.70696292879501499, -5.180594587875848589 ) ) ;
#645 = CARTESIAN_POINT ( 'NONE',  ( 83.53168977567825948, 21.80286483285930288, -5.281500065165610991 ) ) ;
#646 = CARTESIAN_POINT ( 'NONE',  ( -67.29163652578347410, 13.38900498070491629, -19.74098994057675682 ) ) ;
#647 = ORIENTED_EDGE ( 'NONE', *, *, #1044, .F. ) ;
#648 = EDGE_CURVE ( 'NONE', #207, #2628, #1424, .T. ) ;
#649 = CARTESIAN_POINT ( 'NONE',  ( 77.49252531878205730, 7.947253241845030125, -4.752874238923397776 ) ) ;
#650 = CARTESIAN_POINT ( 'NONE',  ( 78.20720997461546631, 33.31178340836289919, -11.79923183199986703 ) ) ;
#651 = VECTOR ( 'NONE', #2538, 1000.000000000000000 ) ;
#652 = CARTESIAN_POINT ( 'NONE',  ( 60.46449251765397293, 47.53016394843747605, -9.419075085623385135 ) ) ;
#653 = DIRECTION ( 'NONE',  ( -0.6054826775597450528, 0.7958584843897071881, -1.441115708636438561E-15 ) ) ;
#654 = EDGE_CURVE ( 'NONE', #1046, #1415, #3748, .T. ) ;
#655 = CARTESIAN_POINT ( 'NONE',  ( -9.022975589121331907, 46.02059542185288876, -7.988566508426584889 ) ) ;
#656 = CARTESIAN_POINT ( 'NONE',  ( -9.709180631537808637, 45.93022715990152705, -11.02332795197669313 ) ) ;
#657 = ORIENTED_EDGE ( 'NONE', *, *, #3491, .T. ) ;
#658 = CARTESIAN_POINT ( 'NONE',  ( 75.30830927444225154, 13.24918525134049396, -5.462456604987462327 ) ) ;
#659 = CARTESIAN_POINT ( 'NONE',  ( -48.92515594847770899, 33.32127423651345310, -3.791355372765903731 ) ) ;
#660 = DIRECTION ( 'NONE',  ( 0.6054826775597461630, 0.7958584843897062999, -3.758525927527592285E-16 ) ) ;
#661 = EDGE_CURVE ( 'NONE', #1430, #2043, #2887, .T. ) ;
#662 = EDGE_CURVE ( 'NONE', #1927, #414, #2836, .T. ) ;
#663 = ORIENTED_EDGE ( 'NONE', *, *, #2614, .F. ) ;
#664 = LINE ( 'NONE', #1820, #3730 ) ;
#665 = ORIENTED_EDGE ( 'NONE', *, *, #2518, .F. ) ;
#666 = CARTESIAN_POINT ( 'NONE',  ( 82.41810429788537817, 15.22878647041289746, -9.011445509817681554 ) ) ;
#667 = CARTESIAN_POINT ( 'NONE',  ( 90.11968136224403736, 24.96873688903832900, -8.949120160127419510 ) ) ;
#668 = DIRECTION ( 'NONE',  ( -2.942091015256663649E-15, 1.000000000000000000, 2.628696496404735818E-17 ) ) ;
#669 = ADVANCED_FACE ( 'NONE', ( #3459 ), #279, .F. ) ;
#670 = CARTESIAN_POINT ( 'NONE',  ( -9.449051013972914248, 45.96524368460312360, -8.432512416354555285 ) ) ;
#671 = CARTESIAN_POINT ( 'NONE',  ( -9.199503578718895014, 45.99782002470384157, -11.73241473364899612 ) ) ;
#672 = EDGE_CURVE ( 'NONE', #432, #1978, #3184, .T. ) ;
#673 = VECTOR ( 'NONE', #3110, 1000.000000000000000 ) ;
#674 = CARTESIAN_POINT ( 'NONE',  ( -9.179112852017725643, 43.98348245883668284, -8.132140178497254013 ) ) ;
#675 = CARTESIAN_POINT ( 'NONE',  ( 41.01488065261357718, 30.85794014875905233, -20.00000000000000000 ) ) ;
#676 = ORIENTED_EDGE ( 'NONE', *, *, #24, .F. ) ;
#677 = AXIS2_PLACEMENT_3D ( 'NONE', #3072, #1630, #3644 ) ;
#678 = LINE ( 'NONE', #2120, #2403 ) ;
#679 = EDGE_CURVE ( 'NONE', #419, #1643, #1712, .T. ) ;
#680 = ADVANCED_FACE ( 'NONE', ( #752 ), #2461, .F. ) ;
#681 = CARTESIAN_POINT ( 'NONE',  ( 75.30031807158135848, 35.94235131042163545, -6.532010885870397132 ) ) ;
#682 = CARTESIAN_POINT ( 'NONE',  ( -80.61512431113047228, 3.252887329939129213, -5.459122635727837292 ) ) ;
#683 = ORIENTED_EDGE ( 'NONE', *, *, #3409, .F. ) ;
#684 = CARTESIAN_POINT ( 'NONE',  ( 63.04614247209465105, 16.60974449727299174, -9.557505289952594296 ) ) ;
#685 = CARTESIAN_POINT ( 'NONE',  ( 55.78330495119830346, 19.62224276908912657, -8.144029192843198928 ) ) ;
#686 = CARTESIAN_POINT ( 'NONE',  ( 61.33575495244747344, 23.87939121027796929, -6.542536774656123377 ) ) ;
#687 = CARTESIAN_POINT ( 'NONE',  ( 67.53697628040751511, 22.74259099825581032, -2.750044419960982811 ) ) ;
#688 = AXIS2_PLACEMENT_3D ( 'NONE', #1722, #598, #1406 ) ;
#689 = CARTESIAN_POINT ( 'NONE',  ( 8.369784642716101786, 46.09968885749945144, -8.133552785977579802 ) ) ;
#690 = VERTEX_POINT ( 'NONE', #3316 ) ;
#691 = CARTESIAN_POINT ( 'NONE',  ( 59.99186946577724910, 20.72392994869075977, -4.940529834312314961 ) ) ;
#692 = AXIS2_PLACEMENT_3D ( 'NONE', #3396, #727, #2514 ) ;
#693 = FACE_OUTER_BOUND ( 'NONE', #175, .T. ) ;
#694 = CARTESIAN_POINT ( 'NONE',  ( -59.06532410214588680, 19.63831881393013035, -12.26775200118630060 ) ) ;
#695 = PRODUCT_DEFINITION ( 'UNKNOWN', '', #108, #1297 ) ;
#696 = CARTESIAN_POINT ( 'NONE',  ( 77.12348144646290393, 11.86821699064550550, -5.159156083014362792 ) ) ;
#697 = FACE_BOUND ( 'NONE', #804, .T. ) ;
#698 = EDGE_LOOP ( 'NONE', ( #3731, #1405, #336, #2705, #2768, #1450 ) ) ;
#699 = DIRECTION ( 'NONE',  ( -0.6054826775597464961, 0.7958584843897059669, 1.338167822438455594E-18 ) ) ;
#700 = CARTESIAN_POINT ( 'NONE',  ( 78.95576914709398864, 9.547432653551705783, -8.827361662433045097 ) ) ;
#701 = FACE_OUTER_BOUND ( 'NONE', #2957, .T. ) ;
#702 = EDGE_CURVE ( 'NONE', #3207, #2826, #713, .T. ) ;
#703 = ORIENTED_EDGE ( 'NONE', *, *, #2504, .T. ) ;
#704 = CARTESIAN_POINT ( 'NONE',  ( -66.75810567922090399, 13.78571300708055425, -20.00000000000000355 ) ) ;
#705 = ORIENTED_EDGE ( 'NONE', *, *, #1716, .F. ) ;
#706 = CARTESIAN_POINT ( 'NONE',  ( -52.51210279002401649, 30.59235418290697694, -5.988408278183681155 ) ) ;
#707 = CARTESIAN_POINT ( 'NONE',  ( -73.81602198546801219, 37.06131602816839887, -12.31350325274994439 ) ) ;
#708 = CARTESIAN_POINT ( 'NONE',  ( 61.77128369017189158, 41.23451992836892543, -10.61022938709181851 ) ) ;
#709 = CARTESIAN_POINT ( 'NONE',  ( 7.460569140863721138, 46.19959029598754086, -7.579210950541015457 ) ) ;
#710 = VERTEX_POINT ( 'NONE', #1872 ) ;
#711 = AXIS2_PLACEMENT_3D ( 'NONE', #1319, #853, #3046 ) ;
#712 = MECHANICAL_DESIGN_GEOMETRIC_PRESENTATION_REPRESENTATION (  '', ( #2654 ), #1863 ) ;
#713 = LINE ( 'NONE', #3662, #3562 ) ;
#714 = CARTESIAN_POINT ( 'NONE',  ( -51.03372525397348625, 36.56831134795994132, -5.381786634145609760 ) ) ;
#715 = LINE ( 'NONE', #3549, #3420 ) ;
#716 = CARTESIAN_POINT ( 'NONE',  ( 59.84477116165869148, 48.01803596641828165, -5.009085012333949649 ) ) ;
#717 = EDGE_LOOP ( 'NONE', ( #447, #1624, #478, #2030, #503, #1966 ) ) ;
#718 = CARTESIAN_POINT ( 'NONE',  ( 79.64905473404662928, 3.978383559574234507, -7.220726049386184897 ) ) ;
#719 = CARTESIAN_POINT ( 'NONE',  ( 82.49387610656710024, 26.57538972784359288, -5.746326089843496909 ) ) ;
#720 = CARTESIAN_POINT ( 'NONE',  ( -59.06532410214588680, 19.63831881393013035, -12.26775200118630060 ) ) ;
#721 = AXIS2_PLACEMENT_3D ( 'NONE', #2637, #2889, #17 ) ;
#722 = EDGE_CURVE ( 'NONE', #255, #2474, #2216, .T. ) ;
#723 = ORIENTED_EDGE ( 'NONE', *, *, #997, .F. ) ;
#724 = CARTESIAN_POINT ( 'NONE',  ( -83.44131963222369563, 24.07086916184720948, -5.825702049054014786 ) ) ;
#725 = ORIENTED_EDGE ( 'NONE', *, *, #3285, .T. ) ;
#726 = CARTESIAN_POINT ( 'NONE',  ( 54.11745052334362072, 39.09744462889501904, -5.158898878285524958 ) ) ;
#727 = DIRECTION ( 'NONE',  ( 0.6054826775597461630, 0.7958584843897062999, 4.050324036854577624E-17 ) ) ;
#728 = CARTESIAN_POINT ( 'NONE',  ( 73.29507937155608488, 10.60295579074472094, -5.462456604987461439 ) ) ;
#729 = CARTESIAN_POINT ( 'NONE',  ( 7.570164154214797492, 46.18822125500206255, -7.620147887885917903 ) ) ;
#730 = VERTEX_POINT ( 'NONE', #3640 ) ;
#731 = ORIENTED_EDGE ( 'NONE', *, *, #3065, .F. ) ;
#732 = CARTESIAN_POINT ( 'NONE',  ( 61.30944925720131522, 23.89940436978450222, -4.926840176805924898 ) ) ;
#733 = CARTESIAN_POINT ( 'NONE',  ( -8.490826064207627866, 44.07106373504495167, -12.21746870628032688 ) ) ;
#734 = CARTESIAN_POINT ( 'NONE',  ( -56.80336675175778538, 27.32759537888585655, -6.523787832127466046 ) ) ;
#735 = CARTESIAN_POINT ( 'NONE',  ( 46.92021294409097010, 31.01879852243668267, -9.202356660705591551 ) ) ;
#736 = CARTESIAN_POINT ( 'NONE',  ( 73.18600330326147230, 18.44485707382845874, -6.003539330434061405 ) ) ;
#737 = ORIENTED_EDGE ( 'NONE', *, *, #1072, .T. ) ;
#738 = CARTESIAN_POINT ( 'NONE',  ( 79.06532752785405194, 10.39087624749663874, -4.788601600785080237 ) ) ;
#739 = CIRCLE ( 'NONE', #2071, 2.944999999999997620 ) ;
#740 = AXIS2_PLACEMENT_3D ( 'NONE', #446, #1284, #3645 ) ;
#741 = CARTESIAN_POINT ( 'NONE',  ( -47.81845843776689264, 28.02204346961832471, -5.736358931347269596 ) ) ;
#742 = FACE_OUTER_BOUND ( 'NONE', #2995, .T. ) ;
#743 = ORIENTED_EDGE ( 'NONE', *, *, #3481, .T. ) ;
#744 = CARTESIAN_POINT ( 'NONE',  ( 46.18814352509289733, 29.43517331525850267, -3.437201879481157185 ) ) ;
#745 = ORIENTED_EDGE ( 'NONE', *, *, #1357, .T. ) ;
#746 = LINE ( 'NONE', #987, #556 ) ;
#747 = DIRECTION ( 'NONE',  ( -0.003446842051988320207, -0.002622329466478148276, 0.9999906212900387947 ) ) ;
#748 = LINE ( 'NONE', #3673, #2236 ) ;
#749 = VERTEX_POINT ( 'NONE', #2323 ) ;
#750 = ORIENTED_EDGE ( 'NONE', *, *, #2898, .F. ) ;
#751 = ORIENTED_EDGE ( 'NONE', *, *, #2010, .F. ) ;
#752 = FACE_OUTER_BOUND ( 'NONE', #929, .T. ) ;
#753 = CARTESIAN_POINT ( 'NONE',  ( 71.60049805870227146, 19.65109659956133825, -6.188868895219172828 ) ) ;
#754 = CARTESIAN_POINT ( 'NONE',  ( -80.08347088586764073, 11.37999323270516072, -4.951793140897714274 ) ) ;
#755 = DIRECTION ( 'NONE',  ( -0.6054826775597463850, -0.7958584843897061889, 3.677613769070831040E-16 ) ) ;
#756 = CARTESIAN_POINT ( 'NONE',  ( -79.68472126488100571, 31.86642544757245332, -20.00000000000000355 ) ) ;
#757 = VERTEX_POINT ( 'NONE', #2290 ) ;
#758 = CARTESIAN_POINT ( 'NONE',  ( 76.61209534394136256, 6.288877622562359271, -11.39101092682857086 ) ) ;
#759 = CARTESIAN_POINT ( 'NONE',  ( -39.41059822890730402, 32.04128234786771401, -2.429240079244841197E-15 ) ) ;
#760 = CARTESIAN_POINT ( 'NONE',  ( -47.41804338244410388, 15.93442755516518616, -17.03687460358431238 ) ) ;
#761 = EDGE_CURVE ( 'NONE', #1135, #1454, #3400, .T. ) ;
#762 = CARTESIAN_POINT ( 'NONE',  ( -55.97911818335801826, 39.96798479616955291, -5.635669323554915344 ) ) ;
#763 = ORIENTED_EDGE ( 'NONE', *, *, #2414, .T. ) ;
#764 = CARTESIAN_POINT ( 'NONE',  ( 70.23111560846103885, 39.13624294190919528, -6.492645179548406809 ) ) ;
#765 = CARTESIAN_POINT ( 'NONE',  ( 70.89181576606377178, 16.60921767837286467, -4.477598790814973029 ) ) ;
#766 = CARTESIAN_POINT ( 'NONE',  ( 8.290132020197217955, 46.10898020568849631, -8.060531865222444026 ) ) ;
#767 = ADVANCED_FACE ( 'NONE', ( #3751 ), #3499, .F. ) ;
#768 = EDGE_LOOP ( 'NONE', ( #3541, #2362, #473, #3067 ) ) ;
#769 = ORIENTED_EDGE ( 'NONE', *, *, #2446, .T. ) ;
#770 = ORIENTED_EDGE ( 'NONE', *, *, #3051, .F. ) ;
#771 = CARTESIAN_POINT ( 'NONE',  ( 7.612733957365713344, 44.17231540185390770, -7.637592411685803384 ) ) ;
#772 = CARTESIAN_POINT ( 'NONE',  ( -9.954491432351558089, 43.87613905924167312, -10.10173646787609947 ) ) ;
#773 = AXIS2_PLACEMENT_3D ( 'NONE', #2996, #3587, #1569 ) ;
#774 = CARTESIAN_POINT ( 'NONE',  ( 49.38407711162638236, 34.49051539387883736, -9.163230919938127883 ) ) ;
#775 = CARTESIAN_POINT ( 'NONE',  ( -72.62832830487778324, 9.608013398333133281, -16.25769011327676949 ) ) ;
#776 = ORIENTED_EDGE ( 'NONE', *, *, #2931, .F. ) ;
#777 = ADVANCED_FACE ( 'NONE', ( #3124 ), #8, .F. ) ;
#778 = CARTESIAN_POINT ( 'NONE',  ( 82.73886492737884168, 1.627681034307857599, 4.336808689942017736E-16 ) ) ;
#779 = AXIS2_PLACEMENT_3D ( 'NONE', #1907, #2515, #3335 ) ;
#780 = CARTESIAN_POINT ( 'NONE',  ( -81.67977332408463553, 31.40614348409349077, -6.577907202704070144 ) ) ;
#781 = CARTESIAN_POINT ( 'NONE',  ( 82.73886492737884168, 1.627681034307857599, 4.336808689942017736E-16 ) ) ;
#782 = CARTESIAN_POINT ( 'NONE',  ( -46.73021656796714751, 29.02276854246348137, -3.911185217743188058 ) ) ;
#783 = EDGE_CURVE ( 'NONE', #1005, #3433, #1167, .T. ) ;
#784 = CARTESIAN_POINT ( 'NONE',  ( 50.24493983733978553, 32.31719336220835004, -3.705907963760456170 ) ) ;
#785 = CARTESIAN_POINT ( 'NONE',  ( 8.437881994722797430, 46.09169435636784584, -11.68315214839590688 ) ) ;
#786 = VERTEX_POINT ( 'NONE', #273 ) ;
#787 = ORIENTED_EDGE ( 'NONE', *, *, #3386, .F. ) ;
#788 = EDGE_LOOP ( 'NONE', ( #2698, #41, #856, #2190 ) ) ;
#789 = CARTESIAN_POINT ( 'NONE',  ( 7.943984133935445335, 44.13566555026491756, -7.804929579763319580 ) ) ;
#790 = SURFACE_STYLE_USAGE ( .BOTH. , #2253 ) ;
#791 = B_SPLINE_CURVE_WITH_KNOTS ( 'NONE', 3,
 ( #3718, #2259, #3165, #242 ),
 .UNSPECIFIED., .F., .F.,
 ( 4, 4 ),
 ( 0.5725500252581193772, 0.6311124681624857846 ),
 .UNSPECIFIED. ) ;
#792 = DIRECTION ( 'NONE',  ( 0.7958584843897062999, -0.6054826775597461630, 9.823373564553280866E-18 ) ) ;
#793 = CARTESIAN_POINT ( 'NONE',  ( -65.23867353990380025, 11.66045327441630164, -20.00000000000003553 ) ) ;
#794 = ORIENTED_EDGE ( 'NONE', *, *, #2020, .F. ) ;
#795 = EDGE_CURVE ( 'NONE', #1290, #3139, #1381, .T. ) ;
#796 = CARTESIAN_POINT ( 'NONE',  ( 6.724815040290091694, 46.27166892826053157, -12.44215119058930163 ) ) ;
#797 = ADVANCED_FACE ( 'NONE', ( #2593 ), #2972, .F. ) ;
#798 = LINE ( 'NONE', #3391, #2361 ) ;
#799 = CARTESIAN_POINT ( 'NONE',  ( -71.12778435365882501, 16.42969469151190864, -4.865347338656560439 ) ) ;
#800 = EDGE_CURVE ( 'NONE', #2633, #1555, #2703, .T. ) ;
#801 = CARTESIAN_POINT ( 'NONE',  ( -74.67363223297049046, 7.763644629264976338, -3.724337420045346292 ) ) ;
#802 = DIRECTION ( 'NONE',  ( -0.1103589670017644381, -0.08396020667442473384, 0.9903391247938715392 ) ) ;
#803 = VECTOR ( 'NONE', #424, 1000.000000000000114 ) ;
#804 = EDGE_LOOP ( 'NONE', ( #1753, #1870, #460, #3625 ) ) ;
#805 = VERTEX_POINT ( 'NONE', #1186 ) ;
#806 = EDGE_CURVE ( 'NONE', #2066, #3207, #328, .T. ) ;
#807 = EDGE_LOOP ( 'NONE', ( #2194, #1024 ) ) ;
#808 = CARTESIAN_POINT ( 'NONE',  ( -75.60466405140229540, 7.055323175923043699, -9.419383343254846608 ) ) ;
#809 = LINE ( 'NONE', #521, #651 ) ;
#810 = FACE_OUTER_BOUND ( 'NONE', #878, .T. ) ;
#811 = CARTESIAN_POINT ( 'NONE',  ( -53.47867767957512797, 23.88859408380005078, -9.862327531508137568 ) ) ;
#812 = ORIENTED_EDGE ( 'NONE', *, *, #3496, .F. ) ;
#813 = VECTOR ( 'NONE', #3148, 1000.000000000000000 ) ;
#814 = CARTESIAN_POINT ( 'NONE',  ( 73.30778985745752152, 10.59328575620009794, -6.243135041328120138 ) ) ;
#815 = DIRECTION ( 'NONE',  ( 0.7958510202638119369, 0.6054769989133256258, 0.004330973558233052779 ) ) ;
#816 = CARTESIAN_POINT ( 'NONE',  ( -53.01868357643225238, 11.67350593754230026, -9.892774275622516100 ) ) ;
#817 = CARTESIAN_POINT ( 'NONE',  ( -71.69853184302600368, 10.02707686683667454, -10.71944987205626632 ) ) ;
#818 = AXIS2_PLACEMENT_3D ( 'NONE', #3078, #431, #1655 ) ;
#819 = VECTOR ( 'NONE', #907, 1000.000000000000000 ) ;
#820 = CARTESIAN_POINT ( 'NONE',  ( -72.57905786883746657, 37.84668084036198366, -6.804132898364219528 ) ) ;
#821 = FACE_OUTER_BOUND ( 'NONE', #986, .T. ) ;
#822 = ORIENTED_EDGE ( 'NONE', *, *, #2798, .T. ) ;
#823 = ORIENTED_EDGE ( 'NONE', *, *, #3380, .F. ) ;
#824 = CARTESIAN_POINT ( 'NONE',  ( -39.41059822890730402, 32.04128234786771401, -20.00000000000000355 ) ) ;
#825 = ORIENTED_EDGE ( 'NONE', *, *, #2284, .T. ) ;
#826 = CARTESIAN_POINT ( 'NONE',  ( 83.09460359522370254, 2.125259732664248613, 1.951563910473907981E-13 ) ) ;
#827 = SURFACE_STYLE_FILL_AREA ( #3695 ) ;
#828 = DIRECTION ( 'NONE',  ( -0.7958510202638110487, -0.6054769989133268471, -0.004330973558233296508 ) ) ;
#829 = DIRECTION ( 'NONE',  ( 0.6054826775597461630, 0.7958584843897062999, -3.758525927527592285E-16 ) ) ;
#830 = EDGE_LOOP ( 'NONE', ( #1543, #3279, #3123, #2311 ) ) ;
#831 = ADVANCED_FACE ( 'NONE', ( #3528 ), #640, .F. ) ;
#832 = CARTESIAN_POINT ( 'NONE',  ( 71.79351950365253288, 28.33747614351544541, -2.750044419960985476 ) ) ;
#833 = CARTESIAN_POINT ( 'NONE',  ( 59.83527987721998898, 33.45250003904016722, -6.190928029266547838 ) ) ;
#834 = LINE ( 'NONE', #2583, #2621 ) ;
#835 = CARTESIAN_POINT ( 'NONE',  ( -80.33776524169415723, 0.9457335752237761017, -3.508742817506067091 ) ) ;
#836 = CARTESIAN_POINT ( 'NONE',  ( -68.22736755693635757, 18.63630825732123952, -5.100344969267740503 ) ) ;
#837 = CARTESIAN_POINT ( 'NONE',  ( -56.91538486767934302, 27.24237290517510601, -4.914206193918230881 ) ) ;
#838 = CARTESIAN_POINT ( 'NONE',  ( 46.02786102483630515, 29.55711494096819436, -9.250811188420591691 ) ) ;
#839 = EDGE_CURVE ( 'NONE', #2732, #1246, #174, .T. ) ;
#840 = CARTESIAN_POINT ( 'NONE',  ( -58.10381518094678199, 29.91926342480480017, -3.053506165967630803 ) ) ;
#841 = CARTESIAN_POINT ( 'NONE',  ( 49.06418624350169466, 33.21550111610960698, -3.437201879481158961 ) ) ;
#842 = ADVANCED_FACE ( 'NONE', ( #2364 ), #2111, .T. ) ;
#843 = ORIENTED_EDGE ( 'NONE', *, *, #1794, .T. ) ;
#844 = VECTOR ( 'NONE', #3114, 1000.000000000000000 ) ;
#845 = CARTESIAN_POINT ( 'NONE',  ( -57.98821851946118500, 20.45777200191567502, -12.24906975993374836 ) ) ;
#846 = FACE_OUTER_BOUND ( 'NONE', #2608, .T. ) ;
#847 = FACE_OUTER_BOUND ( 'NONE', #3049, .T. ) ;
#848 = EDGE_LOOP ( 'NONE', ( #751, #2814, #1838, #104 ) ) ;
#849 = DIRECTION ( 'NONE',  ( 0.01627792760896629512, -0.01238411525053854934, -0.9997908095007768114 ) ) ;
#850 = CARTESIAN_POINT ( 'NONE',  ( 7.182399513664441848, 44.21752576308098526, -12.38553574360323495 ) ) ;
#851 = DIRECTION ( 'NONE',  ( 3.234202562487237496E-17, 2.628696496404745679E-17, -1.000000000000000000 ) ) ;
#852 = CARTESIAN_POINT ( 'NONE',  ( -77.71295711405751661, 2.959704324001754205, -8.418104457992413359 ) ) ;
#853 = DIRECTION ( 'NONE',  ( 3.234202562487237496E-17, 2.628696496404745679E-17, -1.000000000000000000 ) ) ;
#854 = DIRECTION ( 'NONE',  ( -3.234202562487237496E-17, -2.628696496404745679E-17, 1.000000000000000000 ) ) ;
#855 = CARTESIAN_POINT ( 'NONE',  ( -85.37590427347367950, 25.38168594180838156, -4.888309585368367571 ) ) ;
#856 = ORIENTED_EDGE ( 'NONE', *, *, #955, .T. ) ;
#857 = AXIS2_PLACEMENT_3D ( 'NONE', #2046, #3205, #3444 ) ;
#858 = PLANE ( 'NONE',  #1223 ) ;
#859 = VECTOR ( 'NONE', #3304, 1000.000000000000114 ) ;
#860 = ORIENTED_EDGE ( 'NONE', *, *, #933, .F. ) ;
#861 = CARTESIAN_POINT ( 'NONE',  ( -62.67193948196034370, 45.85075620857580248, -10.39065785677285980 ) ) ;
#862 = CARTESIAN_POINT ( 'NONE',  ( 78.04878391741800669, 2.682847027200522483, -7.893739574477771193 ) ) ;
#863 = CARTESIAN_POINT ( 'NONE',  ( 62.02188307138737144, 23.35739050443221387, -6.555548380467413949 ) ) ;
#864 = ORIENTED_EDGE ( 'NONE', *, *, #3491, .F. ) ;
#865 = PLANE ( 'NONE',  #2756 ) ;
#866 = CARTESIAN_POINT ( 'NONE',  ( 8.369659912667449575, 44.08573777250708048, -11.75086854788472834 ) ) ;
#867 = CARTESIAN_POINT ( 'NONE',  ( -64.48326313007515864, 17.30691409075389586, -6.845359595192762825 ) ) ;
#868 = CARTESIAN_POINT ( 'NONE',  ( 73.29507937155608488, 10.60295579074472094, -5.462456604987461439 ) ) ;
#869 = DIRECTION ( 'NONE',  ( 0.01627792766265311400, -0.01238411529138297787, -0.9997908094993968042 ) ) ;
#870 = LINE ( 'NONE', #1178, #2484 ) ;
#871 = EDGE_CURVE ( 'NONE', #1927, #1343, #343, .T. ) ;
#872 = CARTESIAN_POINT ( 'NONE',  ( 67.45631824990897485, 10.74150896286010770, -11.09824799787508276 ) ) ;
#873 = EDGE_CURVE ( 'NONE', #2612, #3691, #1929, .T. ) ;
#874 = CARTESIAN_POINT ( 'NONE',  ( -48.74692621676986448, 33.45686997029265086, -5.390753059308006634 ) ) ;
#875 = AXIS2_PLACEMENT_3D ( 'NONE', #3553, #89, #1788 ) ;
#876 = ORIENTED_EDGE ( 'NONE', *, *, #2962, .F. ) ;
#877 = DIRECTION ( 'NONE',  ( 0.6054826775597450528, -0.7958584843897071881, 1.441115708636438561E-15 ) ) ;
#878 = EDGE_LOOP ( 'NONE', ( #1278, #1000, #1432, #2909, #183, #592 ) ) ;
#879 = CARTESIAN_POINT ( 'NONE',  ( 81.56610923638781685, -0.01267550536381868709, 1.950507566149724116E-13 ) ) ;
#880 = CARTESIAN_POINT ( 'NONE',  ( -76.49911008635667997, 24.28002918673506016, -6.487248772541352793 ) ) ;
#881 = DIRECTION ( 'NONE',  ( -0.6054826775597450528, 0.7958584843897071881, -1.441115708636438561E-15 ) ) ;
#882 = VERTEX_POINT ( 'NONE', #1009 ) ;
#883 = CARTESIAN_POINT ( 'NONE',  ( -42.22584600773350871, 32.44965711753841475, -2.602085213965210642E-15 ) ) ;
#884 = CARTESIAN_POINT ( 'NONE',  ( 8.534638887048950906, 44.06583237663245711, -11.58715457524304604 ) ) ;
#885 = FACE_OUTER_BOUND ( 'NONE', #340, .T. ) ;
#886 = DIRECTION ( 'NONE',  ( -0.003446842056350681374, -0.002622329469796997378, 0.9999906212900150360 ) ) ;
#887 = ORIENTED_EDGE ( 'NONE', *, *, #1951, .F. ) ;
#888 = EDGE_CURVE ( 'NONE', #710, #3104, #748, .T. ) ;
#889 = PLANE ( 'NONE',  #2844 ) ;
#890 = CARTESIAN_POINT ( 'NONE',  ( 81.45380385484229180, 13.42496236807571286, -4.778605185329590554 ) ) ;
#891 = CARTESIAN_POINT ( 'NONE',  ( -74.35901160898302464, 8.046210140648605957, -14.00075882270869165 ) ) ;
#892 = PRESENTATION_LAYER_ASSIGNMENT (  '', '', ( #1504 ) ) ;
#893 = LINE ( 'NONE', #3747, #1012 ) ;
#894 = PLANE ( 'NONE',  #2197 ) ;
#895 = ORIENTED_EDGE ( 'NONE', *, *, #3065, .T. ) ;
#896 = CARTESIAN_POINT ( 'NONE',  ( 54.81293425004849240, 22.87350251075217855, -11.61090131622037624 ) ) ;
#897 = CARTESIAN_POINT ( 'NONE',  ( -63.88164262460892218, 21.94250052588954247, -6.857409866691655864 ) ) ;
#898 = CARTESIAN_POINT ( 'NONE',  ( -83.73598927689589289, 21.92275017837738460, -10.11974079128364679 ) ) ;
#899 = AXIS2_PLACEMENT_3D ( 'NONE', #906, #605, #87 ) ;
#900 = CARTESIAN_POINT ( 'NONE',  ( 6.643688332631015214, 57.03325238500554661, -12.44215119058929986 ) ) ;
#901 = CARTESIAN_POINT ( 'NONE',  ( -8.588599311740939157, 46.07385398337142846, -7.713677129972587920 ) ) ;
#902 = LINE ( 'NONE', #867, #1102 ) ;
#903 = CARTESIAN_POINT ( 'NONE',  ( -59.06532410214589390, 19.63831881393014100, -12.26775200118630060 ) ) ;
#904 = VERTEX_POINT ( 'NONE', #1340 ) ;
#905 = CARTESIAN_POINT ( 'NONE',  ( -77.80701323276922210, 23.28498708488959679, -6.321011284777743988 ) ) ;
#906 = CARTESIAN_POINT ( 'NONE',  ( 48.59564029419235709, 15.03852137938454625, -8.144029192843198928 ) ) ;
#907 = DIRECTION ( 'NONE',  ( -0.7717502576154763316, -0.5871413342370410682, -0.2442674630416281079 ) ) ;
#908 = CARTESIAN_POINT ( 'NONE',  ( -81.50145871316642854, 2.573414609531736730, -3.508742817506168787 ) ) ;
#909 = ORIENTED_EDGE ( 'NONE', *, *, #2818, .T. ) ;
#910 = CARTESIAN_POINT ( 'NONE',  ( -50.82118525981061197, 31.87879052028097604, -4.113957740800273655 ) ) ;
#911 = ORIENTED_EDGE ( 'NONE', *, *, #839, .F. ) ;
#912 = CARTESIAN_POINT ( 'NONE',  ( 81.81018470572793433, 28.26165868341264797, -10.95710619580905032 ) ) ;
#913 = AXIS2_PLACEMENT_3D ( 'NONE', #2268, #1977, #2771 ) ;
#914 = VECTOR ( 'NONE', #2855, 1000.000000000000000 ) ;
#915 = CARTESIAN_POINT ( 'NONE',  ( 47.27126694332024215, 28.61114180681907371, -9.677119476495590789 ) ) ;
#916 = AXIS2_PLACEMENT_3D ( 'NONE', #2557, #2272, #828 ) ;
#917 = CARTESIAN_POINT ( 'NONE',  ( -74.67363223297049046, 7.763644629264973673, -3.724337420045346292 ) ) ;
#918 = B_SPLINE_CURVE_WITH_KNOTS ( 'NONE', 3,
 ( #2845, #3031, #754, #423, #3341, #1326 ),
 .UNSPECIFIED., .F., .F.,
 ( 4, 2, 4 ),
 ( 0.000000000000000000, 0.003938670525454722286, 0.007877341050909444573 ),
 .UNSPECIFIED. ) ;
#919 = CARTESIAN_POINT ( 'NONE',  ( -9.779010174517628329, 45.92062918395907190, -9.021975514210812008 ) ) ;
#920 = CARTESIAN_POINT ( 'NONE',  ( -8.595087623152691592, 46.07327107482807804, -12.17589761132357928 ) ) ;
#921 = CARTESIAN_POINT ( 'NONE',  ( -9.587444165619325886, 43.92819360750349489, -8.635545928759958301 ) ) ;
#922 = ORIENTED_EDGE ( 'NONE', *, *, #1505, .F. ) ;
#923 = DIRECTION ( 'NONE',  ( 0.01627792766265308971, -0.01238411529138302297, -0.9997908094993968042 ) ) ;
#924 = EDGE_CURVE ( 'NONE', #2498, #3327, #3085, .T. ) ;
#925 = FACE_OUTER_BOUND ( 'NONE', #848, .T. ) ;
#926 = DIRECTION ( 'NONE',  ( 0.1418342987313895298, -0.1079063836726510822, 0.9839914857690921224 ) ) ;
#927 = CARTESIAN_POINT ( 'NONE',  ( 81.45380385484229180, 13.42496236807571286, -4.778605185329590554 ) ) ;
#928 = LINE ( 'NONE', #2387, #2519 ) ;
#929 = EDGE_LOOP ( 'NONE', ( #3086, #1475 ) ) ;
#930 = CARTESIAN_POINT ( 'NONE',  ( 80.80111295164218177, 12.22324077232544326, -4.745951960349952259 ) ) ;
#931 = ORIENTED_EDGE ( 'NONE', *, *, #2179, .T. ) ;
#932 = CARTESIAN_POINT ( 'NONE',  ( 71.62691301841375946, 38.39351913475440625, -11.95082859298965161 ) ) ;
#933 = EDGE_CURVE ( 'NONE', #3286, #1350, #1842, .T. ) ;
#934 = CARTESIAN_POINT ( 'NONE',  ( 63.08480255030381301, 16.58033222344808166, -11.93200846251339442 ) ) ;
#935 = CARTESIAN_POINT ( 'NONE',  ( -50.77507232851526453, 25.94547509862003309, -4.534285736658436150 ) ) ;
#936 = CARTESIAN_POINT ( 'NONE',  ( -8.630052820242967826, 46.06889046089520434, -7.735313954054387153 ) ) ;
#937 = CARTESIAN_POINT ( 'NONE',  ( -8.378395603209582987, 46.09866144020018197, -12.26518125727480957 ) ) ;
#938 = ADVANCED_FACE ( 'NONE', ( #2184 ), #2754, .F. ) ;
#939 = CARTESIAN_POINT ( 'NONE',  ( 75.88343467864332581, 12.81163451022433897, -5.369788227328370134 ) ) ;
#940 = ORIENTED_EDGE ( 'NONE', *, *, #942, .F. ) ;
#941 = CARTESIAN_POINT ( 'NONE',  ( -78.91358000306652798, 9.888494587104856848, -9.148960372197539215 ) ) ;
#942 = EDGE_CURVE ( 'NONE', #2851, #613, #2530, .T. ) ;
#943 = DIRECTION ( 'NONE',  ( -0.5815903076701760543, 0.8134818461552228985, 2.574160154924742176E-18 ) ) ;
#944 = CARTESIAN_POINT ( 'NONE',  ( -63.68580595325476423, 25.67253013588022270, -6.809618174829211945 ) ) ;
#945 = CARTESIAN_POINT ( 'NONE',  ( -81.20381026371198629, 2.801480991897112638, -4.203665663907343308 ) ) ;
#946 = ORIENTED_EDGE ( 'NONE', *, *, #264, .F. ) ;
#947 = CARTESIAN_POINT ( 'NONE',  ( -67.12394648191576607, 19.47578205835965903, -6.760672879064023810 ) ) ;
#948 = EDGE_CURVE ( 'NONE', #623, #3163, #3056, .T. ) ;
#949 = ORIENTED_EDGE ( 'NONE', *, *, #158, .F. ) ;
#950 = ORIENTED_EDGE ( 'NONE', *, *, #2913, .F. ) ;
#951 = CARTESIAN_POINT ( 'NONE',  ( 57.19557141702639314, 40.54221457461775913, -9.848841100013567385 ) ) ;
#952 = ADVANCED_FACE ( 'NONE', ( #2543 ), #3076, .F. ) ;
#953 = AXIS2_PLACEMENT_3D ( 'NONE', #2789, #2157, #3620 ) ;
#954 = CARTESIAN_POINT ( 'NONE',  ( 80.99925439726054321, 31.90748372350978102, -11.45660210705803905 ) ) ;
#955 = EDGE_CURVE ( 'NONE', #749, #1299, #1898, .T. ) ;
#956 = CARTESIAN_POINT ( 'NONE',  ( -7.454491436167505647, 46.20025460574677112, -12.44215119058929986 ) ) ;
#957 = CYLINDRICAL_SURFACE ( 'NONE', #2899, 2.500000000000000444 ) ;
#958 = CARTESIAN_POINT ( 'NONE',  ( 68.66728360502817452, 12.33322593163912373, -11.09824799787508454 ) ) ;
#959 = CARTESIAN_POINT ( 'NONE',  ( 78.39341897743692300, 10.90205882098371859, -4.920725819154335490 ) ) ;
#960 = DIRECTION ( 'NONE',  ( 3.234202562487237496E-17, 2.628696496404745679E-17, -1.000000000000000000 ) ) ;
#961 = ORIENTED_EDGE ( 'NONE', *, *, #2584, .T. ) ;
#962 = CARTESIAN_POINT ( 'NONE',  ( -9.790553450842887528, 45.91904685456538715, -9.051316427405907916 ) ) ;
#963 = CARTESIAN_POINT ( 'NONE',  ( 83.55208550329250272, 20.71492620303180132, -5.187939417830508049 ) ) ;
#964 = DIRECTION ( 'NONE',  ( 0.5815903076701761654, -0.8134818461552228985, 0.000000000000000000 ) ) ;
#965 = EDGE_LOOP ( 'NONE', ( #542, #357, #1957 ) ) ;
#966 = CARTESIAN_POINT ( 'NONE',  ( -83.06961430372642496, 17.07087333420514952, -5.160639892751379243 ) ) ;
#967 = CARTESIAN_POINT ( 'NONE',  ( 56.28241825378378138, 40.26376793167901269, -5.328998901096048790 ) ) ;
#968 = CARTESIAN_POINT ( 'NONE',  ( 71.02447291601068002, 16.50829319503472448, -6.084701870150959202 ) ) ;
#969 = CARTESIAN_POINT ( 'NONE',  ( -0.3590050757020513128, -22.58095202332092555, -2.602085213965210642E-15 ) ) ;
#970 = CARTESIAN_POINT ( 'NONE',  ( 69.11688544170449688, 12.11848261754363598, -18.87453204390336126 ) ) ;
#971 = EDGE_LOOP ( 'NONE', ( #498, #2176, #2534, #53 ) ) ;
#972 = CARTESIAN_POINT ( 'NONE',  ( -47.55491512336644178, 32.42935090791209518, -9.443826125393727011 ) ) ;
#973 = DIRECTION ( 'NONE',  ( -1.000000000000000000, -2.775557561562890957E-15, 0.000000000000000000 ) ) ;
#974 = CARTESIAN_POINT ( 'NONE',  ( 71.58637752694649237, 10.11240296052154086, -10.38148784665013658 ) ) ;
#975 = VECTOR ( 'NONE', #2563, 1000.000000000000227 ) ;
#976 = LINE ( 'NONE', #3033, #429 ) ;
#977 = ORIENTED_EDGE ( 'NONE', *, *, #2258, .T. ) ;
#978 = EDGE_CURVE ( 'NONE', #1846, #309, #2324, .T. ) ;
#979 = VECTOR ( 'NONE', #1519, 1000.000000000000000 ) ;
#980 = CARTESIAN_POINT ( 'NONE',  ( 61.33673288928096667, 23.87864720386974327, -6.602601684555061468 ) ) ;
#981 = LINE ( 'NONE', #2978, #196 ) ;
#982 = DIRECTION ( 'NONE',  ( -0.6054826775597450528, 0.7958584843897071881, -1.441115708636438561E-15 ) ) ;
#983 = EDGE_CURVE ( 'NONE', #414, #2498, #1950, .T. ) ;
#984 = VERTEX_POINT ( 'NONE', #505 ) ;
#985 = CARTESIAN_POINT ( 'NONE',  ( -83.57854583348085953, 19.19705016842417677, -5.323520575083136919 ) ) ;
#986 = EDGE_LOOP ( 'NONE', ( #3379, #161, #3023, #2904, #233, #2592, #1697, #822, #3082 ) ) ;
#987 = CARTESIAN_POINT ( 'NONE',  ( -48.74692621676986448, 33.45686997029265086, -5.390753059308006634 ) ) ;
#988 = CARTESIAN_POINT ( 'NONE',  ( -83.15778082631339885, 24.96384643100224210, -10.68861055611747801 ) ) ;
#989 = CARTESIAN_POINT ( 'NONE',  ( 56.99427030631751023, 21.21395973786815148, -8.144029192843198928 ) ) ;
#990 = UNCERTAINTY_MEASURE_WITH_UNIT (LENGTH_MEASURE( 1.000000000000000082E-05 ), #2399, 'distance_accuracy_value', 'NONE');
#991 = CARTESIAN_POINT ( 'NONE',  ( 8.956496317104365446, 46.02870766572160477, -10.89136451576302811 ) ) ;
#992 = EDGE_LOOP ( 'NONE', ( #455, #3675, #665, #557, #1114, #3195 ) ) ;
#993 = CARTESIAN_POINT ( 'NONE',  ( 6.643688332631084492, 44.27051147497957118, -7.442151190589300747 ) ) ;
#994 = AXIS2_PLACEMENT_3D ( 'NONE', #1104, #2265, #3136 ) ;
#995 = CARTESIAN_POINT ( 'NONE',  ( -9.633098105839813741, 43.92184469998694851, -11.17926398890605455 ) ) ;
#996 = CARTESIAN_POINT ( 'NONE',  ( 60.54822200301397572, 18.51014212275042681, -12.05752161562043412 ) ) ;
#997 = EDGE_CURVE ( 'NONE', #2551, #2409, #1331, .T. ) ;
#998 = CARTESIAN_POINT ( 'NONE',  ( -9.213445980099782773, 43.97891749956709617, -8.165611155645452257 ) ) ;
#999 = DIRECTION ( 'NONE',  ( -0.7958584843897055228, 0.6054826775597472732, 0.000000000000000000 ) ) ;
#1000 = ORIENTED_EDGE ( 'NONE', *, *, #2821, .T. ) ;
#1001 = CARTESIAN_POINT ( 'NONE',  ( 76.95789113042839347, 34.51530002352033932, -6.464749097737070294 ) ) ;
#1002 = CARTESIAN_POINT ( 'NONE',  ( -59.06532410214588680, 19.63831881393013035, -12.26775200118630060 ) ) ;
#1003 = ORIENTED_EDGE ( 'NONE', *, *, #3135, .T. ) ;
#1004 = CARTESIAN_POINT ( 'NONE',  ( -74.12342702375725878, 26.08742958516025467, -6.684310710023221525 ) ) ;
#1005 = VERTEX_POINT ( 'NONE', #2775 ) ;
#1006 = CARTESIAN_POINT ( 'NONE',  ( -52.61016464751764232, 30.51774951737117192, -6.002193350244354519 ) ) ;
#1007 = DIRECTION ( 'NONE',  ( -0.01627792766701944074, 0.01238411529470193582, 0.9997908094992845607 ) ) ;
#1008 = LINE ( 'NONE', #437, #227 ) ;
#1009 = CARTESIAN_POINT ( 'NONE',  ( 42.22584600773314634, 32.44965711753838633, -20.00000000000000000 ) ) ;
#1010 = ORIENTED_EDGE ( 'NONE', *, *, #3135, .F. ) ;
#1011 = VERTEX_POINT ( 'NONE', #169 ) ;
#1012 = VECTOR ( 'NONE', #1145, 1000.000000000000114 ) ;
#1013 = CARTESIAN_POINT ( 'NONE',  ( 50.24493983733978553, 32.31719336220834293, -3.705907963760456170 ) ) ;
#1014 = FILL_AREA_STYLE ('',( #3070 ) ) ;
#1015 = CARTESIAN_POINT ( 'NONE',  ( -54.05511014177601936, 29.41844670920629312, -6.203161093125213021 ) ) ;
#1016 = CARTESIAN_POINT ( 'NONE',  ( -62.33108173074064240, 35.53642202568366315, -11.54719355638031075 ) ) ;
#1017 = CARTESIAN_POINT ( 'NONE',  ( 67.59762295886993400, 22.69645149735108802, -6.474965245878427034 ) ) ;
#1018 = ORIENTED_EDGE ( 'NONE', *, *, #2464, .F. ) ;
#1019 = CARTESIAN_POINT ( 'NONE',  ( 72.89216850404432080, 9.118967779953125685, -15.82042763552929365 ) ) ;
#1020 = CARTESIAN_POINT ( 'NONE',  ( -62.73972294298761909, 16.67006650084068298, -6.892539684736044947 ) ) ;
#1021 = CARTESIAN_POINT ( 'NONE',  ( 68.63985722052993310, 12.35409170243568333, -9.413718632257783270 ) ) ;
#1022 = ORIENTED_EDGE ( 'NONE', *, *, #2692, .T. ) ;
#1023 = CARTESIAN_POINT ( 'NONE',  ( -83.22970521273690281, 17.59074866643726764, -5.196079515640336766 ) ) ;
#1024 = ORIENTED_EDGE ( 'NONE', *, *, #1793, .T. ) ;
#1025 = CARTESIAN_POINT ( 'NONE',  ( 61.50795425937776173, 43.54022865493690375, -4.835065518073734303 ) ) ;
#1026 = CARTESIAN_POINT ( 'NONE',  ( 74.15078627424978208, 14.12981935808243961, -4.031597950880469128 ) ) ;
#1027 = CARTESIAN_POINT ( 'NONE',  ( 8.389487063260903099, 46.09738219961503347, -8.152656338344190345 ) ) ;
#1028 = ORIENTED_EDGE ( 'NONE', *, *, #1827, .T. ) ;
#1029 = ORIENTED_EDGE ( 'NONE', *, *, #95, .T. ) ;
#1030 = VERTEX_POINT ( 'NONE', #1670 ) ;
#1031 = CARTESIAN_POINT ( 'NONE',  ( 8.413104082971486264, 44.08048301795972179, -8.176030499877882107 ) ) ;
#1032 = CARTESIAN_POINT ( 'NONE',  ( -9.222987287064999151, 43.97763308275582261, -11.70919327212961214 ) ) ;
#1033 = CARTESIAN_POINT ( 'NONE',  ( -7.454491436167484331, 57.03325238500557504, -9.942151190589301635 ) ) ;
#1034 = EDGE_CURVE ( 'NONE', #1481, #3104, #1786, .T. ) ;
#1035 = CARTESIAN_POINT ( 'NONE',  ( 76.97495471074364559, 11.98121492607804583, -3.553993976297622925 ) ) ;
#1036 = DIRECTION ( 'NONE',  ( -0.5815903076701762764, 0.8134818461552230096, 2.574160154924745643E-18 ) ) ;
#1037 = EDGE_LOOP ( 'NONE', ( #2339, #132 ) ) ;
#1038 = CARTESIAN_POINT ( 'NONE',  ( 80.16719304656294298, 3.584188135435164568, -6.285630512311873197 ) ) ;
#1039 = VECTOR ( 'NONE', #3643, 1000.000000000000227 ) ;
#1040 = AXIS2_PLACEMENT_3D ( 'NONE', #1759, #2920, #30 ) ;
#1041 = CARTESIAN_POINT ( 'NONE',  ( -50.52925068978181855, 25.95969471886416002, -6.137064442607182535 ) ) ;
#1042 = CIRCLE ( 'NONE', #3232, 69.14622413438098647 ) ;
#1043 = CARTESIAN_POINT ( 'NONE',  ( -76.07808536507900499, 24.60034137861115511, -8.309396687639168277 ) ) ;
#1044 = EDGE_CURVE ( 'NONE', #1350, #1131, #1296, .T. ) ;
#1045 = CARTESIAN_POINT ( 'NONE',  ( -59.36881265552632669, 40.95680365852862792, -5.894815294706877040 ) ) ;
#1046 = VERTEX_POINT ( 'NONE', #1438 ) ;
#1047 = CARTESIAN_POINT ( 'NONE',  ( 71.21532559776365190, 38.63777030375491961, -6.526440481161105645 ) ) ;
#1048 = CARTESIAN_POINT ( 'NONE',  ( 52.62323900079657335, 30.50780265547714265, -4.172945469127527396 ) ) ;
#1049 = B_SPLINE_CURVE_WITH_KNOTS ( 'NONE', 3,
 ( #1256, #1436, #2344, #968, #2310, #2152, #863, #686 ),
 .UNSPECIFIED., .F., .F.,
 ( 4, 1, 1, 1, 1, 4 ),
 ( 0.000000000000000000, 0.02004179039284854219, 0.2956680436646315635, 0.5712942969364146473, 0.8469205502081980086, 1.000000000000000000 ),
 .UNSPECIFIED. ) ;
#1050 = CARTESIAN_POINT ( 'NONE',  ( 7.584145401096278327, 46.18675527212325704, -7.625775295334283221 ) ) ;
#1051 = ORIENTED_EDGE ( 'NONE', *, *, #1281, .F. ) ;
#1052 = VERTEX_POINT ( 'NONE', #2852 ) ;
#1053 = EDGE_CURVE ( 'NONE', #1005, #1069, #3129, .T. ) ;
#1054 = ORIENTED_EDGE ( 'NONE', *, *, #1612, .T. ) ;
#1055 = CARTESIAN_POINT ( 'NONE',  ( 8.324529464944395940, 44.09117989355307543, -8.087559537191996384 ) ) ;
#1056 = CARTESIAN_POINT ( 'NONE',  ( -8.434061551067239648, 44.07794778532720414, -12.24225585609104705 ) ) ;
#1057 = CARTESIAN_POINT ( 'NONE',  ( 49.92205935834573438, 35.14808620045715060, -9.171547867608074611 ) ) ;
#1058 = CARTESIAN_POINT ( 'NONE',  ( 54.27652841013005514, 23.10879623354228229, -6.418203971004854402 ) ) ;
#1059 = ORIENTED_EDGE ( 'NONE', *, *, #1675, .T. ) ;
#1060 = VECTOR ( 'NONE', #747, 1000.000000000000227 ) ;
#1061 = CARTESIAN_POINT ( 'NONE',  ( 7.682340006338962191, 46.17638544021024671, -12.21642024307426588 ) ) ;
#1062 = EDGE_CURVE ( 'NONE', #2409, #2963, #3458, .T. ) ;
#1063 = LINE ( 'NONE', #1100, #236 ) ;
#1064 = FACE_BOUND ( 'NONE', #1618, .T. ) ;
#1065 = CARTESIAN_POINT ( 'NONE',  ( -50.98002580933238903, 31.75794591899076735, -4.140468408688331436 ) ) ;
#1066 = CARTESIAN_POINT ( 'NONE',  ( -45.95425724926123223, 29.82292381571409479, -5.387633731622521793 ) ) ;
#1067 = CARTESIAN_POINT ( 'NONE',  ( -68.16806926779864284, 31.58616006062623427, -9.892774275622539193 ) ) ;
#1068 = EDGE_LOOP ( 'NONE', ( #3156, #3417 ) ) ;
#1069 = VERTEX_POINT ( 'NONE', #2002 ) ;
#1070 = ADVANCED_FACE ( 'NONE', ( #1687 ), #1116, .F. ) ;
#1071 = ORIENTED_EDGE ( 'NONE', *, *, #2427, .T. ) ;
#1072 = EDGE_CURVE ( 'NONE', #1046, #2612, #2905, .T. ) ;
#1073 = CARTESIAN_POINT ( 'NONE',  ( 9.025355095403282846, 44.00370449378926452, -9.180972130963036548 ) ) ;
#1074 = LINE ( 'NONE', #1098, #288 ) ;
#1075 = EDGE_CURVE ( 'NONE', #628, #3357, #278, .T. ) ;
#1076 = PRESENTATION_LAYER_ASSIGNMENT (  '', '', ( #2654 ) ) ;
#1077 = DIRECTION ( 'NONE',  ( -0.6054826775597450528, 0.7958584843897071881, -1.441115708636438561E-15 ) ) ;
#1078 = CARTESIAN_POINT ( 'NONE',  ( -81.37632802936934695, 3.353722813592947993, -5.413498983383780327 ) ) ;
#1079 = ORIENTED_EDGE ( 'NONE', *, *, #3020, .F. ) ;
#1080 = DIRECTION ( 'NONE',  ( -0.6054826775597450528, 0.7958584843897071881, -1.441115708636438561E-15 ) ) ;
#1081 = VECTOR ( 'NONE', #3198, 1000.000000000000227 ) ;
#1082 = DIRECTION ( 'NONE',  ( -0.7958584843897056338, 0.6054826775597471622, -9.823373564553231562E-18 ) ) ;
#1083 = CARTESIAN_POINT ( 'NONE',  ( -8.118965055937698239, 44.11519941467459915, -7.531476249668866529 ) ) ;
#1084 = FACE_OUTER_BOUND ( 'NONE', #2893, .T. ) ;
#1085 = EDGE_CURVE ( 'NONE', #2570, #1882, #791, .T. ) ;
#1086 = CARTESIAN_POINT ( 'NONE',  ( -67.18146257925667442, 40.32604141904393913, -6.525579642057850016 ) ) ;
#1087 = VECTOR ( 'NONE', #1672, 1000.000000000000114 ) ;
#1088 = CARTESIAN_POINT ( 'NONE',  ( 68.01577304765496024, 12.82888987752174614, -4.477598790814971252 ) ) ;
#1089 = ORIENTED_EDGE ( 'NONE', *, *, #115, .T. ) ;
#1090 = ORIENTED_EDGE ( 'NONE', *, *, #648, .F. ) ;
#1091 = EDGE_LOOP ( 'NONE', ( #743, #3524, #1623 ) ) ;
#1092 = CARTESIAN_POINT ( 'NONE',  ( -74.84787023820496188, 7.631085768598991237, -9.692794909853008178 ) ) ;
#1093 = CARTESIAN_POINT ( 'NONE',  ( -7.454491436167505647, 44.18932196752756170, -12.44215119058930163 ) ) ;
#1094 = CARTESIAN_POINT ( 'NONE',  ( 46.46591809454077548, 30.29233616594923362, -9.224058311123050302 ) ) ;
#1095 = CARTESIAN_POINT ( 'NONE',  ( 64.20567194260259214, 15.55478439621584563, -6.434416039940774823 ) ) ;
#1096 = ORIENTED_EDGE ( 'NONE', *, *, #558, .T. ) ;
#1097 = CARTESIAN_POINT ( 'NONE',  ( 80.13670650383937755, 3.607382049780348154, -6.341147389199069728 ) ) ;
#1098 = CARTESIAN_POINT ( 'NONE',  ( 73.26863755085379637, 10.62307251339379910, -3.838399177310837018 ) ) ;
#1099 = ADVANCED_FACE ( 'NONE', ( #3476 ), #865, .T. ) ;
#1100 = CARTESIAN_POINT ( 'NONE',  ( 87.49999999999945999, -1.994551898479465013, 4.336808689942017736E-16 ) ) ;
#1101 = CARTESIAN_POINT ( 'NONE',  ( 63.27859522501621825, 34.33808962583491109, -8.144029192843202480 ) ) ;
#1102 = VECTOR ( 'NONE', #1138, 1000.000000000000227 ) ;
#1103 = CARTESIAN_POINT ( 'NONE',  ( -54.04063146268309481, 38.94622644541681211, -5.513154063575442798 ) ) ;
#1104 = CARTESIAN_POINT ( 'NONE',  ( 63.41932916770240070, 22.29422485282634980, -6.549068465277900764 ) ) ;
#1105 = VECTOR ( 'NONE', #3264, 1000.000000000000227 ) ;
#1106 = VERTEX_POINT ( 'NONE', #315 ) ;
#1107 = EDGE_LOOP ( 'NONE', ( #6, #1109, #3457, #2719 ) ) ;
#1108 = CARTESIAN_POINT ( 'NONE',  ( -63.88164262460893639, 21.94250052588954603, -6.857409866691654976 ) ) ;
#1109 = ORIENTED_EDGE ( 'NONE', *, *, #942, .T. ) ;
#1110 = CARTESIAN_POINT ( 'NONE',  ( -61.12697300915615983, 47.02615416567724793, -9.933156919729333012 ) ) ;
#1111 =( NAMED_UNIT ( * ) SI_UNIT ( $, .STERADIAN. ) SOLID_ANGLE_UNIT ( ) );
#1112 = CYLINDRICAL_SURFACE ( 'NONE', #916, 2.944999999999997620 ) ;
#1113 = CARTESIAN_POINT ( 'NONE',  ( -59.07351035202972156, 19.63209078143935926, -9.892774275622516100 ) ) ;
#1114 = ORIENTED_EDGE ( 'NONE', *, *, #3631, .F. ) ;
#1115 = AXIS2_PLACEMENT_3D ( 'NONE', #2795, #1080, #448 ) ;
#1116 = CYLINDRICAL_SURFACE ( 'NONE', #2991, 2.944999999999986073 ) ;
#1117 = DIRECTION ( 'NONE',  ( -0.01627792766265328747, 0.01238411529138317736, 0.9997908094993968042 ) ) ;
#1118 = EDGE_CURVE ( 'NONE', #3357, #432, #1287, .T. ) ;
#1119 = LINE ( 'NONE', #3461, #975 ) ;
#1120 = EDGE_CURVE ( 'NONE', #408, #207, #2025, .T. ) ;
#1121 = CARTESIAN_POINT ( 'NONE',  ( -67.94140073050863293, 10.40374842461583782, -18.66569723156133875 ) ) ;
#1122 = CARTESIAN_POINT ( 'NONE',  ( 69.01124301312452758, 13.86206373443894790, -6.084701870150958314 ) ) ;
#1123 = AXIS2_PLACEMENT_3D ( 'NONE', #2476, #1598, #457 ) ;
#1124 = CIRCLE ( 'NONE', #330, 2.945000000000000284 ) ;
#1125 = CARTESIAN_POINT ( 'NONE',  ( -67.57240792657893280, 13.16619846430192986, -4.970328451645812606 ) ) ;
#1126 = CARTESIAN_POINT ( 'NONE',  ( 46.10188418444417380, 29.50079872174088536, -13.79731589097288769 ) ) ;
#1127 = VERTEX_POINT ( 'NONE', #1476 ) ;
#1128 = LINE ( 'NONE', #840, #3137 ) ;
#1129 = CARTESIAN_POINT ( 'NONE',  ( 77.58513044028316585, 5.245630945442100845, -4.484729488736097558 ) ) ;
#1130 = B_SPLINE_CURVE_WITH_KNOTS ( 'NONE', 3,
 ( #3721, #3168, #3229, #2065, #1121, #622, #1409, #2601, #2564, #2925, #3462, #2280, #2875, #2908, #2047, #3760, #852, #3445, #1157, #2315, #567, #263, #835, #2618, #546, #3479 ),
 .UNSPECIFIED., .F., .F.,
 ( 4, 2, 2, 2, 2, 2, 2, 2, 2, 2, 2, 2, 4 ),
 ( 0.000000000000000000, 0.06249999999999943101, 0.1249999999999988620, 0.2499999999999987232, 0.3749999999999985567, 0.4999999999999984457, 0.6249999999999983347, 0.6874999999999986677, 0.7499999999999988898, 0.8124999999999992228, 0.8749999999999995559, 0.9374999999999997780, 1.000000000000000000 ),
 .UNSPECIFIED. ) ;
#1131 = VERTEX_POINT ( 'NONE', #1986 ) ;
#1132 = CARTESIAN_POINT ( 'NONE',  ( -53.01868357643225238, 11.67350593754230026, -9.892774275622516100 ) ) ;
#1133 = CARTESIAN_POINT ( 'NONE',  ( 6.643688332631015214, 57.03325238500556082, -7.442151190589300747 ) ) ;
#1134 = CARTESIAN_POINT ( 'NONE',  ( -71.09983394604189755, 7.470078160305053672, -16.25769011327676949 ) ) ;
#1135 = VERTEX_POINT ( 'NONE', #2922 ) ;
#1136 = DIRECTION ( 'NONE',  ( 0.6054826775597461630, 0.7958584843897062999, -3.758525927527592285E-16 ) ) ;
#1137 = CARTESIAN_POINT ( 'NONE',  ( 73.26863755085379637, 10.62307251339379910, -3.838399177310837018 ) ) ;
#1138 = DIRECTION ( 'NONE',  ( -0.003446842051988523170, -0.002622329466478302666, 0.9999906212900387947 ) ) ;
#1139 = PLANE ( 'NONE',  #721 ) ;
#1140 = DIRECTION ( 'NONE',  ( -0.7956919983549477493, 0.6053560163353206569, -0.02045329412443974010 ) ) ;
#1141 = VECTOR ( 'NONE', #2379, 1000.000000000000000 ) ;
#1142 = CARTESIAN_POINT ( 'NONE',  ( 59.46006151312090537, 25.30640356008737157, -6.479555672206510408 ) ) ;
#1143 = DIRECTION ( 'NONE',  ( -0.7958584843897060779, -0.6054826775597464961, 0.000000000000000000 ) ) ;
#1144 = B_SPLINE_CURVE_WITH_KNOTS ( 'NONE', 3,
 ( #2466, #466, #124, #2752, #3343 ),
 .UNSPECIFIED., .F., .F.,
 ( 4, 1, 4 ),
 ( 0.04873249857047167594, 0.1049654681452812932, 0.1542314103932546643 ),
 .UNSPECIFIED. ) ;
#1145 = DIRECTION ( 'NONE',  ( -0.7958584843897059669, -0.6054826775597466071, 7.703719777548942557E-34 ) ) ;
#1146 = LINE ( 'NONE', #2074, #1411 ) ;
#1147 = EDGE_LOOP ( 'NONE', ( #2088, #1516, #3128, #1252 ) ) ;
#1148 = CARTESIAN_POINT ( 'NONE',  ( -49.16932158767164651, 34.59016745173202168, -5.341629112585041916 ) ) ;
#1149 = CARTESIAN_POINT ( 'NONE',  ( 75.02789647105315396, 4.981113685794019474, -11.89506841990758268 ) ) ;
#1150 = CARTESIAN_POINT ( 'NONE',  ( -62.22753159336875228, 41.15991960536241123, -10.91698404537541478 ) ) ;
#1151 = ORIENTED_EDGE ( 'NONE', *, *, #1344, .F. ) ;
#1152 = CARTESIAN_POINT ( 'NONE',  ( -61.39513043425512961, 5.300773132160744083, -8.309396687639146961 ) ) ;
#1153 = EDGE_CURVE ( 'NONE', #2001, #2043, #140, .T. ) ;
#1154 = CARTESIAN_POINT ( 'NONE',  ( 7.592174467581071617, 44.17454679085599167, -12.25524763589050004 ) ) ;
#1155 = EDGE_CURVE ( 'NONE', #1846, #2493, #3757, .T. ) ;
#1156 = CARTESIAN_POINT ( 'NONE',  ( -53.01049732654841762, 11.67973397003307134, -17.03687460358431238 ) ) ;
#1157 = CARTESIAN_POINT ( 'NONE',  ( -78.58053459797982043, 2.293641665328639778, -7.053063557290604635 ) ) ;
#1158 = CARTESIAN_POINT ( 'NONE',  ( -80.43403571096884264, 11.93482215667177115, -9.157487990725925897 ) ) ;
#1159 = CARTESIAN_POINT ( 'NONE',  ( 72.28836669357677636, 27.96100041646704781, -6.454300933665092721 ) ) ;
#1160 = ADVANCED_FACE ( 'NONE', ( #1172, #1702, #3495 ), #1761, .F. ) ;
#1161 = DIRECTION ( 'NONE',  ( 3.234202562487237496E-17, 2.628696496404745679E-17, -1.000000000000000000 ) ) ;
#1162 = ORIENTED_EDGE ( 'NONE', *, *, #1193, .F. ) ;
#1163 = CIRCLE ( 'NONE', #740, 2.944999999999991847 ) ;
#1164 = FACE_OUTER_BOUND ( 'NONE', #992, .T. ) ;
#1165 = VECTOR ( 'NONE', #2720, 1000.000000000000000 ) ;
#1166 = VERTEX_POINT ( 'NONE', #3183 ) ;
#1167 = LINE ( 'NONE', #1132, #3395 ) ;
#1168 = ADVANCED_FACE ( 'NONE', ( #579 ), #49, .F. ) ;
#1169 = CARTESIAN_POINT ( 'NONE',  ( 65.59441220774870374, 12.15803197277264402, -20.00000000000000000 ) ) ;
#1170 = CARTESIAN_POINT ( 'NONE',  ( -52.56919672741972960, 37.93759316468182163, -9.608840999760742463 ) ) ;
#1171 = ORIENTED_EDGE ( 'NONE', *, *, #172, .F. ) ;
#1172 = FACE_BOUND ( 'NONE', #3008, .T. ) ;
#1173 = CARTESIAN_POINT ( 'NONE',  ( -45.87088349836106715, 29.67654216944153944, -5.390753059308000417 ) ) ;
#1174 = CARTESIAN_POINT ( 'NONE',  ( 60.93528228986090056, 36.12086309394243244, -8.204264144039676410 ) ) ;
#1175 = DIRECTION ( 'NONE',  ( 0.6054826775597461630, 0.7958584843897062999, -3.758525927527592285E-16 ) ) ;
#1176 = ORIENTED_EDGE ( 'NONE', *, *, #1637, .F. ) ;
#1177 = CARTESIAN_POINT ( 'NONE',  ( -78.37367690132133191, 9.229892359592822615, -9.158067108057544203 ) ) ;
#1178 = CARTESIAN_POINT ( 'NONE',  ( -96.01215696136507916, 20.19329666779234245, -4.770489558936219510E-15 ) ) ;
#1179 = CARTESIAN_POINT ( 'NONE',  ( -76.10020839624824873, 6.678317059066744221, -5.016044951008129082 ) ) ;
#1180 = FACE_OUTER_BOUND ( 'NONE', #1668, .T. ) ;
#1181 = VECTOR ( 'NONE', #2227, 1000.000000000000114 ) ;
#1182 = ORIENTED_EDGE ( 'NONE', *, *, #1659, .T. ) ;
#1183 = DIRECTION ( 'NONE',  ( -0.6054826775597463850, -0.7958584843897060779, 3.710578887691478670E-16 ) ) ;
#1184 = EDGE_LOOP ( 'NONE', ( #2645, #1498, #3613, #2760 ) ) ;
#1185 = B_SPLINE_CURVE_WITH_KNOTS ( 'NONE', 3,
 ( #2850, #2273, #3440, #561, #1984, #3146, #617, #898, #93, #1737, #988, #312, #3224, #2022, #3290, #2985, #2130, #3493, #2596, #113, #376, #707, #1540, #3513, #2061, #3753, #3473, #1453, #3575, #2903, #1150, #1275, #3004, #296, #397, #2884, #1474, #11, #3311, #577, #2611, #1170, #3594, #2326 ),
 .UNSPECIFIED., .F., .F.,
 ( 4, 2, 2, 2, 2, 2, 2, 2, 2, 2, 2, 2, 2, 2, 2, 2, 2, 2, 2, 2, 2, 4 ),
 ( 0.000000000000000000, 0.003133148273886133053, 0.004699722410829193509, 0.006266296547772254831, 0.009399444821658376609, 0.01096601895860144400, 0.01253259309554450966, 0.01566574136943063231, 0.01879888964331675322, 0.02193203791720287413, 0.02506518619108899851, 0.02819833446497511942, 0.03133148273886124380, 0.03446463101274736818, 0.03759777928663348562, 0.03916435342357654087, 0.04073092756051960306, 0.04229750169746266525, 0.04386407583440572744, 0.04699722410829184488, 0.04856379824523490707, 0.05013037238217796232 ),
 .UNSPECIFIED. ) ;
#1186 = CARTESIAN_POINT ( 'NONE',  ( 51.09569847814294974, 23.18853573991602346, -8.144029192843198928 ) ) ;
#1187 = B_SPLINE_SURFACE_WITH_KNOTS ( 'NONE', 3, 1, ( 
 ( #3154, #2247 ),
 ( #1617, #801 ),
 ( #2779, #2568 ),
 ( #3723, #1125 ),
 ( #3688, #2282 ),
 ( #492, #3447 ),
 ( #837, #1336 ),
 ( #2513, #3671 ),
 ( #1065, #2229 ),
 ( #3394, #782 ),
 ( #1955, #1674 ) ),
 .UNSPECIFIED., .F., .F., .F.,
 ( 4, 1, 1, 1, 1, 1, 1, 1, 4 ),
 ( 2, 2 ),
 ( 0.04873249857047167594, 0.1635537196282702554, 0.2783749406860688280, 0.5080173828016658621, 0.6228386038594643237, 0.7376598249172628963, 0.8524810459750614688, 0.9098916565039606441, 0.9673022670328599304 ),
 ( 0.000000000000000000, 1.000000000000000000 ),
 .UNSPECIFIED. ) ;
#1188 = EDGE_CURVE ( 'NONE', #419, #1350, #1211, .T. ) ;
#1189 = CARTESIAN_POINT ( 'NONE',  ( -57.85435874702637449, 18.04660184515069332, -12.26775200118630060 ) ) ;
#1190 = CARTESIAN_POINT ( 'NONE',  ( -77.79872765654106104, 11.35449515277011479, -5.308728892372562846 ) ) ;
#1191 = ORIENTED_EDGE ( 'NONE', *, *, #2414, .F. ) ;
#1192 = DIRECTION ( 'NONE',  ( 0.8134818461552230096, 0.5815903076701762764, 4.159789475487621293E-17 ) ) ;
#1193 = EDGE_CURVE ( 'NONE', #1978, #628, #2468, .T. ) ;
#1194 = CARTESIAN_POINT ( 'NONE',  ( -47.41804338244410388, 15.93442755516518616, -11.54719355638028944 ) ) ;
#1195 = CARTESIAN_POINT ( 'NONE',  ( 76.25652659639567332, 6.559391440713938870, -8.918594189161170860 ) ) ;
#1196 = DIRECTION ( 'NONE',  ( -3.234202562487237496E-17, -2.628696496404745679E-17, 1.000000000000000000 ) ) ;
#1197 = ORIENTED_EDGE ( 'NONE', *, *, #978, .F. ) ;
#1198 = CARTESIAN_POINT ( 'NONE',  ( 46.11390054788007831, 29.86915562885916842, -5.020183399016657333 ) ) ;
#1199 = APPLICATION_PROTOCOL_DEFINITION ( 'draft international standard', 'automotive_design', 1998, #3579 ) ;
#1200 = DIRECTION ( 'NONE',  ( 3.234202562487237496E-17, 2.628696496404745679E-17, -1.000000000000000000 ) ) ;
#1201 = DIRECTION ( 'NONE',  ( -0.7958584843897059669, -0.6054826775597466071, -4.165597742725466033E-17 ) ) ;
#1202 = COLOUR_RGB ( '',0.7921568627450980005, 0.8196078431372548767, 0.9333333333333333481 ) ;
#1203 = B_SPLINE_CURVE_WITH_KNOTS ( 'NONE', 3,
 ( #3247, #1198, #2355, #3520 ),
 .UNSPECIFIED., .F., .F.,
 ( 4, 4 ),
 ( 0.000000000000000000, 0.0009072615027490728680 ),
 .UNSPECIFIED. ) ;
#1204 = ADVANCED_FACE ( 'NONE', ( #3225 ), #1780, .F. ) ;
#1205 = ORIENTED_EDGE ( 'NONE', *, *, #3256, .T. ) ;
#1206 = CARTESIAN_POINT ( 'NONE',  ( 47.02787062874784141, 28.79631574809895511, -9.599041244384279636 ) ) ;
#1207 = ORIENTED_EDGE ( 'NONE', *, *, #955, .F. ) ;
#1208 = DIRECTION ( 'NONE',  ( 3.234202562487237496E-17, 2.628696496404745679E-17, -1.000000000000000000 ) ) ;
#1209 = CARTESIAN_POINT ( 'NONE',  ( -64.48347020765112347, 17.30675654781428463, -6.785282681105461400 ) ) ;
#1210 = VECTOR ( 'NONE', #3668, 1000.000000000000000 ) ;
#1211 = LINE ( 'NONE', #900, #3742 ) ;
#1212 = FACE_OUTER_BOUND ( 'NONE', #971, .T. ) ;
#1213 = CARTESIAN_POINT ( 'NONE',  ( -9.097954017093885071, 46.01088649591812896, -11.82638344369202876 ) ) ;
#1214 = CARTESIAN_POINT ( 'NONE',  ( -8.378303224902794000, 44.08467548896944521, -7.619084417029658773 ) ) ;
#1215 = EDGE_LOOP ( 'NONE', ( #2711, #1661, #137, #1071 ) ) ;
#1216 = LINE ( 'NONE', #1746, #3016 ) ;
#1217 = CARTESIAN_POINT ( 'NONE',  ( -0.3590050757020513128, -22.58095202332092555, -2.602085213965210642E-15 ) ) ;
#1218 = EDGE_CURVE ( 'NONE', #2578, #1106, #1251, .T. ) ;
#1219 = CARTESIAN_POINT ( 'NONE',  ( -69.10509420198089003, 12.03142945892378535, -18.66569723156136007 ) ) ;
#1220 = ORIENTED_EDGE ( 'NONE', *, *, #3208, .F. ) ;
#1221 = CARTESIAN_POINT ( 'NONE',  ( -68.37134158693918096, 18.52677398345842263, -6.684310710024173652 ) ) ;
#1222 = CARTESIAN_POINT ( 'NONE',  ( 53.10017721287610470, 38.28475689199997589, -9.346182215595948861 ) ) ;
#1223 = AXIS2_PLACEMENT_3D ( 'NONE', #2360, #2964, #1183 ) ;
#1224 = CIRCLE ( 'NONE', #2558, 2.944999999999994955 ) ;
#1225 = CARTESIAN_POINT ( 'NONE',  ( 71.09983394604211071, 7.470078160305236636, -16.25769011327671265 ) ) ;
#1226 = EDGE_CURVE ( 'NONE', #1551, #3360, #1963, .T. ) ;
#1227 = CARTESIAN_POINT ( 'NONE',  ( -49.47078390297109962, 34.99794138825752299, -9.436149126711955049 ) ) ;
#1228 = DIRECTION ( 'NONE',  ( 1.498801083243961330E-15, -1.000000000000000000, -2.628696496404741057E-17 ) ) ;
#1229 = CARTESIAN_POINT ( 'NONE',  ( 74.94508051763210688, 7.557128976745739912, -9.356805181884093159 ) ) ;
#1230 = PRESENTATION_STYLE_ASSIGNMENT (( #2730 ) ) ;
#1231 = VERTEX_POINT ( 'NONE', #2668 ) ;
#1232 = DIRECTION ( 'NONE',  ( -0.6054826775597451638, 0.7958584843897070771, -1.441623346575986054E-15 ) ) ;
#1233 = EDGE_CURVE ( 'NONE', #2056, #2166, #1546, .T. ) ;
#1234 = DIRECTION ( 'NONE',  ( -0.6054826775597450528, 0.7958584843897071881, -1.441115708636438561E-15 ) ) ;
#1235 = DIRECTION ( 'NONE',  ( -3.234202562487237496E-17, -2.628696496404745679E-17, 1.000000000000000000 ) ) ;
#1236 = ORIENTED_EDGE ( 'NONE', *, *, #2962, .T. ) ;
#1237 = CARTESIAN_POINT ( 'NONE',  ( -53.17001383079818311, 24.12342303554097711, -11.48686503736920983 ) ) ;
#1238 = CARTESIAN_POINT ( 'NONE',  ( 75.62828316953520869, 25.42001906066738215, -11.49818131976542723 ) ) ;
#1239 = CARTESIAN_POINT ( 'NONE',  ( 64.16152840182418515, 15.76116793185133247, -11.89150792265276557 ) ) ;
#1240 = B_SPLINE_CURVE_WITH_KNOTS ( 'NONE', 3,
 ( #1816, #2975, #368, #85, #1247, #2402, #3566, #962, #919, #1530, #3226, #2990, #599, #1829, #670, #2396, #3242, #383, #2687, #3530, #81, #2349, #3560, #655, #1263, #2079, #936, #901, #3547, #3516, #2095, #2635, #1242, #34, #1762, #2923, #638, #3582, #2707 ),
 .UNSPECIFIED., .F., .F.,
 ( 4, 2, 2, 1, 1, 2, 2, 2, 2, 1, 1, 1, 2, 2, 2, 2, 2, 1, 1, 2, 2, 2, 4 ),
 ( 0.5001602238513557230, 0.5626401958699270844, 0.5938801818792132092, 0.6095001748838563271, 0.6173101713861781636, 0.6212151696373390264, 0.6251201678884998891, 0.6876001399070743592, 0.7188401259163617052, 0.7344601189210054892, 0.7422701154233268817, 0.7461751136744878554, 0.7481276128000685643, 0.7500801119256492733, 0.8125600839442344014, 0.8438000699535268545, 0.8594200629581733031, 0.8672300594604962498, 0.8711350577116574456, 0.8730875568372383766, 0.8750400559628193076, 0.9375200279814095428, 1.000000000000000000 ),
 .UNSPECIFIED. ) ;
#1241 = CARTESIAN_POINT ( 'NONE',  ( -72.30163507538381396, 9.568240821062838464, -4.239495396663517823 ) ) ;
#1242 = CARTESIAN_POINT ( 'NONE',  ( -8.422665286799015050, 46.09347992782818437, -7.637226360467175290 ) ) ;
#1243 = CARTESIAN_POINT ( 'NONE',  ( -8.403075217588984458, 46.09577787258247383, -12.25520727317790559 ) ) ;
#1244 = LINE ( 'NONE', #2098, #367 ) ;
#1245 = CARTESIAN_POINT ( 'NONE',  ( 0.3590050757018015126, -22.58095202332093976, -2.602085213965210642E-15 ) ) ;
#1246 = VERTEX_POINT ( 'NONE', #1812 ) ;
#1247 = CARTESIAN_POINT ( 'NONE',  ( -9.871773329703858124, 45.90786224737525600, -9.298983849536822888 ) ) ;
#1248 =( NAMED_UNIT ( * ) PLANE_ANGLE_UNIT ( ) SI_UNIT ( $, .RADIAN. ) );
#1249 = LINE ( 'NONE', #410, #979 ) ;
#1250 = CARTESIAN_POINT ( 'NONE',  ( -78.00344749575772596, 5.257469984839219457, -9.644070702606033052 ) ) ;
#1251 = CIRCLE ( 'NONE', #2097, 69.14622413438098647 ) ;
#1252 = ORIENTED_EDGE ( 'NONE', *, *, #1998, .T. ) ;
#1253 = CARTESIAN_POINT ( 'NONE',  ( -82.03839103989599835, 14.56050656294276280, -5.025357781580084726 ) ) ;
#1254 = VECTOR ( 'NONE', #333, 1000.000000000000000 ) ;
#1255 = LINE ( 'NONE', #2433, #1165 ) ;
#1256 = CARTESIAN_POINT ( 'NONE',  ( 75.30830927444225154, 13.24918525134049396, -5.462456604987462327 ) ) ;
#1257 = CARTESIAN_POINT ( 'NONE',  ( 81.98023746261850420, 14.27008980001106231, -8.949120160127414181 ) ) ;
#1258 = AXIS2_PLACEMENT_3D ( 'NONE', #2206, #3667, #3390 ) ;
#1259 = CARTESIAN_POINT ( 'NONE',  ( 48.71290971073609199, 27.51435168643861928, -10.13937168527267119 ) ) ;
#1260 = ORIENTED_EDGE ( 'NONE', *, *, #1261, .T. ) ;
#1261 = EDGE_CURVE ( 'NONE', #3468, #1819, #293, .T. ) ;
#1262 = DIRECTION ( 'NONE',  ( -0.003446842056351184878, -0.002622329469799460685, 0.9999906212900150360 ) ) ;
#1263 = CARTESIAN_POINT ( 'NONE',  ( -8.822503250682565579, 46.04552755040552370, -7.848063659596587804 ) ) ;
#1264 = CARTESIAN_POINT ( 'NONE',  ( -8.259324975768711496, 46.11240822974124143, -12.30924795839384700 ) ) ;
#1265 = AXIS2_PLACEMENT_3D ( 'NONE', #1989, #3740, #3186 ) ;
#1266 = DIRECTION ( 'NONE',  ( -0.7958584843897060779, -0.6054826775597466071, 0.000000000000000000 ) ) ;
#1267 = ORIENTED_EDGE ( 'NONE', *, *, #2512, .T. ) ;
#1268 = DIRECTION ( 'NONE',  ( -0.5815903076701762764, 0.8134818461552230096, 0.000000000000000000 ) ) ;
#1269 = EDGE_CURVE ( 'NONE', #3218, #1005, #3580, .T. ) ;
#1270 = CARTESIAN_POINT ( 'NONE',  ( 75.28186745374043198, 13.26930197398920619, -3.838399177310760191 ) ) ;
#1271 = CARTESIAN_POINT ( 'NONE',  ( -0.3590050757020513128, -22.58095202332092555, -12.44215119058930163 ) ) ;
#1272 = VERTEX_POINT ( 'NONE', #344 ) ;
#1273 = CARTESIAN_POINT ( 'NONE',  ( 62.61245682943069113, 4.374641087742063839, -16.25243526347868794 ) ) ;
#1274 = CARTESIAN_POINT ( 'NONE',  ( -59.06532410214588680, 19.63831881393013035, -17.03687460358431238 ) ) ;
#1275 = CARTESIAN_POINT ( 'NONE',  ( -61.19460587577822253, 41.15617500248112037, -10.74819747729367947 ) ) ;
#1276 = CARTESIAN_POINT ( 'NONE',  ( 68.81988802616970702, 39.72545784469126318, -11.69817895482960957 ) ) ;
#1277 = CARTESIAN_POINT ( 'NONE',  ( 7.092120835510197452, 46.23647220344184916, -7.481344590498685498 ) ) ;
#1278 = ORIENTED_EDGE ( 'NONE', *, *, #2464, .T. ) ;
#1279 = EDGE_CURVE ( 'NONE', #3660, #1380, #3294, .T. ) ;
#1280 = CARTESIAN_POINT ( 'NONE',  ( 9.143762254955834834, 43.98815543191467015, -9.783951532741024693 ) ) ;
#1281 = EDGE_CURVE ( 'NONE', #3646, #1290, #2969, .T. ) ;
#1282 = CARTESIAN_POINT ( 'NONE',  ( -9.954491442593216277, 45.89632139810444045, -10.26148036448365808 ) ) ;
#1283 = CARTESIAN_POINT ( 'NONE',  ( -9.748193623512330319, 43.90561671936759325, -8.947520704675255843 ) ) ;
#1284 = DIRECTION ( 'NONE',  ( -0.6054826775597467181, 0.7958584843897061889, 1.338167822438455786E-18 ) ) ;
#1285 = VERTEX_POINT ( 'NONE', #2395 ) ;
#1286 = AXIS2_PLACEMENT_3D ( 'NONE', #2505, #3664, #3623 ) ;
#1287 = B_SPLINE_CURVE_WITH_KNOTS ( 'NONE', 3,
 ( #14, #2886, #2872, #2296, #2561, #3203, #1969, #3442 ),
 .UNSPECIFIED., .F., .F.,
 ( 4, 1, 1, 1, 1, 4 ),
 ( 0.000000000000000000, 0.02004179039284854219, 0.2956680436646315635, 0.5712942969364146473, 0.8469205502081980086, 1.000000000000000000 ),
 .UNSPECIFIED. ) ;
#1288 = CARTESIAN_POINT ( 'NONE',  ( -84.19685017569707952, -1.994551898479003604, -20.00000000000000355 ) ) ;
#1289 = CARTESIAN_POINT ( 'NONE',  ( 87.49999999999945999, -1.994551898479465013, 4.336808689942017736E-16 ) ) ;
#1290 = VERTEX_POINT ( 'NONE', #2727 ) ;
#1291 = CARTESIAN_POINT ( 'NONE',  ( -80.79790850438718053, 30.00631698491134713, -6.484787190256189326 ) ) ;
#1292 = ORIENTED_EDGE ( 'NONE', *, *, #2336, .F. ) ;
#1293 = CARTESIAN_POINT ( 'NONE',  ( 75.08092632543630884, 38.85822627919620231, -12.14847634380715924 ) ) ;
#1294 = CARTESIAN_POINT ( 'NONE',  ( -76.06996993012977271, 6.701322238743553150, -13.78876562244903781 ) ) ;
#1295 = LINE ( 'NONE', #547, #1682 ) ;
#1296 = CIRCLE ( 'NONE', #688, 69.14622413438098647 ) ;
#1297 = PRODUCT_DEFINITION_CONTEXT ( 'detailed design', #3579, 'design' ) ;
#1298 = CARTESIAN_POINT ( 'NONE',  ( 8.558919287701536760, 46.07737677407403254, -11.54954572884385122 ) ) ;
#1299 = VERTEX_POINT ( 'NONE', #3559 ) ;
#1300 = ORIENTED_EDGE ( 'NONE', *, *, #3194, .F. ) ;
#1301 = CARTESIAN_POINT ( 'NONE',  ( 8.926040076311988258, 44.01654448155425570, -10.96268714300233960 ) ) ;
#1302 = VECTOR ( 'NONE', #1730, 1000.000000000000000 ) ;
#1303 = AXIS2_PLACEMENT_3D ( 'NONE', #1217, #2603, #286 ) ;
#1304 = CARTESIAN_POINT ( 'NONE',  ( -8.588490818957270179, 44.05912063670650269, -12.17068049323983026 ) ) ;
#1305 = CARTESIAN_POINT ( 'NONE',  ( 54.81293425004849951, 22.87350251075218921, -11.61090131622037624 ) ) ;
#1306 = DIRECTION ( 'NONE',  ( 0.003446842051985613171, 0.002622329466478168225, -0.9999906212900387947 ) ) ;
#1307 = CARTESIAN_POINT ( 'NONE',  ( -52.51770183072309095, 30.58809447817210980, -4.364026276786582947 ) ) ;
#1308 = ORIENTED_EDGE ( 'NONE', *, *, #3118, .F. ) ;
#1309 = CARTESIAN_POINT ( 'NONE',  ( 80.52880843032029645, 3.309074085514482455, -5.604103849368169854 ) ) ;
#1310 = LINE ( 'NONE', #3369, #495 ) ;
#1311 = EDGE_CURVE ( 'NONE', #3175, #2491, #2012, .T. ) ;
#1312 = CARTESIAN_POINT ( 'NONE',  ( -7.454491436167505647, 44.18932196752756170, -7.442151190589302523 ) ) ;
#1313 = ORIENTED_EDGE ( 'NONE', *, *, #3096, .T. ) ;
#1314 = CARTESIAN_POINT ( 'NONE',  ( 64.22208849704801992, 15.71509430277201425, -4.820886811921824666 ) ) ;
#1315 = VECTOR ( 'NONE', #1262, 1000.000000000000114 ) ;
#1316 = ORIENTED_EDGE ( 'NONE', *, *, #308, .T. ) ;
#1317 = DIRECTION ( 'NONE',  ( -0.7958584843897057448, -0.6054826775597470512, -0.000000000000000000 ) ) ;
#1318 = CARTESIAN_POINT ( 'NONE',  ( 64.22208849704801992, 15.71509430277200359, -4.820886811921824666 ) ) ;
#1319 = CARTESIAN_POINT ( 'NONE',  ( -0.3590050757020513128, -22.58095202332092555, -20.00000000000000355 ) ) ;
#1320 = CARTESIAN_POINT ( 'NONE',  ( 8.534752382315229369, 46.08036819457728228, -8.297280164667082403 ) ) ;
#1321 = ORIENTED_EDGE ( 'NONE', *, *, #3213, .T. ) ;
#1322 = ORIENTED_EDGE ( 'NONE', *, *, #2573, .F. ) ;
#1323 = AXIS2_PLACEMENT_3D ( 'NONE', #1513, #2063, #100 ) ;
#1324 = CARTESIAN_POINT ( 'NONE',  ( 8.639567236557068597, 44.05280173786849929, -8.434246823394058623 ) ) ;
#1325 = PRESENTATION_STYLE_ASSIGNMENT (( #3385 ) ) ;
#1326 = CARTESIAN_POINT ( 'NONE',  ( -76.72182452802786656, 7.338895316511243827, -4.997251737514265990 ) ) ;
#1327 = EDGE_CURVE ( 'NONE', #3726, #3175, #1548, .T. ) ;
#1328 = CARTESIAN_POINT ( 'NONE',  ( -74.12342702375725878, 26.08742958516025467, -6.684310710023221525 ) ) ;
#1329 = DIRECTION ( 'NONE',  ( 0.003446842051988197476, 0.002622329466478311773, -0.9999906212900389058 ) ) ;
#1330 = VERTEX_POINT ( 'NONE', #2992 ) ;
#1331 = LINE ( 'NONE', #1613, #378 ) ;
#1332 = CARTESIAN_POINT ( 'NONE',  ( 79.68472126488073570, 31.86642544757220463, -19.99999999999999645 ) ) ;
#1333 = CARTESIAN_POINT ( 'NONE',  ( -41.01488065261398219, 30.85794014875902747, -20.00000000000000355 ) ) ;
#1334 = VERTEX_POINT ( 'NONE', #2442 ) ;
#1335 = EDGE_CURVE ( 'NONE', #459, #1011, #3243, .T. ) ;
#1336 = CARTESIAN_POINT ( 'NONE',  ( -54.03934214927055990, 23.46204510432399815, -4.914206193918224663 ) ) ;
#1337 = ORIENTED_EDGE ( 'NONE', *, *, #3380, .T. ) ;
#1338 = CARTESIAN_POINT ( 'NONE',  ( 85.43450788560377873, 26.89912673315777170, -11.83177237309993224 ) ) ;
#1339 = CARTESIAN_POINT ( 'NONE',  ( 61.33575495244747344, 23.87939121027796929, -6.542536774656123377 ) ) ;
#1340 = CARTESIAN_POINT ( 'NONE',  ( -7.454491436167505647, 44.18932196752756170, -7.442151190589302523 ) ) ;
#1341 = ORIENTED_EDGE ( 'NONE', *, *, #308, .F. ) ;
#1342 = EDGE_LOOP ( 'NONE', ( #1677, #2550, #2445, #1854 ) ) ;
#1343 = VERTEX_POINT ( 'NONE', #3227 ) ;
#1344 = EDGE_CURVE ( 'NONE', #92, #623, #639, .T. ) ;
#1345 = CARTESIAN_POINT ( 'NONE',  ( 8.823524204633493184, 44.02972660146929229, -8.707203529368404915 ) ) ;
#1346 = CARTESIAN_POINT ( 'NONE',  ( -8.523798935185016745, 44.06704105839372687, -12.20205292203245229 ) ) ;
#1347 = EDGE_CURVE ( 'NONE', #2156, #459, #3531, .T. ) ;
#1348 = PLANE ( 'NONE',  #1286 ) ;
#1349 = CARTESIAN_POINT ( 'NONE',  ( -82.14936542957879340, 14.88489931571175795, -9.281524435854226596 ) ) ;
#1350 = VERTEX_POINT ( 'NONE', #2954 ) ;
#1351 = CARTESIAN_POINT ( 'NONE',  ( 6.643688332631084492, 46.27907316112200675, -12.44215119058929986 ) ) ;
#1352 = AXIS2_PLACEMENT_3D ( 'NONE', #103, #3624, #999 ) ;
#1353 = CARTESIAN_POINT ( 'NONE',  ( -74.89005438974552931, 7.426192920397780561, -5.297687969832683308 ) ) ;
#1354 = PRESENTATION_LAYER_ASSIGNMENT (  '', '', ( #1775 ) ) ;
#1355 = DIRECTION ( 'NONE',  ( 3.234202562487237496E-17, 2.628696496404745679E-17, -1.000000000000000000 ) ) ;
#1356 = CARTESIAN_POINT ( 'NONE',  ( -55.48453704835291944, 39.74121486167928907, -5.602135797268203987 ) ) ;
#1357 = EDGE_CURVE ( 'NONE', #1399, #2633, #1514, .T. ) ;
#1358 = CARTESIAN_POINT ( 'NONE',  ( -81.57517145590666985, -5.204170427930421283E-15, -4.770489558936219510E-15 ) ) ;
#1359 = EDGE_CURVE ( 'NONE', #2166, #3682, #3328, .T. ) ;
#1360 = EDGE_CURVE ( 'NONE', #2982, #3433, #3297, .T. ) ;
#1361 = CARTESIAN_POINT ( 'NONE',  ( 8.777196258894022662, 46.05102948640008265, -8.636454666052451046 ) ) ;
#1362 = ORIENTED_EDGE ( 'NONE', *, *, #662, .T. ) ;
#1363 = ORIENTED_EDGE ( 'NONE', *, *, #2858, .T. ) ;
#1364 = VERTEX_POINT ( 'NONE', #405 ) ;
#1365 = CARTESIAN_POINT ( 'NONE',  ( 9.081216050677644702, 43.99643480840217080, -9.380736936909736201 ) ) ;
#1366 = CARTESIAN_POINT ( 'NONE',  ( -9.228059847573192087, 43.97695754803054768, -11.70410628315244672 ) ) ;
#1367 = CARTESIAN_POINT ( 'NONE',  ( 47.86483693815849705, 32.44077026372458050, -9.172095213334591435 ) ) ;
#1368 = CARTESIAN_POINT ( 'NONE',  ( 76.15679425665543079, 6.462467507610050177, -4.778605185329587890 ) ) ;
#1369 = VERTEX_POINT ( 'NONE', #2202 ) ;
#1370 = DIRECTION ( 'NONE',  ( 3.234202562487237496E-17, 2.628696496404745679E-17, -1.000000000000000000 ) ) ;
#1371 = CARTESIAN_POINT ( 'NONE',  ( -90.13694460481607962, 24.97199619273757065, -4.997251737514297965 ) ) ;
#1372 = CARTESIAN_POINT ( 'NONE',  ( -7.514871920123981752, 44.18290550590856469, -7.442151190589301635 ) ) ;
#1373 = B_SPLINE_CURVE_WITH_KNOTS ( 'NONE', 3,
 ( #276, #2701, #1779, #1190, #2411 ),
 .UNSPECIFIED., .F., .F.,
 ( 4, 1, 4 ),
 ( 0.7472753831952119175, 0.8544128193240630997, 0.9673022670328599304 ),
 .UNSPECIFIED. ) ;
#1374 = CARTESIAN_POINT ( 'NONE',  ( -51.82746945288094764, 37.33374734161498765, -5.405404996490879022 ) ) ;
#1375 = ADVANCED_FACE ( 'NONE', ( #1629 ), #1995, .F. ) ;
#1376 = CARTESIAN_POINT ( 'NONE',  ( 47.36889711893098109, 28.53686556135722796, -3.705907963760454393 ) ) ;
#1377 = CARTESIAN_POINT ( 'NONE',  ( 7.944057983894733610, 46.14815984668081228, -12.07932783035697710 ) ) ;
#1378 = ORIENTED_EDGE ( 'NONE', *, *, #3415, .T. ) ;
#1379 = ORIENTED_EDGE ( 'NONE', *, *, #1751, .F. ) ;
#1380 = VERTEX_POINT ( 'NONE', #1431 ) ;
#1381 = LINE ( 'NONE', #3438, #1081 ) ;
#1382 = ADVANCED_FACE ( 'NONE', ( #464 ), #1874, .F. ) ;
#1383 = CARTESIAN_POINT ( 'NONE',  ( -7.512874383367102560, 44.18311777843594257, -12.44215119058929986 ) ) ;
#1384 = VECTOR ( 'NONE', #2702, 1000.000000000000000 ) ;
#1385 = AXIS2_PLACEMENT_3D ( 'NONE', #584, #1443, #2384 ) ;
#1386 = CARTESIAN_POINT ( 'NONE',  ( 64.06299697460372045, 33.74132313915609416, -6.423989625656020053 ) ) ;
#1387 = CARTESIAN_POINT ( 'NONE',  ( -66.76716789873968594, 13.79838851244437947, -20.00000000000003553 ) ) ;
#1388 = B_SPLINE_CURVE_WITH_KNOTS ( 'NONE', 3,
 ( #2201, #1628, #163, #753, #1647, #3090 ),
 .UNSPECIFIED., .F., .F.,
 ( 4, 1, 1, 4 ),
 ( 0.5831664021122112684, 0.6228203162354419842, 0.7381199087244852963, 0.7503889415849664957 ),
 .UNSPECIFIED. ) ;
#1389 = ORIENTED_EDGE ( 'NONE', *, *, #2573, .T. ) ;
#1390 = DIRECTION ( 'NONE',  ( 0.7958584843897060779, 0.6054826775597464961, 4.165597742725466033E-17 ) ) ;
#1391 = PLANE ( 'NONE',  #3263 ) ;
#1392 = LINE ( 'NONE', #759, #1210 ) ;
#1393 = FACE_OUTER_BOUND ( 'NONE', #2285, .T. ) ;
#1394 = DIRECTION ( 'NONE',  ( 0.6054826775597461630, 0.7958584843897062999, -3.758525927527592285E-16 ) ) ;
#1395 = DIRECTION ( 'NONE',  ( 3.234202562487237496E-17, 2.628696496404745679E-17, -1.000000000000000000 ) ) ;
#1396 = ORIENTED_EDGE ( 'NONE', *, *, #2024, .T. ) ;
#1397 = ORIENTED_EDGE ( 'NONE', *, *, #3259, .F. ) ;
#1398 = CARTESIAN_POINT ( 'NONE',  ( -60.66684238125962736, 24.38829446707685022, -6.795268410735879172 ) ) ;
#1399 = VERTEX_POINT ( 'NONE', #269 ) ;
#1400 = EDGE_CURVE ( 'NONE', #589, #1846, #739, .T. ) ;
#1401 = CARTESIAN_POINT ( 'NONE',  ( -69.76911698698593511, 11.49496003460177107, -11.23788400091597239 ) ) ;
#1402 = PRESENTATION_STYLE_ASSIGNMENT (( #790 ) ) ;
#1403 = FACE_OUTER_BOUND ( 'NONE', #223, .T. ) ;
#1404 = CARTESIAN_POINT ( 'NONE',  ( 87.49999999999945999, -1.994551898479465013, -20.00000000000000000 ) ) ;
#1405 = ORIENTED_EDGE ( 'NONE', *, *, #1053, .T. ) ;
#1406 = DIRECTION ( 'NONE',  ( 0.5815903076701762764, -0.8134818461552230096, 0.000000000000000000 ) ) ;
#1407 = CARTESIAN_POINT ( 'NONE',  ( 7.948009046098872155, 44.13531701679130492, -12.08117573984801219 ) ) ;
#1408 = PLANE ( 'NONE',  #857 ) ;
#1409 = CARTESIAN_POINT ( 'NONE',  ( -69.86239486546720912, 8.954025092815649955, -17.22818987968491200 ) ) ;
#1410 = CARTESIAN_POINT ( 'NONE',  ( 73.30778985745752152, 10.59328575620009794, -6.243135041328120138 ) ) ;
#1411 = VECTOR ( 'NONE', #2377, 1000.000000000000114 ) ;
#1412 = VECTOR ( 'NONE', #596, 1000.000000000000000 ) ;
#1413 = FACE_OUTER_BOUND ( 'NONE', #2267, .T. ) ;
#1414 = CARTESIAN_POINT ( 'NONE',  ( -45.84250360126999624, 29.69813336488219591, -13.62426956216972229 ) ) ;
#1415 = VERTEX_POINT ( 'NONE', #1585 ) ;
#1416 = VERTEX_POINT ( 'NONE', #2572 ) ;
#1417 = LINE ( 'NONE', #1522, #3160 ) ;
#1418 = ORIENTED_EDGE ( 'NONE', *, *, #1447, .F. ) ;
#1419 = CARTESIAN_POINT ( 'NONE',  ( -48.71851014332986551, 27.51009092276247614, -10.39065785677282783 ) ) ;
#1420 = CARTESIAN_POINT ( 'NONE',  ( 78.72504822482736131, 2.168350629135145979, -6.780598936671219157 ) ) ;
#1421 = CARTESIAN_POINT ( 'NONE',  ( -67.58839108286858277, 9.980547379515554596, -18.87453204390341810 ) ) ;
#1422 = ORIENTED_EDGE ( 'NONE', *, *, #1360, .F. ) ;
#1423 = CARTESIAN_POINT ( 'NONE',  ( -59.05132719772745276, 7.083919617574192529, -8.309396687639146961 ) ) ;
#1424 = LINE ( 'NONE', #544, #290 ) ;
#1425 = FACE_BOUND ( 'NONE', #1068, .T. ) ;
#1426 = CARTESIAN_POINT ( 'NONE',  ( -7.454491436167505647, 44.18932196752756170, -12.44215119058930163 ) ) ;
#1427 = CARTESIAN_POINT ( 'NONE',  ( 75.30830927444225154, 13.24918525134050462, -5.462456604987462327 ) ) ;
#1428 = CARTESIAN_POINT ( 'NONE',  ( 77.30324479491169143, 24.14572184623174778, -6.020133414484856615 ) ) ;
#1429 = CARTESIAN_POINT ( 'NONE',  ( -50.49618144897711858, 27.94817234662634675, -6.769242735916255249 ) ) ;
#1430 = VERTEX_POINT ( 'NONE', #3434 ) ;
#1431 = CARTESIAN_POINT ( 'NONE',  ( 45.95908113264138706, 29.60944212489007299, -5.026348128998170850 ) ) ;
#1432 = ORIENTED_EDGE ( 'NONE', *, *, #1188, .T. ) ;
#1433 = EDGE_CURVE ( 'NONE', #255, #786, #3728, .T. ) ;
#1434 = DIRECTION ( 'NONE',  ( -0.6054826775597464961, 0.7958584843897059669, 1.338167822438455594E-18 ) ) ;
#1435 = DIRECTION ( 'NONE',  ( 0.6054826775597461630, 0.7958584843897062999, -3.758525927527592285E-16 ) ) ;
#1436 = CARTESIAN_POINT ( 'NONE',  ( 75.21043704875218339, 13.32364564653876471, -5.478226488053542731 ) ) ;
#1437 = EDGE_LOOP ( 'NONE', ( #1321, #1197, #1460, #1832 ) ) ;
#1438 = CARTESIAN_POINT ( 'NONE',  ( -63.89518861820540963, 13.45078749269181806, -8.309396687639146961 ) ) ;
#1439 = CARTESIAN_POINT ( 'NONE',  ( 7.329877704468876765, 44.20233550897626884, -12.34667372086348891 ) ) ;
#1440 = EDGE_CURVE ( 'NONE', #2195, #1052, #555, .T. ) ;
#1441 = CARTESIAN_POINT ( 'NONE',  ( -47.42385090397765168, 15.93000923990299533, -9.862327531508137568 ) ) ;
#1442 = FACE_OUTER_BOUND ( 'NONE', #2099, .T. ) ;
#1443 = DIRECTION ( 'NONE',  ( -3.234202562487237496E-17, -2.628696496404745679E-17, 1.000000000000000000 ) ) ;
#1444 = VECTOR ( 'NONE', #3426, 1000.000000000000000 ) ;
#1445 = CARTESIAN_POINT ( 'NONE',  ( 65.62190816017152883, 32.55531615772739684, -8.083794241646726775 ) ) ;
#1446 = LINE ( 'NONE', #1993, #2694 ) ;
#1447 = EDGE_CURVE ( 'NONE', #2628, #2753, #1656, .T. ) ;
#1448 = ORIENTED_EDGE ( 'NONE', *, *, #3051, .T. ) ;
#1449 = CARTESIAN_POINT ( 'NONE',  ( 76.54360564247078003, 6.970900093163765021, -4.778605185329587890 ) ) ;
#1450 = ORIENTED_EDGE ( 'NONE', *, *, #3020, .T. ) ;
#1451 = CARTESIAN_POINT ( 'NONE',  ( -55.09871621577899248, 22.65608190997698301, -11.87265249076021334 ) ) ;
#1452 = CARTESIAN_POINT ( 'NONE',  ( 79.91392985356705481, 1.263859132229221416, -4.648946768614782954 ) ) ;
#1453 = CARTESIAN_POINT ( 'NONE',  ( -65.31600056269294896, 40.81030015042846770, -11.41921842312505220 ) ) ;
#1454 = VERTEX_POINT ( 'NONE', #714 ) ;
#1455 = EDGE_CURVE ( 'NONE', #3093, #690, #918, .T. ) ;
#1456 = DIRECTION ( 'NONE',  ( -0.6054826775597464961, 0.7958584843897059669, 1.338167822438455594E-18 ) ) ;
#1457 = CARTESIAN_POINT ( 'NONE',  ( -66.23899185473308648, 11.66764100727836961, -8.309396687639146961 ) ) ;
#1458 = FACE_OUTER_BOUND ( 'NONE', #217, .T. ) ;
#1459 = CARTESIAN_POINT ( 'NONE',  ( -0.3590050757020513128, -22.58095202332092555, -2.602085213965210642E-15 ) ) ;
#1460 = ORIENTED_EDGE ( 'NONE', *, *, #1400, .F. ) ;
#1461 = CARTESIAN_POINT ( 'NONE',  ( 50.26831169456914949, 35.71277723138103966, -4.977955721084702745 ) ) ;
#1462 = DIRECTION ( 'NONE',  ( 1.000000000000000000, 0.000000000000000000, 0.000000000000000000 ) ) ;
#1463 = CARTESIAN_POINT ( 'NONE',  ( 71.85416618211496598, 28.29133664261072312, -6.474965245878429698 ) ) ;
#1464 = DIRECTION ( 'NONE',  ( -0.6054826775597450528, 0.7958584843897071881, -1.441115708636438561E-15 ) ) ;
#1465 = EDGE_CURVE ( 'NONE', #2491, #2431, #141, .T. ) ;
#1466 = EDGE_LOOP ( 'NONE', ( #3611, #2774, #2605, #125 ) ) ;
#1467 = EDGE_CURVE ( 'NONE', #1877, #1506, #1718, .T. ) ;
#1468 = FACE_BOUND ( 'NONE', #1686, .T. ) ;
#1469 = VECTOR ( 'NONE', #1317, 1000.000000000000000 ) ;
#1470 = ORIENTED_EDGE ( 'NONE', *, *, #924, .T. ) ;
#1471 = ADVANCED_FACE ( 'NONE', ( #1608 ), #3710, .F. ) ;
#1472 = CARTESIAN_POINT ( 'NONE',  ( 68.76636358867899901, 41.21416779656551199, -11.61090131622038513 ) ) ;
#1473 = DIRECTION ( 'NONE',  ( 0.003446842051988320207, 0.002622329466478148276, -0.9999906212900387947 ) ) ;
#1474 = CARTESIAN_POINT ( 'NONE',  ( -57.62081552993281974, 40.58167744652985220, -10.19418627006463929 ) ) ;
#1475 = ORIENTED_EDGE ( 'NONE', *, *, #243, .T. ) ;
#1476 = CARTESIAN_POINT ( 'NONE',  ( 56.99378000494515817, 21.21433275517407679, -8.083794241646721446 ) ) ;
#1477 = FACE_OUTER_BOUND ( 'NONE', #1342, .T. ) ;
#1478 = DIRECTION ( 'NONE',  ( -0.6054826775597450528, 0.7958584843897071881, -1.441115708636438561E-15 ) ) ;
#1479 = EDGE_CURVE ( 'NONE', #1506, #2266, #3071, .T. ) ;
#1480 = DIRECTION ( 'NONE',  ( 0.6054826775597448307, -0.7958584843897074101, 1.440254165929744090E-15 ) ) ;
#1481 = VERTEX_POINT ( 'NONE', #824 ) ;
#1482 = CARTESIAN_POINT ( 'NONE',  ( 49.42690313323473816, 34.70326124044549942, -4.967317727734177346 ) ) ;
#1483 = APPLICATION_PROTOCOL_DEFINITION ( 'draft international standard', 'automotive_design', 1998, #2811 ) ;
#1484 = CARTESIAN_POINT ( 'NONE',  ( -59.06532410214589390, 19.63831881393014100, -12.26775200118630060 ) ) ;
#1485 = FACE_OUTER_BOUND ( 'NONE', #1215, .T. ) ;
#1486 = VECTOR ( 'NONE', #660, 1000.000000000000000 ) ;
#1487 = AXIS2_PLACEMENT_3D ( 'NONE', #2432, #110, #2700 ) ;
#1488 = ORIENTED_EDGE ( 'NONE', *, *, #3009, .F. ) ;
#1489 = DIRECTION ( 'NONE',  ( -0.6054826775597471622, -0.7958584843897056338, 0.000000000000000000 ) ) ;
#1490 = CARTESIAN_POINT ( 'NONE',  ( 75.94183653547102608, 35.44401356676530668, -11.99694251721431293 ) ) ;
#1491 = CARTESIAN_POINT ( 'NONE',  ( -52.04188023888986692, 26.77221724861051655, -6.203161093125207692 ) ) ;
#1492 = ADVANCED_BREP_SHAPE_REPRESENTATION ( 'oortje + band', ( #512, #550, #3019, #1510 ), #350 ) ;
#1493 = CARTESIAN_POINT ( 'NONE',  ( -56.80336675175778538, 27.32759537888585655, -6.523787832127466935 ) ) ;
#1494 = CARTESIAN_POINT ( 'NONE',  ( -46.67563923214427035, 31.08078461634700318, -9.473236310847658714 ) ) ;
#1495 = PLANE ( 'NONE',  #2713 ) ;
#1496 = CARTESIAN_POINT ( 'NONE',  ( -8.355600796683603448, 46.10131672737720265, -12.27420290725150487 ) ) ;
#1497 = FILL_AREA_STYLE_COLOUR ( '', #3590 ) ;
#1498 = ORIENTED_EDGE ( 'NONE', *, *, #3368, .F. ) ;
#1499 = CARTESIAN_POINT ( 'NONE',  ( -44.17935013712617121, 30.66047755531316810, -5.118156076638032737 ) ) ;
#1500 = CARTESIAN_POINT ( 'NONE',  ( -76.30912354362685335, 6.896874968940801764, -5.009332231607153574 ) ) ;
#1501 = VECTOR ( 'NONE', #1208, 1000.000000000000000 ) ;
#1502 = B_SPLINE_CURVE_WITH_KNOTS ( 'NONE', 3,
 ( #3570, #2070, #2123, #1818 ),
 .UNSPECIFIED., .F., .F.,
 ( 4, 4 ),
 ( 0.000000000000000000, 0.0005054666064007235686 ),
 .UNSPECIFIED. ) ;
#1503 = CARTESIAN_POINT ( 'NONE',  ( -76.22027940082989517, 6.623921783451735656, -11.89276579925066102 ) ) ;
#1504 = STYLED_ITEM ( 'NONE', ( #1402 ), #550 ) ;
#1505 = EDGE_CURVE ( 'NONE', #2467, #3139, #1417, .T. ) ;
#1506 = VERTEX_POINT ( 'NONE', #3174 ) ;
#1507 = FACE_OUTER_BOUND ( 'NONE', #354, .T. ) ;
#1508 = LINE ( 'NONE', #2363, #1384 ) ;
#1509 = CARTESIAN_POINT ( 'NONE',  ( -67.95519107664638625, 31.25764526770376150, -3.083952910082019550 ) ) ;
#1510 = AXIS2_PLACEMENT_3D ( 'NONE', #1749, #2977, #1462 ) ;
#1511 = EDGE_CURVE ( 'NONE', #2589, #2753, #2321, .T. ) ;
#1512 = CARTESIAN_POINT ( 'NONE',  ( -54.03934214927055280, 23.46204510432399104, -4.914206193918224663 ) ) ;
#1513 = CARTESIAN_POINT ( 'NONE',  ( -7.454491436167484331, 57.03325238500557504, -9.942151190589301635 ) ) ;
#1514 = LINE ( 'NONE', #2670, #252 ) ;
#1515 = CARTESIAN_POINT ( 'NONE',  ( -9.628165322586566433, 43.92251289685295745, -8.704696769321856209 ) ) ;
#1516 = ORIENTED_EDGE ( 'NONE', *, *, #2684, .T. ) ;
#1517 = CARTESIAN_POINT ( 'NONE',  ( 71.94301413035215376, 28.22374184447822643, -11.93200846198300802 ) ) ;
#1518 = CARTESIAN_POINT ( 'NONE',  ( -64.48904042386416791, 17.30251877251451376, -5.169263180476717956 ) ) ;
#1519 = DIRECTION ( 'NONE',  ( -0.6054826775597461630, -0.7958584843897062999, 3.758525927527592285E-16 ) ) ;
#1520 = PLANE ( 'NONE',  #875 ) ;
#1521 = ORIENTED_EDGE ( 'NONE', *, *, #1085, .F. ) ;
#1522 = CARTESIAN_POINT ( 'NONE',  ( -60.44958482735913918, 33.06334504196713198, -11.54719355570322570 ) ) ;
#1523 = EDGE_LOOP ( 'NONE', ( #74, #12, #2218, #3450 ) ) ;
#1524 = DIRECTION ( 'NONE',  ( -0.6054826775597464961, -0.7958584843897060779, 3.660266534311062969E-16 ) ) ;
#1525 = AXIS2_PLACEMENT_3D ( 'NONE', #2895, #4, #1489 ) ;
#1526 = CIRCLE ( 'NONE', #1352, 2.944999999999993623 ) ;
#1527 = CARTESIAN_POINT ( 'NONE',  ( 71.58637752694649237, 10.11240296052153553, -10.38148784665013658 ) ) ;
#1528 = VECTOR ( 'NONE', #501, 1000.000000000000000 ) ;
#1529 = CARTESIAN_POINT ( 'NONE',  ( 73.11507809794706247, 10.73989929922856490, -3.863357194462164745 ) ) ;
#1530 = CARTESIAN_POINT ( 'NONE',  ( -9.771184866992879137, 45.92170139897557135, -9.002447945990230238 ) ) ;
#1531 = CARTESIAN_POINT ( 'NONE',  ( -9.732925869791094087, 45.92697183020208485, -10.97127513565142820 ) ) ;
#1532 = CARTESIAN_POINT ( 'NONE',  ( -9.215218045416072812, 43.97868182563664163, -8.167363147707590088 ) ) ;
#1533 = ORIENTED_EDGE ( 'NONE', *, *, #3738, .T. ) ;
#1534 = PLANE ( 'NONE',  #773 ) ;
#1535 = CARTESIAN_POINT ( 'NONE',  ( 83.52676149686375595, 20.17359805855088339, -5.144162717403997220 ) ) ;
#1536 = CARTESIAN_POINT ( 'NONE',  ( -72.40782282461637465, 9.532786567644146558, -15.98771348351010779 ) ) ;
#1537 = ORIENTED_EDGE ( 'NONE', *, *, #2614, .T. ) ;
#1538 = CARTESIAN_POINT ( 'NONE',  ( 75.31107813728132783, 7.278680957314704436, -3.326635025655183320 ) ) ;
#1539 = ORIENTED_EDGE ( 'NONE', *, *, #3009, .T. ) ;
#1540 = CARTESIAN_POINT ( 'NONE',  ( -72.95017430541018655, 37.63587555356342307, -12.28349015448747039 ) ) ;
#1541 = CARTESIAN_POINT ( 'NONE',  ( 82.20909331652772778, 14.74553258012651469, -8.977575298129425008 ) ) ;
#1542 = DIRECTION ( 'NONE',  ( 0.003446842051988320207, 0.002622329466478148276, -0.9999906212900387947 ) ) ;
#1543 = ORIENTED_EDGE ( 'NONE', *, *, #1857, .T. ) ;
#1544 = EDGE_CURVE ( 'NONE', #2965, #1943, #2036, .T. ) ;
#1545 = EDGE_CURVE ( 'NONE', #589, #97, #1792, .T. ) ;
#1546 = LINE ( 'NONE', #3010, #2590 ) ;
#1547 = FACE_OUTER_BOUND ( 'NONE', #111, .T. ) ;
#1548 = LINE ( 'NONE', #2116, #2014 ) ;
#1549 = CARTESIAN_POINT ( 'NONE',  ( -8.355532352719908573, 44.08740810451978831, -7.610073238272199170 ) ) ;
#1550 = CARTESIAN_POINT ( 'NONE',  ( -53.01049732654841762, 11.67973397003307134, -12.26775200118630060 ) ) ;
#1551 = VERTEX_POINT ( 'NONE', #1808 ) ;
#1552 = CARTESIAN_POINT ( 'NONE',  ( 53.43950171467062660, 21.40538925450257679, -8.144029192843198928 ) ) ;
#1553 = CARTESIAN_POINT ( 'NONE',  ( 80.40930635934999771, 11.46016452960369669, -8.827715844966299130 ) ) ;
#1554 = CARTESIAN_POINT ( 'NONE',  ( 59.32252504956131389, 21.23316174968219627, -6.542536774656122489 ) ) ;
#1555 = VERTEX_POINT ( 'NONE', #2948 ) ;
#1556 = CLOSED_SHELL ( 'NONE', ( #3288, #767, #1726, #3650, #1471, #3505, #952, #1099, #2616, #316, #1168, #1745, #1774, #2667, #356, #2834, #669, #203, #1635, #2393, #3222, #3370, #2734, #441, #2137 ) ) ;
#1557 = CARTESIAN_POINT ( 'NONE',  ( -66.49670011053726171, 19.95298600841006120, -6.785282681105465841 ) ) ;
#1558 = CARTESIAN_POINT ( 'NONE',  ( 65.63512776746682675, 40.76723798570562707, -6.208238538004534846 ) ) ;
#1559 = CARTESIAN_POINT ( 'NONE',  ( -9.954380608744870074, 43.87615314735292316, -9.942151296515772785 ) ) ;
#1560 = CARTESIAN_POINT ( 'NONE',  ( 55.28169316853330173, 39.69947032165785572, -9.584264868976941187 ) ) ;
#1561 = ADVANCED_FACE ( 'NONE', ( #326 ), #25, .F. ) ;
#1562 = CARTESIAN_POINT ( 'NONE',  ( 9.025386069637649555, 46.02007446585945161, -10.70323296749794828 ) ) ;
#1563 = EDGE_LOOP ( 'NONE', ( #3034, #630, #3437, #1911, #1018, #3330, #1488, #2232, #3606 ) ) ;
#1564 = CARTESIAN_POINT ( 'NONE',  ( 48.83512385105049702, 33.38976992574094282, -5.026348128998242792 ) ) ;
#1565 = CARTESIAN_POINT ( 'NONE',  ( -8.173577094660187115, 46.12216671494419273, -12.33725710770887218 ) ) ;
#1566 = SURFACE_STYLE_FILL_AREA ( #641 ) ;
#1567 = DIRECTION ( 'NONE',  ( 0.6054826775597461630, 0.7958584843897062999, -3.758525927527592285E-16 ) ) ;
#1568 = EDGE_LOOP ( 'NONE', ( #2163, #486, #2861, #723 ) ) ;
#1569 = DIRECTION ( 'NONE',  ( -0.7958510202638119369, -0.6054769989133256258, -0.004330973558233052779 ) ) ;
#1570 = DIRECTION ( 'NONE',  ( -0.01627792766265328747, 0.01238411529138317736, 0.9997908094993968042 ) ) ;
#1571 = LINE ( 'NONE', #210, #2456 ) ;
#1572 = ORIENTED_EDGE ( 'NONE', *, *, #3188, .T. ) ;
#1573 = DIRECTION ( 'NONE',  ( -0.7956919983549473052, 0.6053560163353212120, -0.02045329412443961867 ) ) ;
#1574 = VERTEX_POINT ( 'NONE', #1221 ) ;
#1575 = CARTESIAN_POINT ( 'NONE',  ( 54.57621012161248331, 39.39009524565015141, -5.191312989268747735 ) ) ;
#1576 = CARTESIAN_POINT ( 'NONE',  ( 59.28468989049777349, 19.47142710202119531, -5.016907577792335537 ) ) ;
#1577 = CARTESIAN_POINT ( 'NONE',  ( -67.50793994710157619, 31.59791029819605157, -6.797752873717217703 ) ) ;
#1578 = ADVANCED_FACE ( 'NONE', ( #1164 ), #858, .F. ) ;
#1579 = CARTESIAN_POINT ( 'NONE',  ( 8.642233975903748089, 46.06749293068885009, -8.431319216406166106 ) ) ;
#1580 = VERTEX_POINT ( 'NONE', #2662 ) ;
#1581 = VECTOR ( 'NONE', #1914, 1000.000000000000000 ) ;
#1582 = VECTOR ( 'NONE', #318, 1000.000000000000000 ) ;
#1583 = CARTESIAN_POINT ( 'NONE',  ( 8.516730225247052033, 44.06790769027536214, -8.285328747724967968 ) ) ;
#1584 = CARTESIAN_POINT ( 'NONE',  ( -9.131630787805498528, 43.98979450802337965, -11.80033933852163130 ) ) ;
#1585 = CARTESIAN_POINT ( 'NONE',  ( -68.58279509126076334, 9.884494521864922945, -8.309396687639146961 ) ) ;
#1586 = LINE ( 'NONE', #1947, #2981 ) ;
#1587 = CARTESIAN_POINT ( 'NONE',  ( 61.05076303648465341, 47.10052713311750949, -5.285125333709706830 ) ) ;
#1588 = ORIENTED_EDGE ( 'NONE', *, *, #32, .T. ) ;
#1589 = VECTOR ( 'NONE', #1077, 1000.000000000000000 ) ;
#1590 = CARTESIAN_POINT ( 'NONE',  ( 80.21284877066717911, 3.549453630973906648, -6.202086352414459824 ) ) ;
#1591 = FACE_OUTER_BOUND ( 'NONE', #3659, .T. ) ;
#1592 = LINE ( 'NONE', #3099, #3284 ) ;
#1593 = B_SPLINE_CURVE_WITH_KNOTS ( 'NONE', 3,
 ( #3696, #465, #1035, #1932, #221 ),
 .UNSPECIFIED., .F., .F.,
 ( 4, 1, 4 ),
 ( 0.8657571489698638878, 0.9098916565039606441, 0.9673022670328599304 ),
 .UNSPECIFIED. ) ;
#1594 = ORIENTED_EDGE ( 'NONE', *, *, #3693, .T. ) ;
#1595 = CARTESIAN_POINT ( 'NONE',  ( -45.94729962486392338, 29.61840540041636061, -9.550264201806513142 ) ) ;
#1596 = EDGE_LOOP ( 'NONE', ( #3543, #2322, #1663, #2376 ) ) ;
#1597 = CARTESIAN_POINT ( 'NONE',  ( -63.79759823520514317, 17.82856237948575284, -6.812192639038823216 ) ) ;
#1598 = DIRECTION ( 'NONE',  ( 3.234202562487237496E-17, 2.628696496404745679E-17, -1.000000000000000000 ) ) ;
#1599 = DIRECTION ( 'NONE',  ( -0.6054826775597461630, -0.7958584843897062999, 3.758525927527592285E-16 ) ) ;
#1600 = CARTESIAN_POINT ( 'NONE',  ( 9.061381285889822834, 46.01553830529292100, -10.58377343941045368 ) ) ;
#1601 = EDGE_CURVE ( 'NONE', #2188, #3416, #3079, .T. ) ;
#1602 = ORIENTED_EDGE ( 'NONE', *, *, #264, .T. ) ;
#1603 = ORIENTED_EDGE ( 'NONE', *, *, #1465, .T. ) ;
#1604 = CARTESIAN_POINT ( 'NONE',  ( 8.944729457068536504, 44.01413440006482602, -10.91954458527676763 ) ) ;
#1605 = VECTOR ( 'NONE', #2052, 1000.000000000000114 ) ;
#1606 = AXIS2_PLACEMENT_3D ( 'NONE', #1728, #56, #586 ) ;
#1607 = CARTESIAN_POINT ( 'NONE',  ( -8.451256231651690598, 44.07586617296803411, -12.23490733484620385 ) ) ;
#1608 = FACE_OUTER_BOUND ( 'NONE', #1633, .T. ) ;
#1609 = FACE_OUTER_BOUND ( 'NONE', #1795, .T. ) ;
#1610 = LINE ( 'NONE', #2400, #1708 ) ;
#1611 = ORIENTED_EDGE ( 'NONE', *, *, #1675, .F. ) ;
#1612 = EDGE_CURVE ( 'NONE', #2066, #453, #1146, .T. ) ;
#1613 = CARTESIAN_POINT ( 'NONE',  ( -86.28903464488057296, -3.586268867258376236, -5.204170427930421283E-15 ) ) ;
#1614 = CARTESIAN_POINT ( 'NONE',  ( -46.42693857308496064, 29.08070049228144072, -5.503530950926204035 ) ) ;
#1615 = CARTESIAN_POINT ( 'NONE',  ( -62.33108173074064240, 35.53642202568366315, -11.54719355638031075 ) ) ;
#1616 = EDGE_LOOP ( 'NONE', ( #1949, #440, #181, #516 ) ) ;
#1617 = CARTESIAN_POINT ( 'NONE',  ( -77.54967495137927358, 11.54397243011608509, -3.724337420045353397 ) ) ;
#1618 = EDGE_LOOP ( 'NONE', ( #1884, #2090 ) ) ;
#1619 = CARTESIAN_POINT ( 'NONE',  ( -60.66684238125962736, 24.38829446707684667, -6.795268410735879172 ) ) ;
#1620 = CARTESIAN_POINT ( 'NONE',  ( 54.48518650150995057, 23.12285033859052419, -4.807875672920698840 ) ) ;
#1621 = EDGE_CURVE ( 'NONE', #3163, #2056, #3542, .T. ) ;
#1622 = CARTESIAN_POINT ( 'NONE',  ( 8.639658705965068464, 46.06772254572806702, -11.44993417240602440 ) ) ;
#1623 = ORIENTED_EDGE ( 'NONE', *, *, #479, .T. ) ;
#1624 = ORIENTED_EDGE ( 'NONE', *, *, #390, .F. ) ;
#1625 = VERTEX_POINT ( 'NONE', #3749 ) ;
#1626 = VECTOR ( 'NONE', #1723, 1000.000000000000000 ) ;
#1627 = CARTESIAN_POINT ( 'NONE',  ( 8.558816421409476405, 44.06274911552049645, -8.334634021627268297 ) ) ;
#1628 = CARTESIAN_POINT ( 'NONE',  ( 68.03182347032945643, 22.36611527120917131, -6.454300933665221507 ) ) ;
#1629 = FACE_OUTER_BOUND ( 'NONE', #1037, .T. ) ;
#1630 = DIRECTION ( 'NONE',  ( -0.2068200198314082972, 0.1573469930103331138, 0.9656435176541817711 ) ) ;
#1631 = EDGE_CURVE ( 'NONE', #1889, #1330, #1707, .T. ) ;
#1632 = CARTESIAN_POINT ( 'NONE',  ( -0.3590050757020513128, -22.58095202332092555, -2.602085213965210642E-15 ) ) ;
#1633 = EDGE_LOOP ( 'NONE', ( #2341, #3147, #3265, #3235, #763, #3707 ) ) ;
#1634 = DIRECTION ( 'NONE',  ( -0.1944023329220299356, -0.1478997175631698302, 0.9697078975130639655 ) ) ;
#1635 = ADVANCED_FACE ( 'NONE', ( #1507 ), #894, .F. ) ;
#1636 = CARTESIAN_POINT ( 'NONE',  ( 63.52304900937345877, 30.64687520478246086, -6.479555672206512185 ) ) ;
#1637 = EDGE_CURVE ( 'NONE', #1734, #1574, #1732, .T. ) ;
#1638 = DIRECTION ( 'NONE',  ( -0.6054826775597450528, 0.7958584843897071881, -1.441115708636438561E-15 ) ) ;
#1639 = CARTESIAN_POINT ( 'NONE',  ( -54.51570029145909757, 39.23079667384318725, -5.540886569395112815 ) ) ;
#1640 = VERTEX_POINT ( 'NONE', #3193 ) ;
#1641 = CARTESIAN_POINT ( 'NONE',  ( 78.18712085569011094, 11.05900875816581319, -3.326635025655185540 ) ) ;
#1642 = DIRECTION ( 'NONE',  ( 3.234202562487237496E-17, 2.628696496404745679E-17, -1.000000000000000000 ) ) ;
#1643 = VERTEX_POINT ( 'NONE', #591 ) ;
#1644 = ORIENTED_EDGE ( 'NONE', *, *, #2418, .T. ) ;
#1645 = ORIENTED_EDGE ( 'NONE', *, *, #3000, .F. ) ;
#1646 = CARTESIAN_POINT ( 'NONE',  ( 8.017316014701579618, 44.12729645463429762, -7.851741504685658235 ) ) ;
#1647 = CARTESIAN_POINT ( 'NONE',  ( 73.04670157166722788, 18.55083670097169346, -6.020133414484789114 ) ) ;
#1648 = CARTESIAN_POINT ( 'NONE',  ( 61.61035265476369460, 35.60727503764871216, -6.200272294643329296 ) ) ;
#1649 = CARTESIAN_POINT ( 'NONE',  ( 68.06516183502594686, 12.61851580083705038, -6.084701870150958314 ) ) ;
#1650 = ORIENTED_EDGE ( 'NONE', *, *, #3298, .T. ) ;
#1651 = CARTESIAN_POINT ( 'NONE',  ( -42.22584600773352292, 32.44965711753844317, -2.602085213965210642E-15 ) ) ;
#1652 = AXIS2_PLACEMENT_3D ( 'NONE', #16, #1988, #245 ) ;
#1653 = FACE_OUTER_BOUND ( 'NONE', #768, .T. ) ;
#1654 = VECTOR ( 'NONE', #2849, 1000.000000000000114 ) ;
#1655 = DIRECTION ( 'NONE',  ( -0.7958584843897057448, 0.6054826775597468291, 0.000000000000000000 ) ) ;
#1656 = B_SPLINE_CURVE_WITH_KNOTS ( 'NONE', 3,
 ( #3052, #254, #996, #2880, #1305, #1696, #2483, #2159, #2591, #2863, #3362 ),
 .UNSPECIFIED., .F., .F.,
 ( 4, 1, 1, 1, 1, 1, 1, 1, 4 ),
 ( 0.4130478811308666010, 0.4857724810016465500, 0.5950331917778903801, 0.7042939025541342657, 0.7589242579422562640, 0.8135546133303781513, 0.8681849687185000386, 0.8955001464125610378, 0.9228153241066221479 ),
 .UNSPECIFIED. ) ;
#1657 = CARTESIAN_POINT ( 'NONE',  ( -68.20295802539854435, 39.98263142522292668, -6.595245050139735277 ) ) ;
#1658 = CARTESIAN_POINT ( 'NONE',  ( 62.16073260890657082, 23.25175490287231383, -5.016907577792337314 ) ) ;
#1659 = EDGE_CURVE ( 'NONE', #1815, #1285, #1754, .T. ) ;
#1660 = CARTESIAN_POINT ( 'NONE',  ( 8.017390647934865555, 46.14003567228661495, -12.03251207913598542 ) ) ;
#1661 = ORIENTED_EDGE ( 'NONE', *, *, #2968, .F. ) ;
#1662 = ORIENTED_EDGE ( 'NONE', *, *, #3238, .T. ) ;
#1663 = ORIENTED_EDGE ( 'NONE', *, *, #924, .F. ) ;
#1664 = CARTESIAN_POINT ( 'NONE',  ( 8.980248844700424726, 44.00953506953208461, -9.052624134934720956 ) ) ;
#1665 = ADVANCED_FACE ( 'NONE', ( #307, #1468, #2626 ), #3508, .F. ) ;
#1666 = CARTESIAN_POINT ( 'NONE',  ( 46.10188418444417380, 29.50079872174088536, -13.79731589097288769 ) ) ;
#1667 = DIRECTION ( 'NONE',  ( 0.7958510202638114928, 0.6054769989133261809, 0.004330973558233052779 ) ) ;
#1668 = EDGE_LOOP ( 'NONE', ( #3202, #3293, #1022, #3449, #292, #2833, #2625, #2452, #3106, #3661 ) ) ;
#1669 = VECTOR ( 'NONE', #1638, 1000.000000000000000 ) ;
#1670 = CARTESIAN_POINT ( 'NONE',  ( -72.05492779595164166, 15.72433148318737750, -6.321011284777730665 ) ) ;
#1671 = CARTESIAN_POINT ( 'NONE',  ( -66.02316781846202787, 28.74480510006465650, -6.809618174829268789 ) ) ;
#1672 = DIRECTION ( 'NONE',  ( 0.5815903076701776087, 0.8134818461552218993, 4.019377742261725386E-17 ) ) ;
#1673 = CARTESIAN_POINT ( 'NONE',  ( 61.93816812944883310, 19.24320171706989413, -6.561676997074260775 ) ) ;
#1674 = CARTESIAN_POINT ( 'NONE',  ( -46.04911323006892587, 29.54094643566234524, -3.791355372765897069 ) ) ;
#1675 = EDGE_CURVE ( 'NONE', #786, #2480, #2174, .T. ) ;
#1676 = DIRECTION ( 'NONE',  ( 0.01627792766265286420, -0.01238411529138330920, -0.9997908094993968042 ) ) ;
#1677 = ORIENTED_EDGE ( 'NONE', *, *, #679, .T. ) ;
#1678 = VERTEX_POINT ( 'NONE', #704 ) ;
#1679 = ORIENTED_EDGE ( 'NONE', *, *, #635, .F. ) ;
#1680 = CARTESIAN_POINT ( 'NONE',  ( -87.36577566113830073, 27.06388600205175621, -10.18419279866823501 ) ) ;
#1681 = CARTESIAN_POINT ( 'NONE',  ( -76.02962133090466068, 6.429049654910401479, -4.997251737514264214 ) ) ;
#1682 = VECTOR ( 'NONE', #2857, 1000.000000000000227 ) ;
#1683 = CIRCLE ( 'NONE', #98, 69.14622413438098647 ) ;
#1684 = CARTESIAN_POINT ( 'NONE',  ( 6.643688332631084492, 46.27907316112200675, -7.442151190589300747 ) ) ;
#1685 = CARTESIAN_POINT ( 'NONE',  ( -81.56610923638791633, -0.01267550536384210585, 1.637077628203346658E-13 ) ) ;
#1686 = EDGE_LOOP ( 'NONE', ( #1267, #160 ) ) ;
#1687 = FACE_OUTER_BOUND ( 'NONE', #3586, .T. ) ;
#1688 = CARTESIAN_POINT ( 'NONE',  ( 7.584058295069840305, 44.17542541501398290, -12.25856243310928129 ) ) ;
#1689 = LINE ( 'NONE', #1156, #1824 ) ;
#1690 = CARTESIAN_POINT ( 'NONE',  ( -72.46754473115656481, 9.269218613114459160, -5.826679285739158054 ) ) ;
#1691 = CARTESIAN_POINT ( 'NONE',  ( -59.79751448856585228, 19.08127430872137253, -12.30572356368783282 ) ) ;
#1692 = CARTESIAN_POINT ( 'NONE',  ( -51.03372525397348625, 36.56831134795994132, -5.381786634145609760 ) ) ;
#1693 = CARTESIAN_POINT ( 'NONE',  ( -77.36399243716545016, 37.12128810552709979, -4.829908138325276212 ) ) ;
#1694 = VERTEX_POINT ( 'NONE', #684 ) ;
#1695 = ORIENTED_EDGE ( 'NONE', *, *, #3409, .T. ) ;
#1696 = CARTESIAN_POINT ( 'NONE',  ( 52.36918608357088090, 24.73268628794748736, -11.11911894153328362 ) ) ;
#1697 = ORIENTED_EDGE ( 'NONE', *, *, #2786, .F. ) ;
#1698 = CARTESIAN_POINT ( 'NONE',  ( -89.93054194497302944, 25.11263262307692656, -9.281524435854242583 ) ) ;
#1699 = DIRECTION ( 'NONE',  ( 0.7958510202638110487, 0.6054769989133268471, 0.004330973558233296508 ) ) ;
#1700 = CARTESIAN_POINT ( 'NONE',  ( -79.84783367053347547, 1.215787575564869050, -5.413498983383780327 ) ) ;
#1701 = ORIENTED_EDGE ( 'NONE', *, *, #2968, .T. ) ;
#1702 = FACE_BOUND ( 'NONE', #2383, .T. ) ;
#1703 = DIRECTION ( 'NONE',  ( -0.6054826775597450528, 0.7958584843897072991, -1.441121527667732691E-15 ) ) ;
#1704 = DIRECTION ( 'NONE',  ( -0.6054826775597467181, 0.7958584843897058558, 0.000000000000000000 ) ) ;
#1705 = CARTESIAN_POINT ( 'NONE',  ( -52.26190480292205365, 22.30129543028280636, -17.03687460358431238 ) ) ;
#1706 = CARTESIAN_POINT ( 'NONE',  ( -75.60466405140229540, 7.055323175923045476, -9.419383343254848384 ) ) ;
#1707 = CIRCLE ( 'NONE', #67, 67.14622413438098647 ) ;
#1708 = VECTOR ( 'NONE', #2773, 1000.000000000000000 ) ;
#1709 = CARTESIAN_POINT ( 'NONE',  ( 42.22584600773314634, 32.44965711753838633, 0.000000000000000000 ) ) ;
#1710 = EDGE_CURVE ( 'NONE', #1334, #2467, #3761, .T. ) ;
#1711 = LINE ( 'NONE', #1429, #1967 ) ;
#1712 = B_SPLINE_CURVE_WITH_KNOTS ( 'NONE', 3,
 ( #3477, #225, #1970, #3149, #850, #1439, #3130, #3758, #2582, #2297, #526, #1688, #1154, #244, #1407, #580, #2330, #2562, #2313, #2906, #866, #299, #3719, #3443, #3497, #884, #1987, #2045, #184, #162, #1892, #1301, #442, #1604, #2219, #138, #3677, #1280, #2521, #1365, #3089, #1073, #201, #1664, #2769, #3361, #3029, #482, #1345, #1946, #1324, #1627, #1583, #462, #3107, #2237, #2501, #1031, #1055, #3402, #1646, #789, #3050, #2178, #2808, #120, #500, #421, #771, #2481, #2440, #3383, #3599, #2199, #993 ),
 .UNSPECIFIED., .F., .F.,
 ( 4, 2, 2, 2, 1, 1, 2, 2, 2, 2, 2, 1, 1, 2, 2, 2, 2, 1, 1, 2, 2, 2, 2, 2, 1, 1, 2, 2, 2, 2, 1, 1, 1, 2, 2, 2, 2, 2, 1, 1, 2, 2, 2, 4 ),
 ( 0.000000000000000000, 0.06250000000001394718, 0.09375000000002095546, 0.1093750000000245221, 0.1171875000000263400, 0.1210937500000271450, 0.1230468750000275335, 0.1250000000000278944, 0.1875000000000392741, 0.2187500000000447142, 0.2343750000000480727, 0.2421875000000491829, 0.2460937500000497657, 0.2480468750000500433, 0.2500000000000503486, 0.3125000000000422440, 0.3437500000000381917, 0.3593750000000363598, 0.3671875000000352496, 0.3710937500000345834, 0.3750000000000338618, 0.5000000000000222045, 0.5625000000000164313, 0.5937500000000133227, 0.6093750000000117684, 0.6171875000000106581, 0.6210937500000096589, 0.6250000000000087708, 0.6874999999999990008, 0.7187499999999941158, 0.7343749999999915623, 0.7421874999999903411, 0.7460937499999897859, 0.7480468749999896749, 0.7499999999999894529, 0.8124999999999891198, 0.8437499999999885647, 0.8593749999999882316, 0.8671874999999878986, 0.8710937499999878986, 0.8730468749999880096, 0.8749999999999881206, 0.9374999999999940048, 1.000000000000000000 ),
 .UNSPECIFIED. ) ;
#1713 = ORIENTED_EDGE ( 'NONE', *, *, #1118, .F. ) ;
#1714 = CARTESIAN_POINT ( 'NONE',  ( 67.53697628040751511, 22.74259099825581032, -2.750044419960982811 ) ) ;
#1715 = ORIENTED_EDGE ( 'NONE', *, *, #3581, .F. ) ;
#1716 = EDGE_CURVE ( 'NONE', #1506, #1574, #1850, .T. ) ;
#1717 = CARTESIAN_POINT ( 'NONE',  ( -61.24089112863153872, 17.98316507209706216, -12.36012847007120641 ) ) ;
#1718 = B_SPLINE_CURVE_WITH_KNOTS ( 'NONE', 3,
 ( #3622, #2552, #1015, #734, #1398, #1108, #1894, #444 ),
 .UNSPECIFIED., .F., .F.,
 ( 4, 1, 1, 1, 1, 4 ),
 ( 0.000000000000000000, 0.02004179039284854219, 0.2956680436646315635, 0.5712942969364146473, 0.8469205502081980086, 1.000000000000000000 ),
 .UNSPECIFIED. ) ;
#1719 = CARTESIAN_POINT ( 'NONE',  ( 76.30226883732682097, 6.524591114952738025, -11.72808401100122566 ) ) ;
#1720 = CARTESIAN_POINT ( 'NONE',  ( 90.20139141113001813, 24.92296558539558404, -4.778605185329595884 ) ) ;
#1721 = ORIENTED_EDGE ( 'NONE', *, *, #1881, .T. ) ;
#1722 = CARTESIAN_POINT ( 'NONE',  ( 0.3590050757018015126, -22.58095202332093976, -12.44215119058930163 ) ) ;
#1723 = DIRECTION ( 'NONE',  ( -0.6054826775597461630, -0.7958584843897062999, 3.758525927527592285E-16 ) ) ;
#1724 = CARTESIAN_POINT ( 'NONE',  ( -7.454491436167478113, 57.03325238500557504, -7.442151190589300747 ) ) ;
#1725 = CARTESIAN_POINT ( 'NONE',  ( 63.04614247209465105, 16.60974449727299174, -9.557505289952594296 ) ) ;
#1726 = ADVANCED_FACE ( 'NONE', ( #2718, #2759 ), #2408, .T. ) ;
#1727 = PLANE ( 'NONE',  #3197 ) ;
#1728 = CARTESIAN_POINT ( 'NONE',  ( 67.53697628040751511, 22.74259099825581032, -2.750044419960982811 ) ) ;
#1729 = B_SPLINE_CURVE_WITH_KNOTS ( 'NONE', 3,
 ( #2812, #1386, #1875, #1648, #3342 ),
 .UNSPECIFIED., .F., .F.,
 ( 4, 1, 4 ),
 ( 0.6301191500513881882, 0.7381199087244852963, 0.7462820650846767601 ),
 .UNSPECIFIED. ) ;
#1730 = DIRECTION ( 'NONE',  ( -0.6054826775597461630, -0.7958584843897062999, 3.758525927527592285E-16 ) ) ;
#1731 = ORIENTED_EDGE ( 'NONE', *, *, #795, .T. ) ;
#1732 = LINE ( 'NONE', #291, #553 ) ;
#1733 = EDGE_CURVE ( 'NONE', #2233, #1052, #664, .T. ) ;
#1734 = VERTEX_POINT ( 'NONE', #1004 ) ;
#1735 = CARTESIAN_POINT ( 'NONE',  ( -71.94164785809165608, 38.79843728772900846, -12.24906975993378211 ) ) ;
#1736 = DIRECTION ( 'NONE',  ( 0.7956919983549468611, -0.6053560163353216561, 0.02045329412443977826 ) ) ;
#1737 = CARTESIAN_POINT ( 'NONE',  ( -83.29680348207701002, 24.46380460775383625, -10.59111782120348266 ) ) ;
#1738 = ORIENTED_EDGE ( 'NONE', *, *, #172, .T. ) ;
#1739 = CARTESIAN_POINT ( 'NONE',  ( 63.27859522501621825, 34.33808962583491109, -8.144029192843202480 ) ) ;
#1740 = FACE_OUTER_BOUND ( 'NONE', #2499, .T. ) ;
#1741 = DIRECTION ( 'NONE',  ( -2.942091015256663649E-15, 1.000000000000000000, 2.628696496404735818E-17 ) ) ;
#1742 = VECTOR ( 'NONE', #2673, 1000.000000000000114 ) ;
#1743 = DIRECTION ( 'NONE',  ( 0.6054826775597461630, 0.7958584843897062999, -3.758525927527592285E-16 ) ) ;
#1744 = VERTEX_POINT ( 'NONE', #2983 ) ;
#1745 = ADVANCED_FACE ( 'NONE', ( #374 ), #131, .F. ) ;
#1746 = CARTESIAN_POINT ( 'NONE',  ( 73.13069102884280426, 18.48693820341850724, -2.606257762266172229 ) ) ;
#1747 = EDGE_CURVE ( 'NONE', #1285, #1399, #3592, .T. ) ;
#1748 = AXIS2_PLACEMENT_3D ( 'NONE', #632, #1825, #2950 ) ;
#1749 = CARTESIAN_POINT ( 'NONE',  ( 0.000000000000000000, 0.000000000000000000, 0.000000000000000000 ) ) ;
#1750 = FACE_OUTER_BOUND ( 'NONE', #2828, .T. ) ;
#1751 = EDGE_CURVE ( 'NONE', #3093, #1454, #490, .T. ) ;
#1752 = DIRECTION ( 'NONE',  ( -0.000000000000000000, -0.000000000000000000, -1.000000000000000000 ) ) ;
#1753 = ORIENTED_EDGE ( 'NONE', *, *, #558, .F. ) ;
#1754 = LINE ( 'NONE', #3236, #2677 ) ;
#1755 = ORIENTED_EDGE ( 'NONE', *, *, #1359, .F. ) ;
#1756 = CARTESIAN_POINT ( 'NONE',  ( 83.51908591053297926, 29.99041635339108680, -10.90490957294285401 ) ) ;
#1757 = EDGE_CURVE ( 'NONE', #805, #1625, #1921, .T. ) ;
#1758 = CARTESIAN_POINT ( 'NONE',  ( 78.87995779923608097, 2.050496681816110112, -6.508407275542072767 ) ) ;
#1759 = CARTESIAN_POINT ( 'NONE',  ( -0.3590050757020513128, -22.58095202332092555, -7.442151190589302523 ) ) ;
#1760 = ORIENTED_EDGE ( 'NONE', *, *, #2726, .T. ) ;
#1761 = PLANE ( 'NONE',  #2287 ) ;
#1762 = CARTESIAN_POINT ( 'NONE',  ( -8.162486662177446561, 46.12397988404209315, -7.529448070673333326 ) ) ;
#1763 = DIRECTION ( 'NONE',  ( 0.8134818461552230096, 0.5815903076701761654, 4.159789475487620677E-17 ) ) ;
#1764 = B_SPLINE_SURFACE_WITH_KNOTS ( 'NONE', 5, 1, ( 
 ( #206, #1685 ),
 ( #1078, #1700 ),
 ( #3388, #1965 ),
 ( #258, #3405 ),
 ( #775, #1134 ),
 ( #1933, #1421 ),
 ( #1387, #793 ) ),
 .UNSPECIFIED., .F., .F., .F.,
 ( 6, 1, 6 ),
 ( 2, 2 ),
 ( 0.1028194067916332055, 0.5000000000000000000, 0.8284383779450660290 ),
 ( 0.000000000000000000, 1.000000000000000000 ),
 .UNSPECIFIED. ) ;
#1765 = DIRECTION ( 'NONE',  ( 0.7956919983549474162, -0.6053560163353211010, 0.02045329412443962214 ) ) ;
#1766 = ORIENTED_EDGE ( 'NONE', *, *, #2107, .T. ) ;
#1767 = CARTESIAN_POINT ( 'NONE',  ( 68.67851729872873534, 12.32467942861865318, -11.78822180481885162 ) ) ;
#1768 = EDGE_CURVE ( 'NONE', #1272, #1127, #1124, .T. ) ;
#1769 = DIRECTION ( 'NONE',  ( -0.7956919983549477493, 0.6053560163353206569, -0.02045329412443974010 ) ) ;
#1770 = CARTESIAN_POINT ( 'NONE',  ( 57.02997577470633672, 8.621747379551026214, -11.93200846251339442 ) ) ;
#1771 = CARTESIAN_POINT ( 'NONE',  ( -71.02608833693942358, 10.58170612712360104, -17.22818987968494042 ) ) ;
#1772 = ORIENTED_EDGE ( 'NONE', *, *, #327, .T. ) ;
#1773 = DIRECTION ( 'NONE',  ( 0.6054826775597450528, -0.7958584843897071881, 1.441115708636438561E-15 ) ) ;
#1774 = ADVANCED_FACE ( 'NONE', ( #1413 ), #1187, .F. ) ;
#1775 = STYLED_ITEM ( 'NONE', ( #1230 ), #3019 ) ;
#1776 = ORIENTED_EDGE ( 'NONE', *, *, #2385, .F. ) ;
#1777 = CARTESIAN_POINT ( 'NONE',  ( 67.58839108286861119, 9.980547379515567030, -18.87453204390336126 ) ) ;
#1778 = CARTESIAN_POINT ( 'NONE',  ( 51.97151453244986641, 37.43514225592803513, -5.034908799886649078 ) ) ;
#1779 = CARTESIAN_POINT ( 'NONE',  ( -75.48734609132600326, 13.11297549370890536, -5.811937943607260237 ) ) ;
#1780 = PLANE ( 'NONE',  #2894 ) ;
#1781 = CARTESIAN_POINT ( 'NONE',  ( 67.42889186541073343, 10.76237473365666553, -9.413718632257783270 ) ) ;
#1782 = CARTESIAN_POINT ( 'NONE',  ( -8.118809469345684704, 46.12831845851325596, -12.35286988443364109 ) ) ;
#1783 = CARTESIAN_POINT ( 'NONE',  ( 68.66728360502817452, 12.33322593163912373, -11.09824799787508454 ) ) ;
#1784 = VERTEX_POINT ( 'NONE', #2839 ) ;
#1785 = CARTESIAN_POINT ( 'NONE',  ( 47.12302477743153162, 31.50707480817792216, -4.985839201320618308 ) ) ;
#1786 = CIRCLE ( 'NONE', #3296, 67.14622413438098647 ) ;
#1787 = DIRECTION ( 'NONE',  ( -3.234202562487237496E-17, -2.628696496404745679E-17, 1.000000000000000000 ) ) ;
#1788 = DIRECTION ( 'NONE',  ( 0.003446841998290801120, 0.002622329425625511464, -0.9999906212903311165 ) ) ;
#1789 = VECTOR ( 'NONE', #249, 1000.000000000000000 ) ;
#1790 = CIRCLE ( 'NONE', #451, 2.944999999999993623 ) ;
#1791 = ORIENTED_EDGE ( 'NONE', *, *, #800, .F. ) ;
#1792 = LINE ( 'NONE', #2306, #2867 ) ;
#1793 = EDGE_CURVE ( 'NONE', #1127, #1272, #3248, .T. ) ;
#1794 = EDGE_CURVE ( 'NONE', #882, #3591, #510, .T. ) ;
#1795 = EDGE_LOOP ( 'NONE', ( #3105, #3399, #1755, #3269, #1864, #2597, #1611, #70, #3698, #3514, #1418, #2885 ) ) ;
#1796 = CARTESIAN_POINT ( 'NONE',  ( 82.25684006986199392, 27.33533640236555939, -10.77932121628095352 ) ) ;
#1797 = CARTESIAN_POINT ( 'NONE',  ( 73.40618536035941588, 8.727907926251706527, -9.845545617452186704 ) ) ;
#1798 = CARTESIAN_POINT ( 'NONE',  ( -50.53845464446823144, 36.19257218241749996, -9.467985647761533841 ) ) ;
#1799 = CYLINDRICAL_SURFACE ( 'NONE', #1323, 2.500000000000000444 ) ;
#1800 = CARTESIAN_POINT ( 'NONE',  ( -9.452464086008857791, 45.96487630172639882, -11.45374702979809634 ) ) ;
#1801 = CARTESIAN_POINT ( 'NONE',  ( -8.753893294691946991, 44.03870839602350884, -7.800137945640228665 ) ) ;
#1802 = EDGE_LOOP ( 'NONE', ( #769, #610, #3535, #3578, #1859, #1602 ) ) ;
#1803 = LINE ( 'NONE', #1767, #2351 ) ;
#1804 = CARTESIAN_POINT ( 'NONE',  ( -54.90215496479319057, 24.59614344457932589, -4.914206193918227328 ) ) ;
#1805 = CARTESIAN_POINT ( 'NONE',  ( 78.12998886352254146, 33.37058418559111317, -6.391344154327948779 ) ) ;
#1806 = CARTESIAN_POINT ( 'NONE',  ( 48.83512385105049702, 33.38976992574094282, -5.026348128998242792 ) ) ;
#1807 = EDGE_LOOP ( 'NONE', ( #2401, #3038 ) ) ;
#1808 = CARTESIAN_POINT ( 'NONE',  ( -51.76128506386888972, 37.26042359720243269, -9.550264201806527353 ) ) ;
#1809 = ORIENTED_EDGE ( 'NONE', *, *, #3746, .T. ) ;
#1810 = DIRECTION ( 'NONE',  ( 3.234202562487237496E-17, 2.628696496404745679E-17, -1.000000000000000000 ) ) ;
#1811 = CARTESIAN_POINT ( 'NONE',  ( 61.22469628195075586, 46.95180709263240715, -9.677119476495599670 ) ) ;
#1812 = CARTESIAN_POINT ( 'NONE',  ( -64.48347020765112347, 17.30675654781428463, -6.785282681105461400 ) ) ;
#1813 = DIRECTION ( 'NONE',  ( -0.6054826775597450528, 0.7958584843897072991, -1.441121527667732691E-15 ) ) ;
#1814 = CARTESIAN_POINT ( 'NONE',  ( -8.954712654483287793, 46.02908691261941954, -11.94365168392347165 ) ) ;
#1815 = VERTEX_POINT ( 'NONE', #872 ) ;
#1816 = CARTESIAN_POINT ( 'NONE',  ( -9.954381064665774659, 45.89628292328704617, -9.942151093976503873 ) ) ;
#1817 = CARTESIAN_POINT ( 'NONE',  ( 81.98023746261850420, 14.27008980001106231, -8.949120160127414181 ) ) ;
#1818 = CARTESIAN_POINT ( 'NONE',  ( 76.18928480944525461, 6.610548446645531762, -4.788601600785078460 ) ) ;
#1819 = VERTEX_POINT ( 'NONE', #3170 ) ;
#1820 = CARTESIAN_POINT ( 'NONE',  ( 67.64781082154871683, 22.65826897863476219, -9.557505289952597849 ) ) ;
#1821 = EDGE_CURVE ( 'NONE', #3360, #1334, #2051, .T. ) ;
#1822 = VERTEX_POINT ( 'NONE', #606 ) ;
#1823 = CARTESIAN_POINT ( 'NONE',  ( 65.85005502647886999, 40.69070507735500541, -11.29426540286902814 ) ) ;
#1824 = VECTOR ( 'NONE', #2907, 1000.000000000000227 ) ;
#1825 = DIRECTION ( 'NONE',  ( 0.6054826775597463850, 0.7958584843897061889, -3.677613769070831040E-16 ) ) ;
#1826 = VECTOR ( 'NONE', #3455, 1000.000000000000000 ) ;
#1827 = EDGE_CURVE ( 'NONE', #1640, #1784, #2318, .T. ) ;
#1828 = DIRECTION ( 'NONE',  ( -0.1230523110220249211, 0.09361719981494542875, 0.9879746700452129993 ) ) ;
#1829 = CARTESIAN_POINT ( 'NONE',  ( -9.498325465731731754, 45.95869377979673942, -8.500126398321548038 ) ) ;
#1830 = CARTESIAN_POINT ( 'NONE',  ( -9.891786498867350730, 45.90517715214389938, -10.59194995882705292 ) ) ;
#1831 = DIRECTION ( 'NONE',  ( -0.5815903076701760543, 0.8134818461552228985, 2.574160154924742176E-18 ) ) ;
#1832 = ORIENTED_EDGE ( 'NONE', *, *, #3298, .F. ) ;
#1833 = DIRECTION ( 'NONE',  ( -0.01627792766265328747, 0.01238411529138317736, 0.9997908094993968042 ) ) ;
#1834 = ADVANCED_FACE ( 'NONE', ( #1750 ), #2011, .F. ) ;
#1835 = LINE ( 'NONE', #2693, #2502 ) ;
#1836 = AXIS2_PLACEMENT_3D ( 'NONE', #468, #1634, #487 ) ;
#1837 = CARTESIAN_POINT ( 'NONE',  ( -70.30598724543666833, 11.12706633941487411, -17.82033298636239138 ) ) ;
#1838 = ORIENTED_EDGE ( 'NONE', *, *, #1757, .T. ) ;
#1839 = CARTESIAN_POINT ( 'NONE',  ( -83.15298236970996015, 25.11687967931349519, -5.949112667779237640 ) ) ;
#1840 = CARTESIAN_POINT ( 'NONE',  ( 61.85922512411363527, 41.31699742041789136, -5.869792044257434505 ) ) ;
#1841 = CARTESIAN_POINT ( 'NONE',  ( -53.01049732654841762, 11.67973397003307134, -12.26775200118630060 ) ) ;
#1842 = B_SPLINE_CURVE_WITH_KNOTS ( 'NONE', 3,
 ( #2496, #3047, #2478, #1277, #2175, #2436, #3027, #709, #180, #3658, #729, #1050, #2458, #197, #418, #3314, #159, #766, #1869, #1925, #689, #1027, #2231, #1888, #3617, #1320, #1579, #1361, #2744, #438, #3377, #2193, #1845, #3007, #3637, #3064, #399, #477, #3596, #458, #1600, #1562, #2802, #2723, #2213, #2766, #991, #2155, #3356, #136, #1622, #1298, #2784, #3397, #785, #1942, #2824, #3103, #496, #215, #1660, #1377, #3647, #3700, #2526, #1061, #427, #3367, #2509, #1878, #3408, #2224, #189, #796, #1351 ),
 .UNSPECIFIED., .F., .F.,
 ( 4, 2, 2, 2, 1, 1, 2, 2, 2, 2, 2, 1, 1, 2, 2, 2, 2, 1, 1, 2, 2, 2, 2, 2, 1, 1, 2, 2, 2, 2, 1, 1, 1, 2, 2, 2, 2, 2, 1, 1, 2, 2, 2, 4 ),
 ( 0.000000000000000000, 0.06249999999998707978, 0.09374999999998059885, 0.1093749999999773515, 0.1171874999999757694, 0.1210937499999751310, 0.1230468749999746869, 0.1249999999999742428, 0.1874999999999529265, 0.2187499999999426292, 0.2343749999999371614, 0.2421874999999347189, 0.2460937499999341083, 0.2480468749999341360, 0.2499999999999341360, 0.3124999999999401590, 0.3437499999999433231, 0.3593749999999449884, 0.3671874999999458211, 0.3710937499999462652, 0.3749999999999467093, 0.4999999999999458211, 0.5624999999999450440, 0.5937499999999445999, 0.6093749999999448219, 0.6171874999999449329, 0.6210937499999452660, 0.6249999999999454880, 0.6874999999999565903, 0.7187499999999618083, 0.7343749999999641398, 0.7421874999999652500, 0.7460937499999660272, 0.7480468749999666933, 0.7499999999999673594, 0.8124999999999851230, 0.8437499999999938938, 0.8593749999999983347, 0.8671875000000004441, 0.8710937500000014433, 0.8730468750000015543, 0.8750000000000017764, 0.9375000000000008882, 1.000000000000000000 ),
 .UNSPECIFIED. ) ;
#1843 = DIRECTION ( 'NONE',  ( -0.7956919983549473052, 0.6053560163353212120, -0.02045329412443961867 ) ) ;
#1844 = VECTOR ( 'NONE', #3371, 1000.000000000000114 ) ;
#1845 = CARTESIAN_POINT ( 'NONE',  ( 8.937390179501997878, 46.03112050810701561, -8.947656368469573351 ) ) ;
#1846 = VERTEX_POINT ( 'NONE', #2069 ) ;
#1847 = EDGE_CURVE ( 'NONE', #1330, #1640, #2276, .T. ) ;
#1848 = B_SPLINE_CURVE_WITH_KNOTS ( 'NONE', 3,
 ( #944, #3325, #2372, #2122, #3267, #2085 ),
 .UNSPECIFIED., .F., .F.,
 ( 4, 1, 1, 4 ),
 ( 0.5831664021122113795, 0.6228203162354419842, 0.7381199087244852963, 0.7503889415849666067 ),
 .UNSPECIFIED. ) ;
#1849 = CARTESIAN_POINT ( 'NONE',  ( -7.514625899413443832, 46.19405111958147359, -12.44215119058929986 ) ) ;
#1850 = B_SPLINE_CURVE_WITH_KNOTS ( 'NONE', 3,
 ( #1557, #947, #3612, #2389 ),
 .UNSPECIFIED., .F., .F.,
 ( 4, 4 ),
 ( 0.5725500252581198213, 0.6311124681624863397 ),
 .UNSPECIFIED. ) ;
#1851 = DIRECTION ( 'NONE',  ( -0.003446842056352064816, -0.002622329469798305793, 0.9999906212900150360 ) ) ;
#1852 = CARTESIAN_POINT ( 'NONE',  ( -8.393546829561762124, 44.08284237955041363, -7.625204401480787375 ) ) ;
#1853 = CARTESIAN_POINT ( 'NONE',  ( 45.80017400718409704, 29.55753788863274778, -5.009085012333940767 ) ) ;
#1854 = ORIENTED_EDGE ( 'NONE', *, *, #1188, .F. ) ;
#1855 = DIRECTION ( 'NONE',  ( 3.234202562487237496E-17, 2.628696496404745679E-17, -1.000000000000000000 ) ) ;
#1856 = CARTESIAN_POINT ( 'NONE',  ( 75.72405411118718632, 35.59976413740689338, -6.519227086110387148 ) ) ;
#1857 = EDGE_CURVE ( 'NONE', #1380, #786, #2877, .T. ) ;
#1858 = LINE ( 'NONE', #2208, #1844 ) ;
#1859 = ORIENTED_EDGE ( 'NONE', *, *, #3303, .F. ) ;
#1860 = AXIS2_PLACEMENT_3D ( 'NONE', #687, #1524, #1843 ) ;
#1861 = EDGE_CURVE ( 'NONE', #1625, #76, #1790, .T. ) ;
#1862 = CARTESIAN_POINT ( 'NONE',  ( -81.87759782265028718, 28.12774781308939964, -6.290186111353039067 ) ) ;
#1863 =( GEOMETRIC_REPRESENTATION_CONTEXT ( 3 ) GLOBAL_UNCERTAINTY_ASSIGNED_CONTEXT ( ( #1868 ) ) GLOBAL_UNIT_ASSIGNED_CONTEXT ( ( #2158, #3663, #3030 ) ) REPRESENTATION_CONTEXT ( 'NONE', 'WORKASPACE' ) );
#1864 = ORIENTED_EDGE ( 'NONE', *, *, #1621, .F. ) ;
#1865 = CARTESIAN_POINT ( 'NONE',  ( -52.04188023888986692, 26.77221724861051655, -6.203161093125207692 ) ) ;
#1866 = LINE ( 'NONE', #1294, #1060 ) ;
#1867 = CARTESIAN_POINT ( 'NONE',  ( 67.85011190847342277, 40.09192961645521081, -11.57834620762167432 ) ) ;
#1868 = UNCERTAINTY_MEASURE_WITH_UNIT (LENGTH_MEASURE( 1.000000000000000082E-05 ), #2158, 'distance_accuracy_value', 'NONE');
#1869 = CARTESIAN_POINT ( 'NONE',  ( 8.315774005331766361, 46.10599661960380757, -8.083329441333241050 ) ) ;
#1870 = ORIENTED_EDGE ( 'NONE', *, *, #1871, .F. ) ;
#1871 = EDGE_CURVE ( 'NONE', #459, #408, #3372, .T. ) ;
#1872 = CARTESIAN_POINT ( 'NONE',  ( 4.538036613155327359E-12, 44.56431237306189530, -12.44215119058929986 ) ) ;
#1873 = CARTESIAN_POINT ( 'NONE',  ( -9.247474426619449517, 43.97436953343097343, -11.68439850346316611 ) ) ;
#1874 = CYLINDRICAL_SURFACE ( 'NONE', #3532, 2.500000000000000444 ) ;
#1875 = CARTESIAN_POINT ( 'NONE',  ( 62.83424405888946040, 34.67614838768821528, -6.330647529931966666 ) ) ;
#1876 = CARTESIAN_POINT ( 'NONE',  ( 47.00616588201006607, 28.64002905533197207, -5.285125333709697948 ) ) ;
#1877 = VERTEX_POINT ( 'NONE', #2084 ) ;
#1878 = CARTESIAN_POINT ( 'NONE',  ( 7.608120528387800618, 46.18423167739637591, -12.24864849224697494 ) ) ;
#1879 = CARTESIAN_POINT ( 'NONE',  ( 83.46659188997155354, 22.62340873932382124, -5.355678697904633800 ) ) ;
#1880 = CARTESIAN_POINT ( 'NONE',  ( -66.07712190050857259, 32.68646505880308695, -12.14885150148651682 ) ) ;
#1881 = EDGE_CURVE ( 'NONE', #1640, #2251, #549, .T. ) ;
#1882 = VERTEX_POINT ( 'NONE', #1142 ) ;
#1883 = CARTESIAN_POINT ( 'NONE',  ( -83.48151798820983061, 18.65793727799590584, -5.278369872049422540 ) ) ;
#1884 = ORIENTED_EDGE ( 'NONE', *, *, #1861, .F. ) ;
#1885 = CARTESIAN_POINT ( 'NONE',  ( -58.65361247837347491, 21.74206500648107365, -6.795268410735873843 ) ) ;
#1886 = CARTESIAN_POINT ( 'NONE',  ( 61.30944925720131522, 23.89940436978450222, -4.926840176805924898 ) ) ;
#1887 = CARTESIAN_POINT ( 'NONE',  ( -69.76911698698593511, 11.49496003460177285, -11.23788400091597239 ) ) ;
#1888 = CARTESIAN_POINT ( 'NONE',  ( 8.403205096783743500, 46.09577560000690255, -8.166168225397294478 ) ) ;
#1889 = VERTEX_POINT ( 'NONE', #304 ) ;
#1890 = ORIENTED_EDGE ( 'NONE', *, *, #1118, .T. ) ;
#1891 = EDGE_CURVE ( 'NONE', #2023, #690, #143, .T. ) ;
#1892 = CARTESIAN_POINT ( 'NONE',  ( 8.898441042558358660, 44.02010056982170738, -11.02318704845171737 ) ) ;
#1893 = CARTESIAN_POINT ( 'NONE',  ( -8.822397428482899429, 44.02993758226206467, -12.03630755020797594 ) ) ;
#1894 = CARTESIAN_POINT ( 'NONE',  ( -65.81082813809130982, 20.47479184008153297, -6.812192639038827657 ) ) ;
#1895 = CARTESIAN_POINT ( 'NONE',  ( 63.04614247209464395, 16.60974449727299884, -9.557505289952594296 ) ) ;
#1896 = DIRECTION ( 'NONE',  ( 0.6054826775597471622, 0.7958584843897056338, 4.050324036854581322E-17 ) ) ;
#1897 = ORIENTED_EDGE ( 'NONE', *, *, #806, .F. ) ;
#1898 = LINE ( 'NONE', #1651, #2448 ) ;
#1899 = CARTESIAN_POINT ( 'NONE',  ( -71.75212845474943890, 38.95901515066471177, -6.795268410735905817 ) ) ;
#1900 = EDGE_CURVE ( 'NONE', #1934, #2578, #2765, .T. ) ;
#1901 = CARTESIAN_POINT ( 'NONE',  ( -67.55569054996351497, 31.56158202697314508, -12.24867546799770324 ) ) ;
#1902 = ORIENTED_EDGE ( 'NONE', *, *, #3521, .T. ) ;
#1903 = CARTESIAN_POINT ( 'NONE',  ( 49.74719628238777602, 26.72747485462603123, -4.172945469127525620 ) ) ;
#1904 = ORIENTED_EDGE ( 'NONE', *, *, #2284, .F. ) ;
#1905 = FACE_OUTER_BOUND ( 'NONE', #3619, .T. ) ;
#1906 = CARTESIAN_POINT ( 'NONE',  ( 42.22584600773314634, 32.44965711753838633, 0.000000000000000000 ) ) ;
#1907 = CARTESIAN_POINT ( 'NONE',  ( -67.44995720985259879, 13.25935797605780309, -8.309396687639146961 ) ) ;
#1908 = ORIENTED_EDGE ( 'NONE', *, *, #3194, .T. ) ;
#1909 = ORIENTED_EDGE ( 'NONE', *, *, #2398, .T. ) ;
#1910 = ADVANCED_FACE ( 'NONE', ( #3212 ), #2659, .F. ) ;
#1911 = ORIENTED_EDGE ( 'NONE', *, *, #888, .F. ) ;
#1912 = CARTESIAN_POINT ( 'NONE',  ( 56.68063673283191406, 27.42096738148809720, -4.716670603568275055 ) ) ;
#1913 = CARTESIAN_POINT ( 'NONE',  ( -9.939162058755124818, 43.87840736515267537, -10.26361701298620765 ) ) ;
#1914 = DIRECTION ( 'NONE',  ( 0.01627792766265308971, -0.01238411529138302297, -0.9997908094993968042 ) ) ;
#1915 = DIRECTION ( 'NONE',  ( -0.7956919983549474162, 0.6053560163353211010, -0.02045329412443962214 ) ) ;
#1916 = FACE_OUTER_BOUND ( 'NONE', #1596, .T. ) ;
#1917 = ORIENTED_EDGE ( 'NONE', *, *, #3348, .T. ) ;
#1918 = CARTESIAN_POINT ( 'NONE',  ( 66.75810567922091820, 13.78571300708049741, -20.00000000000000000 ) ) ;
#1919 = LINE ( 'NONE', #1636, #844 ) ;
#1920 = CARTESIAN_POINT ( 'NONE',  ( -62.66178226745714142, 35.28482774055758142, -11.61306859808277814 ) ) ;
#1921 = LINE ( 'NONE', #511, #2641 ) ;
#1922 = AXIS2_PLACEMENT_3D ( 'NONE', #80, #2989, #2347 ) ;
#1923 = ORIENTED_EDGE ( 'NONE', *, *, #1467, .T. ) ;
#1924 = DIRECTION ( 'NONE',  ( 3.234202562487237496E-17, 2.628696496404745679E-17, -1.000000000000000000 ) ) ;
#1925 = CARTESIAN_POINT ( 'NONE',  ( 8.352131900217235838, 46.10175284424030195, -8.116913459644939266 ) ) ;
#1926 = ORIENTED_EDGE ( 'NONE', *, *, #2418, .F. ) ;
#1927 = VERTEX_POINT ( 'NONE', #3538 ) ;
#1928 = EDGE_LOOP ( 'NONE', ( #946, #3158, #31, #2516, #3061, #3048, #387, #2542 ) ) ;
#1929 = CIRCLE ( 'NONE', #779, 2.944999999999991847 ) ;
#1930 = DIRECTION ( 'NONE',  ( 0.7956919983549470832, -0.6053560163353215451, 0.02045329412443951458 ) ) ;
#1931 = CARTESIAN_POINT ( 'NONE',  ( -9.790498614972962699, 43.89961647200744466, -10.83312990656812147 ) ) ;
#1932 = CARTESIAN_POINT ( 'NONE',  ( 78.18712085569011094, 11.05900875816580964, -3.326635025655185540 ) ) ;
#1933 = CARTESIAN_POINT ( 'NONE',  ( -69.11688544170446846, 12.11848261754363243, -18.87453204390341810 ) ) ;
#1934 = VERTEX_POINT ( 'NONE', #1709 ) ;
#1935 = CARTESIAN_POINT ( 'NONE',  ( 82.35065717847263045, 1.923026339870282486, -1.249597127732636981 ) ) ;
#1936 = EDGE_CURVE ( 'NONE', #3344, #1127, #2623, .T. ) ;
#1937 = DIRECTION ( 'NONE',  ( 0.1544421007364804588, 0.1174982971420930888, 0.9809902077435895817 ) ) ;
#1938 = DIRECTION ( 'NONE',  ( -0.000000000000000000, -0.000000000000000000, 1.000000000000000000 ) ) ;
#1939 = CARTESIAN_POINT ( 'NONE',  ( -73.95391217314841015, 36.94647376145163520, -6.832184860369050483 ) ) ;
#1940 = CARTESIAN_POINT ( 'NONE',  ( 67.09813121545681724, 19.49542210362312389, -4.820886811921826443 ) ) ;
#1941 = EDGE_CURVE ( 'NONE', #757, #1555, #2337, .T. ) ;
#1942 = CARTESIAN_POINT ( 'NONE',  ( 8.426220759916573044, 46.09306375604672468, -11.69503710497572513 ) ) ;
#1943 = VERTEX_POINT ( 'NONE', #890 ) ;
#1944 = VERTEX_POINT ( 'NONE', #2929 ) ;
#1945 = VERTEX_POINT ( 'NONE', #1484 ) ;
#1946 = CARTESIAN_POINT ( 'NONE',  ( 8.688834138506164706, 44.04666318191087981, -8.501986730738522624 ) ) ;
#1947 = CARTESIAN_POINT ( 'NONE',  ( 41.01488065261357718, 30.85794014875905233, -20.00000000000000000 ) ) ;
#1948 = CARTESIAN_POINT ( 'NONE',  ( 63.41932916770240070, 22.29422485282634980, -6.549068465277900764 ) ) ;
#1949 = ORIENTED_EDGE ( 'NONE', *, *, #3496, .T. ) ;
#1950 = LINE ( 'NONE', #3112, #2019 ) ;
#1951 = EDGE_CURVE ( 'NONE', #2578, #1580, #322, .T. ) ;
#1952 = CARTESIAN_POINT ( 'NONE',  ( 50.01624986834714548, 32.49117883509413929, -5.295138966311334627 ) ) ;
#1953 = CARTESIAN_POINT ( 'NONE',  ( -62.48814261517288315, 35.41693137915387268, -6.465236552286770966 ) ) ;
#1954 = EDGE_CURVE ( 'NONE', #2916, #2914, #3177, .T. ) ;
#1955 = CARTESIAN_POINT ( 'NONE',  ( -48.92515594847770899, 33.32127423651345310, -3.791355372765903731 ) ) ;
#1956 = CARTESIAN_POINT ( 'NONE',  ( -84.22525980698335957, 15.22664662594893414, -12.50184800397009965 ) ) ;
#1957 = ORIENTED_EDGE ( 'NONE', *, *, #2258, .F. ) ;
#1958 = ORIENTED_EDGE ( 'NONE', *, *, #2658, .T. ) ;
#1959 = VECTOR ( 'NONE', #849, 1000.000000000000000 ) ;
#1960 = ORIENTED_EDGE ( 'NONE', *, *, #1941, .F. ) ;
#1961 = CARTESIAN_POINT ( 'NONE',  ( -66.52556245265192558, 42.91895111964803533, -11.37208010431415239 ) ) ;
#1962 =( NAMED_UNIT ( * ) PLANE_ANGLE_UNIT ( ) SI_UNIT ( $, .RADIAN. ) );
#1963 = B_SPLINE_CURVE_WITH_KNOTS ( 'NONE', 3,
 ( #3546, #1798, #1227, #2937, #972, #1494, #2651, #99 ),
 .UNSPECIFIED., .F., .F.,
 ( 4, 2, 2, 4 ),
 ( 0.000000000000000000, 0.004802082337764986171, 0.007203123506647478823, 0.009604164675529963668 ),
 .UNSPECIFIED. ) ;
#1964 = DIRECTION ( 'NONE',  ( -3.234202562487237496E-17, -2.628696496404745679E-17, 1.000000000000000000 ) ) ;
#1965 = CARTESIAN_POINT ( 'NONE',  ( -77.12280942295613784, 3.164015059740076019, -9.450464504283040412 ) ) ;
#1966 = ORIENTED_EDGE ( 'NONE', *, *, #2699, .T. ) ;
#1967 = VECTOR ( 'NONE', #532, 1000.000000000000227 ) ;
#1968 = VECTOR ( 'NONE', #91, 1000.000000000000000 ) ;
#1969 = CARTESIAN_POINT ( 'NONE',  ( 60.00865316850121189, 20.71116104383644085, -6.555548380467412173 ) ) ;
#1970 = CARTESIAN_POINT ( 'NONE',  ( 6.850126591291078704, 44.25076633563357120, -12.43895332696726364 ) ) ;
#1971 = CARTESIAN_POINT ( 'NONE',  ( -76.78432009746217091, 35.13056457862620618, -6.892539684736078698 ) ) ;
#1972 = CARTESIAN_POINT ( 'NONE',  ( -67.33199685134027845, 13.34910125971802586, -11.77910954018466505 ) ) ;
#1973 = CARTESIAN_POINT ( 'NONE',  ( -52.67314852800395641, 38.03081015426916167, -5.440500910382116473 ) ) ;
#1974 = LINE ( 'NONE', #3705, #3246 ) ;
#1975 = ORIENTED_EDGE ( 'NONE', *, *, #1936, .F. ) ;
#1976 = ORIENTED_EDGE ( 'NONE', *, *, #1900, .T. ) ;
#1977 = DIRECTION ( 'NONE',  ( 0.6054826775597450528, -0.7958584843897072991, 1.441121527667732691E-15 ) ) ;
#1978 = VERTEX_POINT ( 'NONE', #3185 ) ;
#1979 = ADVANCED_FACE ( 'NONE', ( #1425, #2617, #2636 ), #3739, .F. ) ;
#1980 = CARTESIAN_POINT ( 'NONE',  ( 81.37632802936940379, 3.353722813593059904, -5.413498983383767893 ) ) ;
#1981 = CARTESIAN_POINT ( 'NONE',  ( -61.39513043425512961, 5.300773132160744083, -8.309396687639146961 ) ) ;
#1982 = COLOUR_RGB ( '',0.7921568627450980005, 0.8196078431372548767, 0.9333333333333333481 ) ;
#1983 = CARTESIAN_POINT ( 'NONE',  ( 6.643688332631015214, 57.03325238500556082, -12.44215119058929986 ) ) ;
#1984 = CARTESIAN_POINT ( 'NONE',  ( -83.50381671975686970, 18.82013178658791119, -9.657617713983382757 ) ) ;
#1985 = VERTEX_POINT ( 'NONE', #3759 ) ;
#1986 = CARTESIAN_POINT ( 'NONE',  ( -5.551115123125782702E-14, 46.56434013310629894, -12.44215119058929986 ) ) ;
#1987 = CARTESIAN_POINT ( 'NONE',  ( 8.642135743708895035, 44.05256608032048860, -11.45311357152308140 ) ) ;
#1988 = DIRECTION ( 'NONE',  ( -0.6054826775597467181, 0.7958584843897060779, 1.338167822438446542E-18 ) ) ;
#1989 = CARTESIAN_POINT ( 'NONE',  ( 63.27859522501621825, 34.33808962583491109, -8.144029192843202480 ) ) ;
#1990 = DIRECTION ( 'NONE',  ( 0.01627792760896629512, -0.01238411525053854934, -0.9997908095007768114 ) ) ;
#1991 = CARTESIAN_POINT ( 'NONE',  ( -73.04566531537678031, 37.55465288286546865, -6.816192736082611781 ) ) ;
#1992 = ADVANCED_FACE ( 'NONE', ( #3151 ), #2350, .T. ) ;
#1993 = CARTESIAN_POINT ( 'NONE',  ( 68.63985722052993310, 12.35409170243568333, -9.413718632257783270 ) ) ;
#1994 = ORIENTED_EDGE ( 'NONE', *, *, #1447, .T. ) ;
#1995 = PLANE ( 'NONE',  #3708 ) ;
#1996 = ORIENTED_EDGE ( 'NONE', *, *, #479, .F. ) ;
#1997 = CARTESIAN_POINT ( 'NONE',  ( -73.41234632250782965, 8.723220716238428096, -10.18419279866820304 ) ) ;
#1998 = EDGE_CURVE ( 'NONE', #1246, #2916, #902, .T. ) ;
#1999 = CARTESIAN_POINT ( 'NONE',  ( 74.97458022437436398, 5.021676253674735690, -11.95819810125744986 ) ) ;
#2000 = DIRECTION ( 'NONE',  ( -0.7958510202638112707, -0.6054769989133264030, -0.004330973558231530560 ) ) ;
#2001 = VERTEX_POINT ( 'NONE', #1174 ) ;
#2002 = CARTESIAN_POINT ( 'NONE',  ( -52.26771232445560855, 22.29687711502061731, -9.862327531508137568 ) ) ;
#2003 = DIRECTION ( 'NONE',  ( 0.6054826775597450528, -0.7958584843897071881, 1.441115708636438561E-15 ) ) ;
#2004 = DIRECTION ( 'NONE',  ( -3.234202562487237496E-17, -2.628696496404745679E-17, 1.000000000000000000 ) ) ;
#2005 = DIRECTION ( 'NONE',  ( -0.003446842051987170086, -0.002622329466479353909, 0.9999906212900389058 ) ) ;
#2006 = CARTESIAN_POINT ( 'NONE',  ( -63.93632329929686620, 34.31516726478863433, -6.604651939676907446 ) ) ;
#2007 = VECTOR ( 'NONE', #1567, 1000.000000000000000 ) ;
#2008 = EDGE_CURVE ( 'NONE', #2965, #1943, #3720, .T. ) ;
#2009 = AXIS2_PLACEMENT_3D ( 'NONE', #1666, #755, #1915 ) ;
#2010 = EDGE_CURVE ( 'NONE', #3378, #76, #581, .T. ) ;
#2011 = CYLINDRICAL_SURFACE ( 'NONE', #1303, 67.14622413438100068 ) ;
#2012 = B_SPLINE_CURVE_WITH_KNOTS ( 'NONE', 3,
 ( #956, #1849, #2113, #2706, #2422, #1782, #1565, #1264, #621, #1496, #937, #2397, #1243, #920, #3276, #1814, #2096, #1213, #2080, #3561, #2939, #671, #122, #3262, #2729, #346, #1800, #3011, #2139, #3603, #656, #1531, #2367, #3583, #1830, #1282, #2971 ),
 .UNSPECIFIED., .F., .F.,
 ( 4, 2, 2, 2, 1, 1, 2, 2, 2, 2, 2, 1, 1, 2, 2, 2, 2, 1, 2, 2, 4 ),
 ( 0.000000000000000000, 0.06252002798141309547, 0.09378004197211944892, 0.1094100489674728616, 0.1172250524651496789, 0.1211325542139882749, 0.1230863050884078436, 0.1250400559628274122, 0.1875600839442587708, 0.2188200979349746444, 0.2344501049303331086, 0.2422651084280124656, 0.2461726101768522690, 0.2481263610512720597, 0.2500801119256917948, 0.3126001399071052789, 0.3438601538978119931, 0.3594901608931652115, 0.3673051643908422648, 0.3751201678885192625, 0.5001602238513557230 ),
 .UNSPECIFIED. ) ;
#2013 = PLANE ( 'NONE',  #2827 ) ;
#2014 = VECTOR ( 'NONE', #2064, 1000.000000000000000 ) ;
#2015 = VERTEX_POINT ( 'NONE', #2028 ) ;
#2016 = CARTESIAN_POINT ( 'NONE',  ( 76.32331065248406787, 6.508582672708262962, -13.02047293454138988 ) ) ;
#2017 = EDGE_LOOP ( 'NONE', ( #400, #3717, #2459, #480 ) ) ;
#2018 = CARTESIAN_POINT ( 'NONE',  ( -69.05214555440946356, 40.99674719579031290, -11.87265249076024531 ) ) ;
#2019 = VECTOR ( 'NONE', #3323, 1000.000000000000227 ) ;
#2020 = EDGE_CURVE ( 'NONE', #904, #2520, #3131, .T. ) ;
#2021 = CARTESIAN_POINT ( 'NONE',  ( 78.90161585502255548, 2.034019408700913800, -6.469725869134372864 ) ) ;
#2022 = CARTESIAN_POINT ( 'NONE',  ( -82.04041117218550028, 27.83157187794946452, -11.25381659689058012 ) ) ;
#2023 = VERTEX_POINT ( 'NONE', #2888 ) ;
#2024 = EDGE_CURVE ( 'NONE', #97, #2493, #2132, .T. ) ;
#2025 = LINE ( 'NONE', #832, #324 ) ;
#2026 = EDGE_CURVE ( 'NONE', #3618, #2758, #1689, .T. ) ;
#2027 = DIRECTION ( 'NONE',  ( 2.452401042819317355E-17, 3.223484749258280736E-17, -1.000000000000000000 ) ) ;
#2028 = CARTESIAN_POINT ( 'NONE',  ( 68.63985722052993310, 12.35409170243568688, -9.413718632257783270 ) ) ;
#2029 = CARTESIAN_POINT ( 'NONE',  ( -58.09210283786426032, 29.92817408039143245, -6.451466693080733172 ) ) ;
#2030 = ORIENTED_EDGE ( 'NONE', *, *, #3746, .F. ) ;
#2031 = CIRCLE ( 'NONE', #2764, 69.14622413438098647 ) ;
#2032 = FACE_OUTER_BOUND ( 'NONE', #3173, .T. ) ;
#2033 =( NAMED_UNIT ( * ) SI_UNIT ( $, .STERADIAN. ) SOLID_ANGLE_UNIT ( ) );
#2034 = CARTESIAN_POINT ( 'NONE',  ( 41.01488065261357718, 30.85794014875905233, 0.000000000000000000 ) ) ;
#2035 = LINE ( 'NONE', #570, #1789 ) ;
#2036 = B_SPLINE_CURVE_WITH_KNOTS ( 'NONE', 3,
 ( #1449, #649, #2038, #3486, #930, #59 ),
 .UNSPECIFIED., .F., .F.,
 ( 4, 2, 4 ),
 ( 0.000000000000000000, 0.004054780090621988228, 0.008109560181243976457 ),
 .UNSPECIFIED. ) ;
#2037 = ORIENTED_EDGE ( 'NONE', *, *, #2160, .T. ) ;
#2038 = CARTESIAN_POINT ( 'NONE',  ( 78.39026736653389094, 8.962541915093959588, -4.737229967776860562 ) ) ;
#2039 = ORIENTED_EDGE ( 'NONE', *, *, #1120, .F. ) ;
#2040 = CARTESIAN_POINT ( 'NONE',  ( 79.84783367053351810, 1.215787575564992729, -5.413498983383767893 ) ) ;
#2041 = CARTESIAN_POINT ( 'NONE',  ( 77.00616232765661096, 3.476065073163082886, -9.438591252630430972 ) ) ;
#2042 = CARTESIAN_POINT ( 'NONE',  ( 67.26463812539608966, 10.88733764635281176, 0.6747510486419698861 ) ) ;
#2043 = VERTEX_POINT ( 'NONE', #300 ) ;
#2044 = CARTESIAN_POINT ( 'NONE',  ( -84.16225770381186067, -1.968234226541968113, -10.03589573607494856 ) ) ;
#2045 = CARTESIAN_POINT ( 'NONE',  ( 8.777114636444910190, 44.03560268988556459, -11.24798121362265668 ) ) ;
#2046 = CARTESIAN_POINT ( 'NONE',  ( 62.58503044493244971, 4.395506858538627881, -9.413718632257783270 ) ) ;
#2047 = CARTESIAN_POINT ( 'NONE',  ( -76.83975402428545465, 3.629788950531251501, -9.644070702605985090 ) ) ;
#2048 = ORIENTED_EDGE ( 'NONE', *, *, #79, .T. ) ;
#2049 = LINE ( 'NONE', #3536, #1742 ) ;
#2050 = EDGE_CURVE ( 'NONE', #2188, #1877, #1119, .T. ) ;
#2051 = LINE ( 'NONE', #2891, #819 ) ;
#2052 = DIRECTION ( 'NONE',  ( 0.1418342987313895298, -0.1079063836726510822, 0.9839914857690921224 ) ) ;
#2053 = ORIENTED_EDGE ( 'NONE', *, *, #1900, .F. ) ;
#2054 = CARTESIAN_POINT ( 'NONE',  ( 41.01488065261357718, 30.85794014875905233, 0.000000000000000000 ) ) ;
#2055 = VECTOR ( 'NONE', #226, 1000.000000000000000 ) ;
#2056 = VERTEX_POINT ( 'NONE', #1195 ) ;
#2057 = ORIENTED_EDGE ( 'NONE', *, *, #1821, .T. ) ;
#2058 = ADVANCED_FACE ( 'NONE', ( #1458 ), #280, .F. ) ;
#2059 = CARTESIAN_POINT ( 'NONE',  ( 87.35961469898994380, 27.06857321206503997, -9.845545617452195586 ) ) ;
#2060 = CARTESIAN_POINT ( 'NONE',  ( -66.49670011053694907, 19.95298600841029213, -6.785282681105464953 ) ) ;
#2061 = CARTESIAN_POINT ( 'NONE',  ( -70.22441744127328889, 39.14459499645095519, -12.07796156328324422 ) ) ;
#2062 = CARTESIAN_POINT ( 'NONE',  ( 59.29621935431515567, 21.25317490918872565, -4.926840176805923122 ) ) ;
#2063 = DIRECTION ( 'NONE',  ( 1.498801083243961330E-15, -1.000000000000000000, -2.628696496404741057E-17 ) ) ;
#2064 = DIRECTION ( 'NONE',  ( -2.942091015256663649E-15, 1.000000000000000000, 2.628696496404735818E-17 ) ) ;
#2065 = CARTESIAN_POINT ( 'NONE',  ( -67.52029207581691139, 10.72008138488746098, -18.94047556384828468 ) ) ;
#2066 = VERTEX_POINT ( 'NONE', #3498 ) ;
#2067 = CARTESIAN_POINT ( 'NONE',  ( 62.61245682943069113, 4.374641087742063839, -16.25243526347868794 ) ) ;
#2068 = EDGE_CURVE ( 'NONE', #3219, #2388, #262, .T. ) ;
#2069 = CARTESIAN_POINT ( 'NONE',  ( -78.42186661975591733, 22.81721161681141297, -8.322151404768165506 ) ) ;
#2070 = CARTESIAN_POINT ( 'NONE',  ( 76.42619654344161972, 6.850096671775584234, -4.781788855465359589 ) ) ;
#2071 = AXIS2_PLACEMENT_3D ( 'NONE', #535, #2750, #3452 ) ;
#2072 = VECTOR ( 'NONE', #3483, 1000.000000000000000 ) ;
#2073 = ORIENTED_EDGE ( 'NONE', *, *, #1281, .T. ) ;
#2074 = CARTESIAN_POINT ( 'NONE',  ( 41.17913439262823516, 30.73297723606290788, -10.08846968089975249 ) ) ;
#2075 = ORIENTED_EDGE ( 'NONE', *, *, #648, .T. ) ;
#2076 = CARTESIAN_POINT ( 'NONE',  ( 82.80395846309998831, 25.87799302488818753, -10.50437936283510254 ) ) ;
#2077 = CARTESIAN_POINT ( 'NONE',  ( 57.65871524097860146, 20.70845542269065120, -11.97043023499169934 ) ) ;
#2078 = CARTESIAN_POINT ( 'NONE',  ( -57.83693853251882899, 20.57286458853968369, -5.180594587875845924 ) ) ;
#2079 = CARTESIAN_POINT ( 'NONE',  ( -8.749478227900196359, 46.05448479409703566, -7.801751733856044702 ) ) ;
#2080 = CARTESIAN_POINT ( 'NONE',  ( -9.124055619110057691, 46.00753828740806028, -11.80325023407990948 ) ) ;
#2081 = CARTESIAN_POINT ( 'NONE',  ( -9.123908591754199549, 43.99080383291204299, -8.080920444999485142 ) ) ;
#2082 = ORIENTED_EDGE ( 'NONE', *, *, #3470, .F. ) ;
#2083 = DIRECTION ( 'NONE',  ( 0.1106352735720111946, 0.08417041847119743903, -0.9902904507749379359 ) ) ;
#2084 = CARTESIAN_POINT ( 'NONE',  ( -52.51210279002400938, 30.59235418290697694, -5.988408278183681155 ) ) ;
#2085 = CARTESIAN_POINT ( 'NONE',  ( -58.09210283786426032, 29.92817408039143245, -6.451466693080733172 ) ) ;
#2086 = CARTESIAN_POINT ( 'NONE',  ( -82.73886492737894116, 1.627681034307913110, -4.770489558936219510E-15 ) ) ;
#2087 = VECTOR ( 'NONE', #266, 1000.000000000000000 ) ;
#2088 = ORIENTED_EDGE ( 'NONE', *, *, #1954, .T. ) ;
#2089 = DIRECTION ( 'NONE',  ( 0.7669500702490511523, -0.5834893906359884808, -0.2670725009435050423 ) ) ;
#2090 = ORIENTED_EDGE ( 'NONE', *, *, #2160, .F. ) ;
#2091 = CARTESIAN_POINT ( 'NONE',  ( 78.90433623673932573, 32.54098320319250348, -11.69500779379659328 ) ) ;
#2092 = CARTESIAN_POINT ( 'NONE',  ( 74.86413299548443945, 36.57503430739288319, -12.06844701925689911 ) ) ;
#2093 = PRODUCT ( 'oortje + band', 'oortje + band', '', ( #20 ) ) ;
#2094 = CARTESIAN_POINT ( 'NONE',  ( -57.89713746883985124, 18.01405614068909600, 0.1431214606333927608 ) ) ;
#2095 = CARTESIAN_POINT ( 'NONE',  ( -8.451373255797570039, 46.09010749520002292, -7.649445932271246917 ) ) ;
#2096 = CARTESIAN_POINT ( 'NONE',  ( -9.015407224556941657, 46.02141757949861045, -11.89631179189821530 ) ) ;
#2097 = AXIS2_PLACEMENT_3D ( 'NONE', #2365, #2420, #1192 ) ;
#2098 = CARTESIAN_POINT ( 'NONE',  ( -76.11791529220418795, 21.06480312788247033, -6.321011284777739547 ) ) ;
#2099 = EDGE_LOOP ( 'NONE', ( #3690, #2571, #1695, #3754 ) ) ;
#2100 = DIRECTION ( 'NONE',  ( -0.2125519158230665673, 0.1617077729738509717, -0.9636764390809715586 ) ) ;
#2101 = ADVANCED_FACE ( 'NONE', ( #885 ), #1408, .F. ) ;
#2102 = B_SPLINE_CURVE_WITH_KNOTS ( 'NONE', 3,
 ( #2620, #3209, #38, #1158, #3551, #941, #1177, #19, #2370, #3169 ),
 .UNSPECIFIED., .F., .F.,
 ( 4, 2, 2, 2, 4 ),
 ( 0.000000000000000000, 0.002548892708917287371, 0.005097785417834574742, 0.007646678126751862113, 0.01019557083566914948 ),
 .UNSPECIFIED. ) ;
#2103 = DIRECTION ( 'NONE',  ( -2.452401042819313349E-17, -3.223484749258277654E-17, 1.000000000000000000 ) ) ;
#2104 = CARTESIAN_POINT ( 'NONE',  ( -79.45540054708794742, 4.143082652762475782, -7.526007980735512248 ) ) ;
#2105 = AXIS2_PLACEMENT_3D ( 'NONE', #261, #1703, #815 ) ;
#2106 = ORIENTED_EDGE ( 'NONE', *, *, #3238, .F. ) ;
#2107 = EDGE_CURVE ( 'NONE', #1944, #2633, #834, .T. ) ;
#2108 = DIRECTION ( 'NONE',  ( -0.7958510202638119369, -0.6054769989133256258, -0.004330973558233052779 ) ) ;
#2109 = ORIENTED_EDGE ( 'NONE', *, *, #1359, .T. ) ;
#2110 = CARTESIAN_POINT ( 'NONE',  ( 82.79164851232773970, 16.21282399653305717, -9.091012045030163691 ) ) ;
#2111 = PLANE ( 'NONE',  #1748 ) ;
#2112 = VECTOR ( 'NONE', #886, 1000.000000000000227 ) ;
#2113 = CARTESIAN_POINT ( 'NONE',  ( -7.626769472315833909, 46.18218502168972606, -12.44154394169083488 ) ) ;
#2114 = EDGE_CURVE ( 'NONE', #1166, #2023, #2924, .T. ) ;
#2115 = CARTESIAN_POINT ( 'NONE',  ( 77.44254652650566584, 24.03974221908872977, -6.003539330434163546 ) ) ;
#2116 = CARTESIAN_POINT ( 'NONE',  ( -7.454491436167478113, 57.03325238500557504, -12.44215119058929986 ) ) ;
#2117 = CARTESIAN_POINT ( 'NONE',  ( -9.344925060972069986, 43.96142894289071990, -8.296615006142895155 ) ) ;
#2118 = PLANE ( 'NONE',  #3283 ) ;
#2119 = ORIENTED_EDGE ( 'NONE', *, *, #1954, .F. ) ;
#2120 = CARTESIAN_POINT ( 'NONE',  ( -47.42385090397765168, 15.93000923990299533, -9.862327531508137568 ) ) ;
#2121 = B_SPLINE_CURVE_WITH_KNOTS ( 'NONE', 3,
 ( #3446, #1691, #2300, #3115, #1972, #1887, #817, #3463, #265, #1706, #3636 ),
 .UNSPECIFIED., .F., .F.,
 ( 4, 1, 1, 1, 1, 1, 1, 1, 4 ),
 ( 0.4130478811308661569, 0.4857724810016465500, 0.5950331917778903801, 0.7042939025541342657, 0.7589242579422562640, 0.8135546133303781513, 0.8681849687185000386, 0.8955001464125610378, 0.9228153241066221479 ),
 .UNSPECIFIED. ) ;
#2122 = CARTESIAN_POINT ( 'NONE',  ( -59.67978007605158552, 28.72028211952920529, -6.604651939676877248 ) ) ;
#2123 = CARTESIAN_POINT ( 'NONE',  ( 76.30807625206800537, 6.729984600424384844, -4.785123492109713439 ) ) ;
#2124 = PRODUCT_DEFINITION_SHAPE ( 'NONE', 'NONE',  #695 ) ;
#2125 = EDGE_CURVE ( 'NONE', #1231, #1299, #3228, .T. ) ;
#2126 = EDGE_LOOP ( 'NONE', ( #499, #2656, #1236, #306, #1029, #2745, #2487, #1010 ) ) ;
#2127 = CARTESIAN_POINT ( 'NONE',  ( -83.61838122606633306, 19.46678909840916916, -5.347112019377334491 ) ) ;
#2128 = ORIENTED_EDGE ( 'NONE', *, *, #1747, .T. ) ;
#2129 = CARTESIAN_POINT ( 'NONE',  ( -45.85664508768635272, 29.68737463675653743, -9.521571041563204219 ) ) ;
#2130 = CARTESIAN_POINT ( 'NONE',  ( -79.83760971910422199, 31.34326457529244081, -11.88159575256197975 ) ) ;
#2131 = DIRECTION ( 'NONE',  ( 0.8134818461552230096, 0.5815903076701761654, 4.159789475487621293E-17 ) ) ;
#2132 = CIRCLE ( 'NONE', #2198, 2.944999999999996732 ) ;
#2133 = CARTESIAN_POINT ( 'NONE',  ( 71.61214457960910806, 39.04912070850398464, -11.97043023499170644 ) ) ;
#2134 = ORIENTED_EDGE ( 'NONE', *, *, #5, .T. ) ;
#2135 = VECTOR ( 'NONE', #2103, 1000.000000000000000 ) ;
#2136 = CARTESIAN_POINT ( 'NONE',  ( -46.04911323006892587, 29.54094643566234524, -3.791355372765897069 ) ) ;
#2137 = ADVANCED_FACE ( 'NONE', ( #1916 ), #2118, .T. ) ;
#2138 = CARTESIAN_POINT ( 'NONE',  ( -7.948583527888075650, 44.13477381757547846, -12.39829274927849667 ) ) ;
#2139 = CARTESIAN_POINT ( 'NONE',  ( -9.628262380005475407, 45.94126299479574982, -11.17943516130053183 ) ) ;
#2140 = EDGE_CURVE ( 'NONE', #1815, #1985, #2793, .T. ) ;
#2141 = DIRECTION ( 'NONE',  ( 0.6054826775597464961, -0.7958584843897059669, 0.000000000000000000 ) ) ;
#2142 = ORIENTED_EDGE ( 'NONE', *, *, #2692, .F. ) ;
#2143 = FACE_OUTER_BOUND ( 'NONE', #965, .T. ) ;
#2144 = EDGE_CURVE ( 'NONE', #2525, #1877, #1144, .T. ) ;
#2145 = CARTESIAN_POINT ( 'NONE',  ( -75.85078440355852081, 6.868076808951460777, -3.431745765502308476 ) ) ;
#2146 = FACE_BOUND ( 'NONE', #2664, .T. ) ;
#2147 = ORIENTED_EDGE ( 'NONE', *, *, #3210, .F. ) ;
#2148 = CARTESIAN_POINT ( 'NONE',  ( -50.54495845504377627, 26.12054386648017612, -10.88966353461745484 ) ) ;
#2149 = EDGE_CURVE ( 'NONE', #1135, #1454, #3054, .T. ) ;
#2150 = ORIENTED_EDGE ( 'NONE', *, *, #3600, .T. ) ;
#2151 = CARTESIAN_POINT ( 'NONE',  ( 65.62190816017152883, 32.55531615772739684, -8.083794241646726775 ) ) ;
#2152 = CARTESIAN_POINT ( 'NONE',  ( 63.95139803233498554, 21.88943117766566715, -6.561676997074261664 ) ) ;
#2153 = CARTESIAN_POINT ( 'NONE',  ( 76.72607204092304301, 34.76320319291876615, -11.95021408687066256 ) ) ;
#2154 = AXIS2_PLACEMENT_3D ( 'NONE', #760, #3018, #452 ) ;
#2155 = CARTESIAN_POINT ( 'NONE',  ( 8.895847227392522427, 46.03628339281313941, -11.03758626574187574 ) ) ;
#2156 = VERTEX_POINT ( 'NONE', #736 ) ;
#2157 = DIRECTION ( 'NONE',  ( -0.1426300451100294131, 0.1085117810610660011, -0.9838098716738241656 ) ) ;
#2158 =( LENGTH_UNIT ( ) NAMED_UNIT ( * ) SI_UNIT ( .MILLI., .METRE. ) );
#2159 = CARTESIAN_POINT ( 'NONE',  ( 48.71290971073609199, 27.51435168643862639, -10.13937168527267119 ) ) ;
#2160 = EDGE_CURVE ( 'NONE', #76, #1625, #1526, .T. ) ;
#2161 =( NAMED_UNIT ( * ) PLANE_ANGLE_UNIT ( ) SI_UNIT ( $, .RADIAN. ) );
#2162 = DIRECTION ( 'NONE',  ( 0.1544421007364804588, 0.1174982971420930888, 0.9809902077435895817 ) ) ;
#2163 = ORIENTED_EDGE ( 'NONE', *, *, #3724, .F. ) ;
#2164 = CARTESIAN_POINT ( 'NONE',  ( 81.98006242793226761, 14.39389925555225247, -4.804933175348025998 ) ) ;
#2165 = LINE ( 'NONE', #720, #450 ) ;
#2166 = VERTEX_POINT ( 'NONE', #2486 ) ;
#2167 = AXIS2_PLACEMENT_3D ( 'NONE', #1410, #2281, #1990 ) ;
#2168 = CARTESIAN_POINT ( 'NONE',  ( -83.77361892162568324, 20.81645052521577455, -5.469776299332645308 ) ) ;
#2169 = VECTOR ( 'NONE', #699, 1000.000000000000227 ) ;
#2170 = ORIENTED_EDGE ( 'NONE', *, *, #2125, .T. ) ;
#2171 = CARTESIAN_POINT ( 'NONE',  ( 60.77270777248884315, 41.31696513821827210, -5.760308693951460057 ) ) ;
#2172 = LINE ( 'NONE', #3332, #1302 ) ;
#2173 = CARTESIAN_POINT ( 'NONE',  ( -75.17767779379259707, 13.34856862191394988, -4.239495396663524929 ) ) ;
#2174 = B_SPLINE_CURVE_WITH_KNOTS ( 'NONE', 3,
 ( #744, #3555, #1903, #3060, #395, #1314, #433, #3572, #454, #1538, #3270 ),
 .UNSPECIFIED., .F., .F.,
 ( 4, 1, 1, 1, 1, 1, 1, 1, 4 ),
 ( 0.04873249857047167594, 0.1635537196282702554, 0.2783749406860688280, 0.5080173828016658621, 0.6228386038594643237, 0.7376598249172628963, 0.8524810459750614688, 0.9098916565039606441, 0.9673022670328599304 ),
 .UNSPECIFIED. ) ;
#2175 = CARTESIAN_POINT ( 'NONE',  ( 7.182270926550032186, 46.22764646156562662, -7.498736404404915845 ) ) ;
#2176 = ORIENTED_EDGE ( 'NONE', *, *, #702, .T. ) ;
#2177 = ORIENTED_EDGE ( 'NONE', *, *, #2791, .T. ) ;
#2178 = CARTESIAN_POINT ( 'NONE',  ( 7.781408379235610795, 44.15383597079411260, -7.715502931193356950 ) ) ;
#2179 = EDGE_CURVE ( 'NONE', #3691, #2612, #1163, .T. ) ;
#2180 = DIRECTION ( 'NONE',  ( 0.1233279571085110771, -0.09382690912103201775, -0.9879204047494083429 ) ) ;
#2181 = CARTESIAN_POINT ( 'NONE',  ( 76.18928480944525461, 6.610548446645531762, -4.788601600785078460 ) ) ;
#2182 = DIRECTION ( 'NONE',  ( -0.5815903076701760543, 0.8134818461552228985, 2.574160154924740636E-18 ) ) ;
#2183 = ORIENTED_EDGE ( 'NONE', *, *, #158, .T. ) ;
#2184 = FACE_OUTER_BOUND ( 'NONE', #168, .T. ) ;
#2185 = FACE_BOUND ( 'NONE', #313, .T. ) ;
#2186 = CARTESIAN_POINT ( 'NONE',  ( -64.48347020765112347, 17.30675654781428463, -6.785282681105461400 ) ) ;
#2187 = EDGE_CURVE ( 'NONE', #1166, #289, #976, .T. ) ;
#2188 = VERTEX_POINT ( 'NONE', #1307 ) ;
#2189 = CARTESIAN_POINT ( 'NONE',  ( -83.42417731256669811, 18.38821593496496476, -5.256792023319347251 ) ) ;
#2190 = ORIENTED_EDGE ( 'NONE', *, *, #2746, .T. ) ;
#2191 = CARTESIAN_POINT ( 'NONE',  ( 61.63151680549049161, 43.44622327240484339, -12.42428083847896048 ) ) ;
#2192 = CARTESIAN_POINT ( 'NONE',  ( 71.27474355584098475, 10.34949155723132286, -4.031597950880467351 ) ) ;
#2193 = CARTESIAN_POINT ( 'NONE',  ( 8.926106052022737103, 46.03253285977769593, -8.921762771666422509 ) ) ;
#2194 = ORIENTED_EDGE ( 'NONE', *, *, #1768, .T. ) ;
#2195 = VERTEX_POINT ( 'NONE', #1017 ) ;
#2196 = ORIENTED_EDGE ( 'NONE', *, *, #1827, .F. ) ;
#2197 = AXIS2_PLACEMENT_3D ( 'NONE', #3525, #3467, #2340 ) ;
#2198 = AXIS2_PLACEMENT_3D ( 'NONE', #2874, #1478, #527 ) ;
#2199 = CARTESIAN_POINT ( 'NONE',  ( 6.724940616987008291, 44.26287297547101218, -7.442151190589303411 ) ) ;
#2200 = CIRCLE ( 'NONE', #3657, 67.14622413438098647 ) ;
#2201 = CARTESIAN_POINT ( 'NONE',  ( 67.59762295886993400, 22.69645149735108802, -6.474965245878427034 ) ) ;
#2202 = CARTESIAN_POINT ( 'NONE',  ( 51.19924463642638557, 36.65418379998955345, -5.009085012333943432 ) ) ;
#2203 = CARTESIAN_POINT ( 'NONE',  ( 4.538036613155327359E-12, 44.56431237306189530, -20.00000000000000000 ) ) ;
#2204 = CARTESIAN_POINT ( 'NONE',  ( -68.16806926779864284, 31.58616006062623427, -9.892774275622539193 ) ) ;
#2205 = EDGE_LOOP ( 'NONE', ( #1162, #657, #412, #3750, #1059, #216, #18, #2717 ) ) ;
#2206 = CARTESIAN_POINT ( 'NONE',  ( 57.02997577470633672, 8.621747379551026214, -11.93200846251339442 ) ) ;
#2207 = CARTESIAN_POINT ( 'NONE',  ( -40.57377884424765568, 33.66824604017815403, -2.424091758934991226E-15 ) ) ;
#2208 = CARTESIAN_POINT ( 'NONE',  ( -59.07351035202972867, 19.63209078143937347, -9.892774275622516100 ) ) ;
#2209 = CARTESIAN_POINT ( 'NONE',  ( -57.50466524928864231, 40.53159219109751632, -5.746825865650684761 ) ) ;
#2210 = ORIENTED_EDGE ( 'NONE', *, *, #873, .T. ) ;
#2211 = CARTESIAN_POINT ( 'NONE',  ( 73.09775182299473784, 37.53538652662626163, -6.558922149618997999 ) ) ;
#2212 = CARTESIAN_POINT ( 'NONE',  ( -63.67517870148378734, 25.68061526280114748, -9.892774275622528535 ) ) ;
#2213 = CARTESIAN_POINT ( 'NONE',  ( 8.968760658331982327, 46.02717460137073857, -10.86092725367014289 ) ) ;
#2214 = ORIENTED_EDGE ( 'NONE', *, *, #2125, .F. ) ;
#2215 = ORIENTED_EDGE ( 'NONE', *, *, #2566, .F. ) ;
#2216 = B_SPLINE_CURVE_WITH_KNOTS ( 'NONE', 3,
 ( #2748, #1013, #3339, #1912, #3069, #732 ),
 .UNSPECIFIED., .F., .F.,
 ( 4, 1, 1, 4 ),
 ( 0.04873249857047167594, 0.1635537196282702554, 0.2783749406860688280, 0.4420430292922968296 ),
 .UNSPECIFIED. ) ;
#2217 = AXIS2_PLACEMENT_3D ( 'NONE', #2878, #2588, #1143 ) ;
#2218 = ORIENTED_EDGE ( 'NONE', *, *, #1075, .F. ) ;
#2219 = CARTESIAN_POINT ( 'NONE',  ( 8.947926572266265310, 44.01372204168822577, -10.91199456048491356 ) ) ;
#2220 = CARTESIAN_POINT ( 'NONE',  ( -8.418711843858751820, 44.07980432262359471, -12.24873948353113917 ) ) ;
#2221 = CARTESIAN_POINT ( 'NONE',  ( 48.35541968838096949, 33.13689501450413388, -9.163488092319036937 ) ) ;
#2222 = CARTESIAN_POINT ( 'NONE',  ( 59.17538255850104889, 19.38178774533735904, -6.633620182174988500 ) ) ;
#2223 = EDGE_LOOP ( 'NONE', ( #2984, #3509, #1151, #235 ) ) ;
#2224 = CARTESIAN_POINT ( 'NONE',  ( 7.171632243441124821, 46.22876150626171210, -12.39124988103773006 ) ) ;
#2225 = CARTESIAN_POINT ( 'NONE',  ( -57.85435874702637449, 18.04660184515069332, -17.03687460358431593 ) ) ;
#2226 = ADVANCED_FACE ( 'NONE', ( #3278 ), #2710, .F. ) ;
#2227 = DIRECTION ( 'NONE',  ( 0.1103589670017644103, 0.08396020667442471996, -0.9903391247938714281 ) ) ;
#2228 = EDGE_CURVE ( 'NONE', #453, #2826, #1610, .T. ) ;
#2229 = CARTESIAN_POINT ( 'NONE',  ( -48.10398309092360591, 27.97761811813965949, -4.140468408688324331 ) ) ;
#2230 = CARTESIAN_POINT ( 'NONE',  ( -9.954381064665774659, 45.89628292328704617, -9.942151093976503873 ) ) ;
#2231 = CARTESIAN_POINT ( 'NONE',  ( 8.397742771710829501, 46.09641534480311265, -8.160773139548172850 ) ) ;
#2232 = ORIENTED_EDGE ( 'NONE', *, *, #2446, .F. ) ;
#2233 = VERTEX_POINT ( 'NONE', #425 ) ;
#2234 = VECTOR ( 'NONE', #1833, 1000.000000000000000 ) ;
#2235 = ORIENTED_EDGE ( 'NONE', *, *, #2823, .T. ) ;
#2236 = VECTOR ( 'NONE', #1642, 1000.000000000000000 ) ;
#2237 = CARTESIAN_POINT ( 'NONE',  ( 8.426098208207093876, 44.07891238433323622, -8.189140659045088810 ) ) ;
#2238 = DIRECTION ( 'NONE',  ( -0.6054826775597466071, 0.7958584843897059669, 1.338167822438455401E-18 ) ) ;
#2239 = CARTESIAN_POINT ( 'NONE',  ( 51.66316973098229681, 37.01736588454429722, -9.241902696090729563 ) ) ;
#2240 = CARTESIAN_POINT ( 'NONE',  ( 63.47974563972115192, 45.25257687663255979, -5.764971064134298828 ) ) ;
#2241 = ORIENTED_EDGE ( 'NONE', *, *, #1034, .F. ) ;
#2242 = ADVANCED_FACE ( 'NONE', ( #144 ), #3564, .T. ) ;
#2243 = DIRECTION ( 'NONE',  ( -0.6054826775597461630, -0.7958584843897062999, 3.758525927527592285E-16 ) ) ;
#2244 = PLANE ( 'NONE',  #2809 ) ;
#2245 = CARTESIAN_POINT ( 'NONE',  ( -8.173685867646284464, 44.10886716025222398, -7.547079338209555566 ) ) ;
#2246 = CARTESIAN_POINT ( 'NONE',  ( 78.86659804555348785, 10.54206802519777675, -3.193022508662061387 ) ) ;
#2247 = CARTESIAN_POINT ( 'NONE',  ( -75.85078440355852081, 6.868076808951462553, -3.431745765502308476 ) ) ;
#2248 = LINE ( 'NONE', #1906, #211 ) ;
#2249 = EDGE_LOOP ( 'NONE', ( #3068, #602, #2183, #931 ) ) ;
#2250 = ORIENTED_EDGE ( 'NONE', *, *, #3537, .F. ) ;
#2251 = VERTEX_POINT ( 'NONE', #675 ) ;
#2252 = CARTESIAN_POINT ( 'NONE',  ( -64.49119911872151079, 15.51035712528897470, -12.19624346493665534 ) ) ;
#2253 = SURFACE_SIDE_STYLE ('',( #827 ) ) ;
#2254 = LINE ( 'NONE', #3422, #803 ) ;
#2255 = VECTOR ( 'NONE', #1896, 1000.000000000000000 ) ;
#2256 = CARTESIAN_POINT ( 'NONE',  ( -67.95519107664638625, 31.25764526770376150, -3.083952910082019550 ) ) ;
#2257 = ORIENTED_EDGE ( 'NONE', *, *, #2539, .F. ) ;
#2258 = EDGE_CURVE ( 'NONE', #2753, #3336, #3013, .T. ) ;
#2259 = CARTESIAN_POINT ( 'NONE',  ( 60.70827432895588061, 24.35677337743534565, -6.530637349021549021 ) ) ;
#2260 = DIRECTION ( 'NONE',  ( 0.1103589670017644103, 0.08396020667442471996, -0.9903391247938714281 ) ) ;
#2261 = CARTESIAN_POINT ( 'NONE',  ( -64.57384784425636326, 44.42019279664968678, -6.137064442607217174 ) ) ;
#2262 = AXIS2_PLACEMENT_3D ( 'NONE', #1983, #1964, #2595 ) ;
#2263 = CARTESIAN_POINT ( 'NONE',  ( 75.21043704875218339, 13.32364564653877181, -5.478226488053541843 ) ) ;
#2264 = CARTESIAN_POINT ( 'NONE',  ( -63.98493881398518823, 41.00669207031116770, -6.279024430749639230 ) ) ;
#2265 = DIRECTION ( 'NONE',  ( -0.6054826775597463850, -0.7958584843897061889, 3.677613769070831040E-16 ) ) ;
#2266 = VERTEX_POINT ( 'NONE', #3364 ) ;
#2267 = EDGE_LOOP ( 'NONE', ( #2119, #2680, #2825, #3014, #1260, #676, #198, #2672 ) ) ;
#2268 = CARTESIAN_POINT ( 'NONE',  ( -64.41348054018021685, 21.53788255490085390, -6.834023966038564879 ) ) ;
#2269 = ORIENTED_EDGE ( 'NONE', *, *, #2228, .T. ) ;
#2270 = CARTESIAN_POINT ( 'NONE',  ( -45.94729962486391628, 29.61840540041635705, -9.550264201806511366 ) ) ;
#2271 = CARTESIAN_POINT ( 'NONE',  ( -73.73430411040207844, 26.38347114041089725, -8.296641970510172825 ) ) ;
#2272 = DIRECTION ( 'NONE',  ( 0.6054826775597450528, -0.7958584843897071881, 1.441115708636438561E-15 ) ) ;
#2273 = CARTESIAN_POINT ( 'NONE',  ( -82.61146734125080116, 15.83280680834620036, -9.342259283744370535 ) ) ;
#2274 = ORIENTED_EDGE ( 'NONE', *, *, #2607, .T. ) ;
#2275 = VECTOR ( 'NONE', #2822, 1000.000000000000114 ) ;
#2276 = CIRCLE ( 'NONE', #3436, 67.14622413438098647 ) ;
#2277 = DIRECTION ( 'NONE',  ( -0.7634233966492658396, -0.5808063259756715002, 0.2825751743432880492 ) ) ;
#2278 = LINE ( 'NONE', #3166, #1626 ) ;
#2279 = DIRECTION ( 'NONE',  ( 0.7958510202638107156, 0.6054769989133275132, 0.004330973558230998000 ) ) ;
#2280 = CARTESIAN_POINT ( 'NONE',  ( -75.05658592935769491, 4.996240749143785465, -11.89276579925062727 ) ) ;
#2281 = DIRECTION ( 'NONE',  ( 0.7956919983560458709, -0.6053560163361566548, 0.02045329405698184319 ) ) ;
#2282 = CARTESIAN_POINT ( 'NONE',  ( -62.77621062406425523, 16.81510645710709895, -5.276564742949954478 ) ) ;
#2283 = CARTESIAN_POINT ( 'NONE',  ( -63.07372003027733598, 43.91103270457115570, -4.762846250172915852 ) ) ;
#2284 = EDGE_CURVE ( 'NONE', #3711, #1678, #3300, .T. ) ;
#2285 = EDGE_LOOP ( 'NONE', ( #118, #2553, #1713, #1533 ) ) ;
#2286 = ORIENTED_EDGE ( 'NONE', *, *, #3567, .T. ) ;
#2287 = AXIS2_PLACEMENT_3D ( 'NONE', #883, #260, #33 ) ;
#2288 = DIRECTION ( 'NONE',  ( -0.7862448360215292809, 0.5981686918835799061, -0.1549621691890157582 ) ) ;
#2289 = ORIENTED_EDGE ( 'NONE', *, *, #2179, .F. ) ;
#2290 = CARTESIAN_POINT ( 'NONE',  ( 61.87383719518461334, 14.98861525466906031, -11.93200846251339442 ) ) ;
#2291 = AXIS2_PLACEMENT_3D ( 'NONE', #1552, #388, #2691 ) ;
#2292 = CARTESIAN_POINT ( 'NONE',  ( -64.48326313007515864, 17.30691409075389586, -6.845359595192762825 ) ) ;
#2293 = DIRECTION ( 'NONE',  ( 0.7958510202638111597, 0.6054769989133267361, 0.004330973558232953033 ) ) ;
#2294 = VERTEX_POINT ( 'NONE', #2994 ) ;
#2295 = ADVANCED_FACE ( 'NONE', ( #386 ), #2731, .F. ) ;
#2296 = CARTESIAN_POINT ( 'NONE',  ( 69.01124301312452758, 13.86206373443894790, -6.084701870150958314 ) ) ;
#2297 = CARTESIAN_POINT ( 'NONE',  ( 7.549198747906599394, 44.17918615365401536, -12.27248180899884566 ) ) ;
#2298 = CARTESIAN_POINT ( 'NONE',  ( -78.97625111465671921, 10.45864485991809012, -5.016044951008212571 ) ) ;
#2299 = CARTESIAN_POINT ( 'NONE',  ( -69.79376044638027565, 11.47621149064435997, -8.309396687639146961 ) ) ;
#2300 = CARTESIAN_POINT ( 'NONE',  ( -61.60318547444946091, 17.70753447334958963, -12.34186109020886057 ) ) ;
#2301 = CARTESIAN_POINT ( 'NONE',  ( 45.95908113264169970, 29.60944212488983496, -5.026348128998241016 ) ) ;
#2302 = CARTESIAN_POINT ( 'NONE',  ( 81.98023746261850420, 14.27008980001106231, -8.949120160127414181 ) ) ;
#2303 = ADVANCED_FACE ( 'NONE', ( #697, #3605 ), #2918, .T. ) ;
#2304 = CARTESIAN_POINT ( 'NONE',  ( 77.52549517772726517, 23.97663555826053283, -11.09824799787509164 ) ) ;
#2305 = ADVANCED_FACE ( 'NONE', ( #3681 ), #1764, .T. ) ;
#2306 = CARTESIAN_POINT ( 'NONE',  ( -73.73430411040207844, 26.38347114041090080, -8.296641970510172825 ) ) ;
#2307 = ORIENTED_EDGE ( 'NONE', *, *, #761, .T. ) ;
#2308 = CARTESIAN_POINT ( 'NONE',  ( -88.80129957683544717, 25.97175105441232290, -9.692794909853041929 ) ) ;
#2309 = CARTESIAN_POINT ( 'NONE',  ( 72.18326563588118461, 7.145285744686789009, -15.05004016368929598 ) ) ;
#2310 = CARTESIAN_POINT ( 'NONE',  ( 67.16498302358733952, 19.44456179041351973, -6.434416039940777488 ) ) ;
#2311 = ORIENTED_EDGE ( 'NONE', *, *, #1279, .T. ) ;
#2312 = DIRECTION ( 'NONE',  ( 0.6054826775597450528, -0.7958584843897071881, 1.441115708636438561E-15 ) ) ;
#2313 = CARTESIAN_POINT ( 'NONE',  ( 8.315661691014833323, 44.09223449758418667, -11.80107379891785335 ) ) ;
#2314 = CARTESIAN_POINT ( 'NONE',  ( -62.57323659534405635, 35.84266336298691158, -9.862327531508160661 ) ) ;
#2315 = CARTESIAN_POINT ( 'NONE',  ( -79.16039962347102232, 1.848541756526120849, -6.019585008426425965 ) ) ;
#2316 = PLANE ( 'NONE',  #3393 ) ;
#2317 = CIRCLE ( 'NONE', #2739, 2.944999999999996732 ) ;
#2318 = LINE ( 'NONE', #625, #2087 ) ;
#2319 = CARTESIAN_POINT ( 'NONE',  ( -77.33782813733449757, 37.14119369254895986, -12.42064019071916370 ) ) ;
#2320 = VERTEX_POINT ( 'NONE', #1349 ) ;
#2321 = LINE ( 'NONE', #1206, #3041 ) ;
#2322 = ORIENTED_EDGE ( 'NONE', *, *, #2897, .F. ) ;
#2323 = CARTESIAN_POINT ( 'NONE',  ( -42.22584600773352292, 32.44965711753844317, -2.602085213965210642E-15 ) ) ;
#2324 = CIRCLE ( 'NONE', #1115, 2.944999999999997620 ) ;
#2325 = DIRECTION ( 'NONE',  ( -0.003446842051988523604, -0.002622329466478303100, 0.9999906212900389058 ) ) ;
#2326 = CARTESIAN_POINT ( 'NONE',  ( -51.76128506386888972, 37.26042359720243269, -9.550264201806527353 ) ) ;
#2327 = ORIENTED_EDGE ( 'NONE', *, *, #1710, .F. ) ;
#2328 = ADVANCED_FACE ( 'NONE', ( #847 ), #2541, .F. ) ;
#2329 = DIRECTION ( 'NONE',  ( 0.7958510202638108266, 0.6054769989133271801, 0.004330973558232953900 ) ) ;
#2330 = CARTESIAN_POINT ( 'NONE',  ( 8.208645992895961641, 44.10500414509423450, -11.89304273237082477 ) ) ;
#2331 = CARTESIAN_POINT ( 'NONE',  ( 76.09406813721854235, 6.380019047568411317, -4.778605185329587890 ) ) ;
#2332 = LINE ( 'NONE', #868, #2663 ) ;
#2333 = ORIENTED_EDGE ( 'NONE', *, *, #3256, .F. ) ;
#2334 = VECTOR ( 'NONE', #1007, 1000.000000000000227 ) ;
#2335 = DIRECTION ( 'NONE',  ( 0.6054826775597471622, 0.7958584843897056338, 0.000000000000000000 ) ) ;
#2336 = EDGE_CURVE ( 'NONE', #613, #882, #2506, .T. ) ;
#2337 = LINE ( 'NONE', #1770, #2980 ) ;
#2338 = CARTESIAN_POINT ( 'NONE',  ( -63.04755573044639050, 43.93093829159301578, -12.35357830256680245 ) ) ;
#2339 = ORIENTED_EDGE ( 'NONE', *, *, #2008, .F. ) ;
#2340 = DIRECTION ( 'NONE',  ( 0.6054826775597449418, -0.7958584843897074101, 1.440100432757343972E-15 ) ) ;
#2341 = ORIENTED_EDGE ( 'NONE', *, *, #116, .T. ) ;
#2342 = CARTESIAN_POINT ( 'NONE',  ( 65.23867353990381446, 11.66045327441623414, -19.99999999999997158 ) ) ;
#2343 = PLANE ( 'NONE',  #314 ) ;
#2344 = CARTESIAN_POINT ( 'NONE',  ( 73.76825812365636637, 14.42084367133190881, -5.708440782776743383 ) ) ;
#2345 = ORIENTED_EDGE ( 'NONE', *, *, #1793, .F. ) ;
#2346 = EDGE_CURVE ( 'NONE', #1030, #1574, #2317, .T. ) ;
#2347 = DIRECTION ( 'NONE',  ( -0.7805720297587027678, -0.5938528669063170007, 0.1950540407823611044 ) ) ;
#2348 = CIRCLE ( 'NONE', #711, 67.14622413438098647 ) ;
#2349 = CARTESIAN_POINT ( 'NONE',  ( -9.223145254814296479, 45.99475320806886458, -8.175267217881620141 ) ) ;
#2350 = PLANE ( 'NONE',  #3352 ) ;
#2351 = VECTOR ( 'NONE', #2927, 1000.000000000000000 ) ;
#2352 = PLANE ( 'NONE',  #3150 ) ;
#2353 = B_SPLINE_CURVE_WITH_KNOTS ( 'NONE', 3,
 ( #488, #2837, #2489, #1952, #2528 ),
 .UNSPECIFIED., .F., .F.,
 ( 4, 1, 4 ),
 ( 0.7472753831952119175, 0.8544128193240630997, 0.9673022670328599304 ),
 .UNSPECIFIED. ) ;
#2354 = ORIENTED_EDGE ( 'NONE', *, *, #218, .T. ) ;
#2355 = CARTESIAN_POINT ( 'NONE',  ( 46.27070825108505403, 30.12770573667985019, -5.014413675817610105 ) ) ;
#2356 = SHAPE_DEFINITION_REPRESENTATION ( #2124, #1492 ) ;
#2357 = CARTESIAN_POINT ( 'NONE',  ( -76.72182452802786656, 7.338895316511243827, -4.997251737514265990 ) ) ;
#2358 = CARTESIAN_POINT ( 'NONE',  ( -59.06532410214588680, 19.63831881393013035, -17.03687460358431238 ) ) ;
#2359 = EDGE_LOOP ( 'NONE', ( #2109, #3088, #2134, #2075, #1994, #977, #2048, #1996 ) ) ;
#2360 = CARTESIAN_POINT ( 'NONE',  ( 73.13069102884280426, 18.48693820341850724, -2.606257762266172229 ) ) ;
#2361 = VECTOR ( 'NONE', #3410, 1000.000000000000000 ) ;
#2362 = ORIENTED_EDGE ( 'NONE', *, *, #2385, .T. ) ;
#2363 = CARTESIAN_POINT ( 'NONE',  ( -48.92515594847770899, 33.32127423651345310, -3.791355372765903731 ) ) ;
#2364 = FACE_OUTER_BOUND ( 'NONE', #2846, .T. ) ;
#2365 = CARTESIAN_POINT ( 'NONE',  ( -0.3590050757020513128, -22.58095202332092555, -2.602085213965210642E-15 ) ) ;
#2366 = PLANE ( 'NONE',  #402 ) ;
#2367 = CARTESIAN_POINT ( 'NONE',  ( -9.748274341046430536, 45.92486673069971914, -10.93659553187095668 ) ) ;
#2368 = CARTESIAN_POINT ( 'NONE',  ( -9.199338527372049157, 43.98079367139987284, -8.151726805495329131 ) ) ;
#2369 = ORIENTED_EDGE ( 'NONE', *, *, #1733, .F. ) ;
#2370 = CARTESIAN_POINT ( 'NONE',  ( -76.67700016113107608, 7.307990053608978798, -9.213046491427661522 ) ) ;
#2371 = CARTESIAN_POINT ( 'NONE',  ( 0.3590050757018015126, -22.58095202332093976, -2.602085213965210642E-15 ) ) ;
#2372 = CARTESIAN_POINT ( 'NONE',  ( -61.54755252291371903, 27.29929599651813277, -6.735897479498844653 ) ) ;
#2373 = CARTESIAN_POINT ( 'NONE',  ( -80.32409309494325100, 3.476222790834073262, -6.019585008426492578 ) ) ;
#2374 = VECTOR ( 'NONE', #3157, 1000.000000000000000 ) ;
#2375 = VECTOR ( 'NONE', #1741, 1000.000000000000000 ) ;
#2376 = ORIENTED_EDGE ( 'NONE', *, *, #2685, .F. ) ;
#2377 = DIRECTION ( 'NONE',  ( 0.7956919983549475273, -0.6053560163353208790, 0.02045329412443951805 ) ) ;
#2378 = CARTESIAN_POINT ( 'NONE',  ( 83.36868251106331229, 18.22167198450917169, -9.290520710598151766 ) ) ;
#2379 = DIRECTION ( 'NONE',  ( -0.000000000000000000, -0.000000000000000000, 1.000000000000000000 ) ) ;
#2380 = CARTESIAN_POINT ( 'NONE',  ( -67.57240792657893280, 13.16619846430192453, -4.970328451645812606 ) ) ;
#2381 = LINE ( 'NONE', #2938, #1254 ) ;
#2382 = CARTESIAN_POINT ( 'NONE',  ( 75.52336516846874304, 21.51713203801288898, -6.003539330434062293 ) ) ;
#2383 = EDGE_LOOP ( 'NONE', ( #130, #1776, #1422, #3474, #823, #2788 ) ) ;
#2384 = DIRECTION ( 'NONE',  ( -0.5815903076701760543, 0.8134818461552228985, 0.000000000000000000 ) ) ;
#2385 = EDGE_CURVE ( 'NONE', #3433, #730, #502, .T. ) ;
#2386 = DIRECTION ( 'NONE',  ( -0.7956919983549474162, 0.6053560163353209900, -0.02045329412443980255 ) ) ;
#2387 = CARTESIAN_POINT ( 'NONE',  ( 0.000000000000000000, 46.56434013310622788, -8.673617379884035472E-16 ) ) ;
#2388 = VERTEX_POINT ( 'NONE', #811 ) ;
#2389 = CARTESIAN_POINT ( 'NONE',  ( -68.37134158693918096, 18.52677398345842263, -6.684310710024173652 ) ) ;
#2390 = ORIENTED_EDGE ( 'NONE', *, *, #2417, .F. ) ;
#2391 = B_SPLINE_CURVE_WITH_KNOTS ( 'NONE', 3,
 ( #1169, #2902, #3733, #2309, #3752, #295, #3439, #2631, #1999, #1149, #3715, #2041, #862, #9, #1420, #522, #1758, #2021, #3180, #2868, #1452, #2883, #2610 ),
 .UNSPECIFIED., .F., .F.,
 ( 4, 1, 1, 1, 1, 1, 2, 2, 1, 1, 1, 1, 1, 1, 2, 2, 4 ),
 ( 0.000000000000000000, 0.2500000000000285882, 0.3750000000000423550, 0.4375000000000488498, 0.4687500000000517364, 0.4843750000000532352, 0.4921875000000535683, 0.5000000000000538458, 0.6250000000000625056, 0.6875000000000662803, 0.7187500000000681677, 0.7343750000000690559, 0.7421875000000698330, 0.7460937500000702771, 0.7480468750000700551, 0.7500000000000698330, 1.000000000000000000 ),
 .UNSPECIFIED. ) ;
#2392 = CARTESIAN_POINT ( 'NONE',  ( 83.62644219610869811, 20.79680768098272026, -9.635723191020980849 ) ) ;
#2393 = ADVANCED_FACE ( 'NONE', ( #3456 ), #3665, .F. ) ;
#2394 = CARTESIAN_POINT ( 'NONE',  ( 74.94508051763210688, 7.557128976745734583, -9.356805181884093159 ) ) ;
#2395 = CARTESIAN_POINT ( 'NONE',  ( 67.45631824990897485, 10.74150896286010948, -16.25243526347868794 ) ) ;
#2396 = CARTESIAN_POINT ( 'NONE',  ( -9.368392526548106503, 45.97585447555498206, -8.333175771025070233 ) ) ;
#2397 = CARTESIAN_POINT ( 'NONE',  ( -8.393655337649541082, 46.09688018896029860, -12.25905402988913195 ) ) ;
#2398 = EDGE_CURVE ( 'NONE', #1364, #3344, #1224, .T. ) ;
#2399 =( LENGTH_UNIT ( ) NAMED_UNIT ( * ) SI_UNIT ( .MILLI., .METRE. ) );
#2400 = CARTESIAN_POINT ( 'NONE',  ( 62.58503044493244971, 4.395506858538627881, -9.413718632257783270 ) ) ;
#2401 = ORIENTED_EDGE ( 'NONE', *, *, #585, .T. ) ;
#2402 = CARTESIAN_POINT ( 'NONE',  ( -9.835708551023593316, 45.91283992213563181, -9.179567393705237777 ) ) ;
#2403 = VECTOR ( 'NONE', #2712, 1000.000000000000227 ) ;
#2404 = CARTESIAN_POINT ( 'NONE',  ( 83.03372367073600913, 25.03692109609351846, -5.588867695627627974 ) ) ;
#2405 = CARTESIAN_POINT ( 'NONE',  ( 0.3590050757018015126, -22.58095202332093976, -12.44215119058930163 ) ) ;
#2406 = VECTOR ( 'NONE', #1117, 1000.000000000000000 ) ;
#2407 = EDGE_LOOP ( 'NONE', ( #58, #2286, #2170, #1207 ) ) ;
#2408 = PLANE ( 'NONE',  #2944 ) ;
#2409 = VERTEX_POINT ( 'NONE', #3127 ) ;
#2410 = CARTESIAN_POINT ( 'NONE',  ( 73.29507937155608488, 10.60295579074472094, -5.462456604987461439 ) ) ;
#2411 = CARTESIAN_POINT ( 'NONE',  ( -78.97625111465671921, 10.45864485991809012, -5.016044951008212571 ) ) ;
#2412 = CARTESIAN_POINT ( 'NONE',  ( 83.62631176385063725, 21.32248965894103065, -9.714929853786118841 ) ) ;
#2413 = EDGE_CURVE ( 'NONE', #2320, #1551, #1185, .T. ) ;
#2414 = EDGE_CURVE ( 'NONE', #1030, #1166, #1373, .T. ) ;
#2415 = CARTESIAN_POINT ( 'NONE',  ( 64.38679899296792541, 44.54610500647095250, -10.63983958079150582 ) ) ;
#2416 = EDGE_LOOP ( 'NONE', ( #2250, #3245, #194, #3487, #1521, #2390, #770, #3216, #84, #572, #2974, #3120, #1341, #325 ) ) ;
#2417 = EDGE_CURVE ( 'NONE', #393, #2570, #1049, .T. ) ;
#2418 = EDGE_CURVE ( 'NONE', #3218, #2982, #3201, .T. ) ;
#2419 = B_SPLINE_CURVE_WITH_KNOTS ( 'NONE', 3,
 ( #71, #1461, #1482, #2640, #1785, #3189 ),
 .UNSPECIFIED., .F., .F.,
 ( 4, 2, 4 ),
 ( 0.000000000000000000, 0.003938670525454722286, 0.007877341050909444573 ),
 .UNSPECIFIED. ) ;
#2420 = DIRECTION ( 'NONE',  ( -3.234202562487237496E-17, -2.628696496404745679E-17, 1.000000000000000000 ) ) ;
#2421 = CARTESIAN_POINT ( 'NONE',  ( -63.68580595325476423, 25.67253013588022270, -6.809618174829211945 ) ) ;
#2422 = CARTESIAN_POINT ( 'NONE',  ( -7.962632167056138854, 46.14571194952173983, -12.39231960884899486 ) ) ;
#2423 = LINE ( 'NONE', #2655, #1105 ) ;
#2424 = DIRECTION ( 'NONE',  ( -0.6054826775597450528, 0.7958584843897071881, -1.441115708636438561E-15 ) ) ;
#2425 = EDGE_LOOP ( 'NONE', ( #2333, #1902, #940, #1220 ) ) ;
#2426 = LINE ( 'NONE', #980, #2234 ) ;
#2427 = EDGE_CURVE ( 'NONE', #2914, #2188, #3181, .T. ) ;
#2428 = CARTESIAN_POINT ( 'NONE',  ( 82.28848231286480086, 27.08150468598356042, -5.798583404768990590 ) ) ;
#2429 = LINE ( 'NONE', #2186, #1669 ) ;
#2430 = B_SPLINE_SURFACE_WITH_KNOTS ( 'NONE', 3, 1, ( 
 ( #728, #1427 ),
 ( #3703, #2263 ),
 ( #2763, #3133 ),
 ( #1122, #157 ),
 ( #508, #2586 ),
 ( #1673, #417 ),
 ( #2838, #228 ),
 ( #2546, #135 ) ),
 .UNSPECIFIED., .F., .F., .F.,
 ( 4, 1, 1, 1, 1, 4 ),
 ( 2, 2 ),
 ( 0.000000000000000000, 0.02004179039284854219, 0.2956680436646315635, 0.5712942969364146473, 0.8469205502081980086, 1.000000000000000000 ),
 ( 0.000000000000000000, 1.000000000000000000 ),
 .UNSPECIFIED. ) ;
#2431 = VERTEX_POINT ( 'NONE', #1559 ) ;
#2432 = CARTESIAN_POINT ( 'NONE',  ( -78.97625111465671921, 10.45864485991809012, -5.016044951008212571 ) ) ;
#2433 = CARTESIAN_POINT ( 'NONE',  ( -53.47287015804157306, 23.89301239906224339, -17.03687460358431238 ) ) ;
#2434 = LINE ( 'NONE', #2042, #1412 ) ;
#2435 = CARTESIAN_POINT ( 'NONE',  ( 53.93671796000480612, 38.90876088643746300, -9.425536828972143510 ) ) ;
#2436 = CARTESIAN_POINT ( 'NONE',  ( 7.329816198234834879, 46.21289369858390472, -7.537610629692849784 ) ) ;
#2437 = EDGE_CURVE ( 'NONE', #453, #1815, #2434, .T. ) ;
#2438 = ORIENTED_EDGE ( 'NONE', *, *, #1218, .T. ) ;
#2439 = VECTOR ( 'NONE', #2485, 1000.000000000000000 ) ;
#2440 = CARTESIAN_POINT ( 'NONE',  ( 7.373492554504121443, 44.19826383026901340, -7.538405682110309591 ) ) ;
#2441 = DIRECTION ( 'NONE',  ( 0.6054826775597466071, -0.7958584843897059669, 0.000000000000000000 ) ) ;
#2442 = CARTESIAN_POINT ( 'NONE',  ( -45.94729962486392338, 29.61840540041636061, -9.550264201806513142 ) ) ;
#2443 =( NAMED_UNIT ( * ) SI_UNIT ( $, .STERADIAN. ) SOLID_ANGLE_UNIT ( ) );
#2444 = CARTESIAN_POINT ( 'NONE',  ( 45.99089959683721673, 29.28226542474877903, -9.288779410278245052 ) ) ;
#2445 = ORIENTED_EDGE ( 'NONE', *, *, #933, .T. ) ;
#2446 = EDGE_CURVE ( 'NONE', #3230, #904, #2678, .T. ) ;
#2447 = CARTESIAN_POINT ( 'NONE',  ( 76.82578175690596822, 7.132079227626774376, -8.889988744319069269 ) ) ;
#2448 = VECTOR ( 'NONE', #1370, 1000.000000000000000 ) ;
#2449 = DIRECTION ( 'NONE',  ( -0.6054826775597471622, -0.7958584843897057448, -4.050324036854577624E-17 ) ) ;
#2450 = ORIENTED_EDGE ( 'NONE', *, *, #3359, .F. ) ;
#2451 = CARTESIAN_POINT ( 'NONE',  ( -80.18122067385111507, 30.89579445170420868, -6.567071720843989269 ) ) ;
#2452 = ORIENTED_EDGE ( 'NONE', *, *, #1891, .T. ) ;
#2453 = CARTESIAN_POINT ( 'NONE',  ( 55.29363837811190052, 39.78970171329754635, -5.246727954436329888 ) ) ;
#2454 = CARTESIAN_POINT ( 'NONE',  ( 63.08480255030381301, 16.58033222344808166, -11.93200846251339442 ) ) ;
#2455 = FACE_OUTER_BOUND ( 'NONE', #1523, .T. ) ;
#2456 = VECTOR ( 'NONE', #2797, 1000.000000000000000 ) ;
#2457 = AXIS2_PLACEMENT_3D ( 'NONE', #3704, #1787, #3522 ) ;
#2458 = CARTESIAN_POINT ( 'NONE',  ( 7.592271318906813171, 46.18590131228407358, -7.629094462972531687 ) ) ;
#2459 = ORIENTED_EDGE ( 'NONE', *, *, #1155, .T. ) ;
#2460 = EDGE_LOOP ( 'NONE', ( #1182, #1908, #2535, #3066, #1054, #2871 ) ) ;
#2461 = PLANE ( 'NONE',  #953 ) ;
#2462 = CARTESIAN_POINT ( 'NONE',  ( -9.498218170337800359, 43.94047396011861650, -11.38432829838932747 ) ) ;
#2463 = CARTESIAN_POINT ( 'NONE',  ( -9.954491436167485219, 57.03325238500556793, -9.942151190589301635 ) ) ;
#2464 = EDGE_CURVE ( 'NONE', #3726, #710, #2806, .T. ) ;
#2465 = CARTESIAN_POINT ( 'NONE',  ( -78.72682712196730392, 10.64840460980257042, -3.431745765502315582 ) ) ;
#2466 = CARTESIAN_POINT ( 'NONE',  ( -48.74692621676986448, 33.45686997029265086, -5.390753059308006634 ) ) ;
#2467 = VERTEX_POINT ( 'NONE', #214 ) ;
#2468 = B_SPLINE_CURVE_WITH_KNOTS ( 'NONE', 3,
 ( #2062, #691, #381, #3515, #619, #64, #1529, #361 ),
 .UNSPECIFIED., .F., .F.,
 ( 4, 1, 1, 1, 1, 4 ),
 ( 0.000000000000000000, 0.1557048737473536448, 0.4266923526285839041, 0.6976798315098141634, 0.9686673103910442562, 1.000000000000000000 ),
 .UNSPECIFIED. ) ;
#2469 = CARTESIAN_POINT ( 'NONE',  ( 77.62104169240737406, 5.521279426946247959, -10.13314088079897424 ) ) ;
#2470 = CARTESIAN_POINT ( 'NONE',  ( -67.63517616961007661, 12.94564540630796756, -6.577907202704036393 ) ) ;
#2471 = CARTESIAN_POINT ( 'NONE',  ( 0.3590050757018015126, -22.58095202332093976, -2.602085213965210642E-15 ) ) ;
#2472 = ORIENTED_EDGE ( 'NONE', *, *, #3083, .F. ) ;
#2473 = CARTESIAN_POINT ( 'NONE',  ( -82.51219139317571205, 15.54100719387018259, -5.068294082374440457 ) ) ;
#2474 = VERTEX_POINT ( 'NONE', #1886 ) ;
#2475 = DIRECTION ( 'NONE',  ( 3.234202562487237496E-17, 2.628696496404745679E-17, -1.000000000000000000 ) ) ;
#2476 = CARTESIAN_POINT ( 'NONE',  ( -0.3590050757020513128, -22.58095202332092555, -12.44215119058930163 ) ) ;
#2477 = CARTESIAN_POINT ( 'NONE',  ( -77.54967495137927358, 11.54397243011608332, -3.724337420045353397 ) ) ;
#2478 = CARTESIAN_POINT ( 'NONE',  ( 6.849941904218731281, 46.25992112873578321, -7.445332655941793831 ) ) ;
#2479 = ORIENTED_EDGE ( 'NONE', *, *, #2798, .F. ) ;
#2480 = VERTEX_POINT ( 'NONE', #3689 ) ;
#2481 = CARTESIAN_POINT ( 'NONE',  ( 7.608022923034422291, 44.17282694239245444, -7.635613095531156524 ) ) ;
#2482 = SURFACE_SIDE_STYLE ('',( #202 ) ) ;
#2483 = CARTESIAN_POINT ( 'NONE',  ( 50.43336965433741881, 26.20543972065762617, -10.63983958079149694 ) ) ;
#2484 = VECTOR ( 'NONE', #943, 1000.000000000000227 ) ;
#2485 = DIRECTION ( 'NONE',  ( 0.6054826775597450528, -0.7958584843897071881, 1.441115708636438561E-15 ) ) ;
#2486 = CARTESIAN_POINT ( 'NONE',  ( 76.16625202361353786, 6.628071603224999109, -8.949120160127410628 ) ) ;
#2487 = ORIENTED_EDGE ( 'NONE', *, *, #2413, .T. ) ;
#2488 = CARTESIAN_POINT ( 'NONE',  ( -0.3590050757020513128, -22.58095202332092555, -20.00000000000000355 ) ) ;
#2489 = CARTESIAN_POINT ( 'NONE',  ( 52.33378799404806614, 30.72801463289022905, -5.751457090779289238 ) ) ;
#2490 = CARTESIAN_POINT ( 'NONE',  ( 75.32101976034365975, 13.23951521679587273, -6.243135041328121027 ) ) ;
#2491 = VERTEX_POINT ( 'NONE', #2230 ) ;
#2492 = CARTESIAN_POINT ( 'NONE',  ( -76.52020253113479953, 34.93161379664253019, -6.819278993691010093 ) ) ;
#2493 = VERTEX_POINT ( 'NONE', #2742 ) ;
#2494 = CARTESIAN_POINT ( 'NONE',  ( 67.20611827534143856, 40.34684071134117289, -6.327445690277693657 ) ) ;
#2495 = LINE ( 'NONE', #2454, #2334 ) ;
#2496 = CARTESIAN_POINT ( 'NONE',  ( 6.643688332631084492, 46.27907316112200675, -7.442151190589300747 ) ) ;
#2497 = ORIENTED_EDGE ( 'NONE', *, *, #1, .F. ) ;
#2498 = VERTEX_POINT ( 'NONE', #2212 ) ;
#2499 = EDGE_LOOP ( 'NONE', ( #2128, #745, #23, #1300 ) ) ;
#2500 = AXIS2_PLACEMENT_3D ( 'NONE', #1441, #2279, #1704 ) ;
#2501 = CARTESIAN_POINT ( 'NONE',  ( 8.418286435136623780, 44.07985688617644371, -8.181233116731359445 ) ) ;
#2502 = VECTOR ( 'NONE', #1234, 1000.000000000000000 ) ;
#2503 = CARTESIAN_POINT ( 'NONE',  ( -9.448935353861710240, 43.94722362055550491, -11.45194314514278844 ) ) ;
#2504 = EDGE_CURVE ( 'NONE', #1934, #882, #2248, .T. ) ;
#2505 = CARTESIAN_POINT ( 'NONE',  ( 48.83512385105049702, 33.38976992574094282, -5.026348128998242792 ) ) ;
#2506 = LINE ( 'NONE', #1404, #673 ) ;
#2507 = ORIENTED_EDGE ( 'NONE', *, *, #1193, .T. ) ;
#2508 = VECTOR ( 'NONE', #653, 1000.000000000000000 ) ;
#2509 = CARTESIAN_POINT ( 'NONE',  ( 7.612825965643367887, 46.18373568222467895, -12.24667127737925476 ) ) ;
#2510 = CARTESIAN_POINT ( 'NONE',  ( -59.78131281026118415, 48.06631456527981072, -5.381786634145630188 ) ) ;
#2511 = PLANE ( 'NONE',  #2154 ) ;
#2512 = EDGE_CURVE ( 'NONE', #805, #3378, #509, .T. ) ;
#2513 = CARTESIAN_POINT ( 'NONE',  ( -53.65111504692404765, 29.72580289947114096, -4.534285736658443255 ) ) ;
#2514 = DIRECTION ( 'NONE',  ( -0.7958584843897060779, 0.6054826775597464961, 0.000000000000000000 ) ) ;
#2515 = DIRECTION ( 'NONE',  ( -0.6054826775597467181, 0.7958584843897061889, 1.338167822438455786E-18 ) ) ;
#2516 = ORIENTED_EDGE ( 'NONE', *, *, #888, .T. ) ;
#2517 = ORIENTED_EDGE ( 'NONE', *, *, #1062, .T. ) ;
#2518 = EDGE_CURVE ( 'NONE', #3682, #1011, #3084, .T. ) ;
#2519 = VECTOR ( 'NONE', #107, 1000.000000000000000 ) ;
#2520 = VERTEX_POINT ( 'NONE', #3656 ) ;
#2521 = CARTESIAN_POINT ( 'NONE',  ( 9.128550906027747658, 43.99021518365234584, -9.622202205198503222 ) ) ;
#2522 = CARTESIAN_POINT ( 'NONE',  ( -8.422545939361201661, 44.07934073238396877, -12.24712614948017553 ) ) ;
#2523 = CARTESIAN_POINT ( 'NONE',  ( -7.454491436167505647, 46.20025460574677112, -12.44215119058929986 ) ) ;
#2524 = CARTESIAN_POINT ( 'NONE',  ( 82.10975898950054841, 31.07901387862258247, -6.084701870150966307 ) ) ;
#2525 = VERTEX_POINT ( 'NONE', #3063 ) ;
#2526 = CARTESIAN_POINT ( 'NONE',  ( 7.715838938347832965, 46.17281769242612199, -12.20070944038905658 ) ) ;
#2527 = ADVANCED_FACE ( 'NONE', ( #3635 ), #62, .F. ) ;
#2528 = CARTESIAN_POINT ( 'NONE',  ( 48.83512385105049702, 33.38976992574094282, -5.026348128998242792 ) ) ;
#2529 = CARTESIAN_POINT ( 'NONE',  ( -7.869737706737326199, 44.14358735977428694, -7.475528062039908050 ) ) ;
#2530 = B_SPLINE_CURVE_WITH_KNOTS ( 'NONE', 3,
 ( #778, #1935, #147, #208, #1309, #3035, #1590, #1038, #1097, #2835, #718, #3095, #2469, #2815, #758, #3626, #224, #3683, #1019, #3345, #1918 ),
 .UNSPECIFIED., .F., .F.,
 ( 4, 1, 1, 1, 1, 1, 2, 2, 1, 1, 1, 1, 2, 2, 4 ),
 ( 0.000000000000000000, 0.1249999999999958367, 0.1874999999999935330, 0.2187499999999923950, 0.2343749999999918676, 0.2421874999999912292, 0.2460937499999908962, 0.2499999999999905353, 0.3750000000000011657, 0.4375000000000063838, 0.4687500000000090483, 0.4843750000000103251, 0.4921875000000106026, 0.5000000000000108802, 1.000000000000000000 ),
 .UNSPECIFIED. ) ;
#2531 = CARTESIAN_POINT ( 'NONE',  ( 54.65046706978984048, 22.99710622328159104, -8.144029192843197151 ) ) ;
#2532 = CARTESIAN_POINT ( 'NONE',  ( 75.31107813728131362, 7.278680957314695554, -3.326635025655183764 ) ) ;
#2533 = AXIS2_PLACEMENT_3D ( 'NONE', #969, #1810, #2131 ) ;
#2534 = ORIENTED_EDGE ( 'NONE', *, *, #2228, .F. ) ;
#2535 = ORIENTED_EDGE ( 'NONE', *, *, #3470, .T. ) ;
#2536 = ORIENTED_EDGE ( 'NONE', *, *, #1941, .T. ) ;
#2537 = CARTESIAN_POINT ( 'NONE',  ( 63.27859522501621825, 34.33808962583491109, -8.144029192843202480 ) ) ;
#2538 = DIRECTION ( 'NONE',  ( -0.6054826775597461630, -0.7958584843897062999, 3.758525927527592285E-16 ) ) ;
#2539 = EDGE_CURVE ( 'NONE', #1135, #1744, #637, .T. ) ;
#2540 = CARTESIAN_POINT ( 'NONE',  ( -81.49141807958382344, 13.60814402630885311, -4.997251737514277536 ) ) ;
#2541 = PLANE ( 'NONE',  #193 ) ;
#2542 = ORIENTED_EDGE ( 'NONE', *, *, #7, .T. ) ;
#2543 = FACE_OUTER_BOUND ( 'NONE', #583, .T. ) ;
#2544 = CARTESIAN_POINT ( 'NONE',  ( 66.75810567922091820, 13.78571300708049741, -20.00000000000000000 ) ) ;
#2545 = CARTESIAN_POINT ( 'NONE',  ( -88.93465154422005980, 25.88669099818330466, -5.297687969832717059 ) ) ;
#2546 = CARTESIAN_POINT ( 'NONE',  ( 59.32252504956162653, 21.23316174968195824, -6.542536774656114495 ) ) ;
#2547 = EDGE_CURVE ( 'NONE', #2520, #1580, #571, .T. ) ;
#2548 = DIRECTION ( 'NONE',  ( 0.7956919983549477493, -0.6053560163353206569, 0.02045329412443974010 ) ) ;
#2549 = LINE ( 'NONE', #1126, #2579 ) ;
#2550 = ORIENTED_EDGE ( 'NONE', *, *, #3303, .T. ) ;
#2551 = VERTEX_POINT ( 'NONE', #1358 ) ;
#2552 = CARTESIAN_POINT ( 'NONE',  ( -52.61016464751763522, 30.51774951737117547, -6.002193350244353631 ) ) ;
#2553 = ORIENTED_EDGE ( 'NONE', *, *, #2726, .F. ) ;
#2554 = EDGE_CURVE ( 'NONE', #2480, #3163, #3025, .T. ) ;
#2555 = CARTESIAN_POINT ( 'NONE',  ( -67.33199685134027845, 13.34910125971802408, -11.77910954018466327 ) ) ;
#2556 = VECTOR ( 'NONE', #3141, 1000.000000000000000 ) ;
#2557 = CARTESIAN_POINT ( 'NONE',  ( -76.07808536507900499, 24.60034137861115511, -8.309396687639168277 ) ) ;
#2558 = AXIS2_PLACEMENT_3D ( 'NONE', #2832, #829, #3423 ) ;
#2559 = CARTESIAN_POINT ( 'NONE',  ( 88.12446897262815071, 26.50307132506406305, -5.175304734529984074 ) ) ;
#2560 = ORIENTED_EDGE ( 'NONE', *, *, #1226, .T. ) ;
#2561 = CARTESIAN_POINT ( 'NONE',  ( 65.15175312070117286, 16.79833232981774671, -6.434416039940776599 ) ) ;
#2562 = CARTESIAN_POINT ( 'NONE',  ( 8.290024669122175283, 44.09530757004477408, -11.82386430334137195 ) ) ;
#2563 = DIRECTION ( 'NONE',  ( 0.003446841998290800686, 0.002622329425625511030, -0.9999906212903310054 ) ) ;
#2564 = CARTESIAN_POINT ( 'NONE',  ( -71.90430226469614183, 7.402590344299434300, -15.33989484640803980 ) ) ;
#2565 = CIRCLE ( 'NONE', #3475, 2.944999999999997620 ) ;
#2566 = EDGE_CURVE ( 'NONE', #3055, #2023, #1866, .T. ) ;
#2567 = CARTESIAN_POINT ( 'NONE',  ( 63.08480255030381301, 16.58033222344807456, -11.93200846251339442 ) ) ;
#2568 = CARTESIAN_POINT ( 'NONE',  ( -72.30163507538381396, 9.568240821062842016, -4.239495396663517823 ) ) ;
#2569 = CARTESIAN_POINT ( 'NONE',  ( -45.87312349365776498, 29.67483799919449083, -4.740890297659134056 ) ) ;
#2570 = VERTEX_POINT ( 'NONE', #1339 ) ;
#2571 = ORIENTED_EDGE ( 'NONE', *, *, #983, .F. ) ;
#2572 = CARTESIAN_POINT ( 'NONE',  ( -53.47287015804157306, 23.89301239906224339, -11.54719355638028944 ) ) ;
#2573 = EDGE_CURVE ( 'NONE', #1555, #3207, #2495, .T. ) ;
#2574 = ORIENTED_EDGE ( 'NONE', *, *, #1311, .T. ) ;
#2575 = CARTESIAN_POINT ( 'NONE',  ( -71.69853184302598947, 10.02707686683667454, -10.71944987205626454 ) ) ;
#2576 = PLANE ( 'NONE',  #2262 ) ;
#2577 = DIRECTION ( 'NONE',  ( -0.7956919983549474162, 0.6053560163353211010, -0.02045329412443962214 ) ) ;
#2578 = VERTEX_POINT ( 'NONE', #3615 ) ;
#2579 = VECTOR ( 'NONE', #231, 1000.000000000000000 ) ;
#2580 = VECTOR ( 'NONE', #926, 1000.000000000000114 ) ;
#2581 = DIRECTION ( 'NONE',  ( 3.234202562487237496E-17, 2.628696496404745679E-17, -1.000000000000000000 ) ) ;
#2582 = CARTESIAN_POINT ( 'NONE',  ( 7.500972576568182504, 44.18435467593803168, -12.29088762301647009 ) ) ;
#2583 = CARTESIAN_POINT ( 'NONE',  ( 57.02997577470633672, 8.621747379551026214, -16.25243526347868794 ) ) ;
#2584 = EDGE_CURVE ( 'NONE', #2001, #1272, #2172, .T. ) ;
#2585 = FACE_OUTER_BOUND ( 'NONE', #2843, .T. ) ;
#2586 = CARTESIAN_POINT ( 'NONE',  ( 67.16498302358733952, 19.44456179041353039, -6.434416039940777488 ) ) ;
#2587 = CARTESIAN_POINT ( 'NONE',  ( 54.65046706978983337, 22.99710622328160170, -8.144029192843198928 ) ) ;
#2588 = DIRECTION ( 'NONE',  ( -0.6054826775597466071, 0.7958584843897060779, 1.338167822438454631E-18 ) ) ;
#2589 = VERTEX_POINT ( 'NONE', #838 ) ;
#2590 = VECTOR ( 'NONE', #404, 999.9999999999998863 ) ;
#2591 = CARTESIAN_POINT ( 'NONE',  ( 47.27126694332024925, 28.61114180681908437, -9.677119476495590789 ) ) ;
#2592 = ORIENTED_EDGE ( 'NONE', *, *, #1311, .F. ) ;
#2593 = FACE_OUTER_BOUND ( 'NONE', #2425, .T. ) ;
#2594 = VECTOR ( 'NONE', #2260, 1000.000000000000114 ) ;
#2595 = DIRECTION ( 'NONE',  ( 0.5815903076701761654, -0.8134818461552230096, -2.574160154924742562E-18 ) ) ;
#2596 = CARTESIAN_POINT ( 'NONE',  ( -77.80863863083241938, 33.69051244554837155, -12.18323399998667078 ) ) ;
#2597 = ORIENTED_EDGE ( 'NONE', *, *, #2554, .F. ) ;
#2598 = DIRECTION ( 'NONE',  ( 0.01627792766265308971, -0.01238411529138302297, -0.9997908094993968042 ) ) ;
#2599 = DIRECTION ( 'NONE',  ( -0.6054826775597466071, 0.7958584843897060779, 1.338167822438454631E-18 ) ) ;
#2600 = CARTESIAN_POINT ( 'NONE',  ( -50.50447192783742167, 27.94186501757596375, -4.364026276786646896 ) ) ;
#2601 = CARTESIAN_POINT ( 'NONE',  ( -71.24412935314410333, 7.905105533336193702, -15.98771348351007582 ) ) ;
#2602 = CARTESIAN_POINT ( 'NONE',  ( 49.06418624350169466, 33.21550111610960698, -3.437201879481158961 ) ) ;
#2603 = DIRECTION ( 'NONE',  ( 3.234202562487237496E-17, 2.628696496404745679E-17, -1.000000000000000000 ) ) ;
#2604 = CARTESIAN_POINT ( 'NONE',  ( -45.84695919382681240, 29.69474358621634735, -12.33162235005302065 ) ) ;
#2605 = ORIENTED_EDGE ( 'NONE', *, *, #5, .F. ) ;
#2606 = CARTESIAN_POINT ( 'NONE',  ( -49.60625928637593773, 32.80309634331458568, -3.911185217743195164 ) ) ;
#2607 = EDGE_CURVE ( 'NONE', #2589, #1380, #2549, .T. ) ;
#2608 = EDGE_LOOP ( 'NONE', ( #2638, #750, #277, #3441 ) ) ;
#2609 = CARTESIAN_POINT ( 'NONE',  ( -51.03372525397348625, 36.56831134795994132, -5.381786634145609760 ) ) ;
#2610 = CARTESIAN_POINT ( 'NONE',  ( 81.57517145590664143, 3.469446951953614189E-15, 0.000000000000000000 ) ) ;
#2611 = CARTESIAN_POINT ( 'NONE',  ( -53.41890525161873882, 38.55936874739761322, -9.683583993570774595 ) ) ;
#2612 = VERTEX_POINT ( 'NONE', #3465 ) ;
#2613 = DIRECTION ( 'NONE',  ( 0.7956919983549468611, -0.6053560163353216561, 0.02045329412443977826 ) ) ;
#2614 = EDGE_CURVE ( 'NONE', #2826, #1985, #1446, .T. ) ;
#2615 = DIRECTION ( 'NONE',  ( 0.000000000000000000, 1.000000000000000000, 3.223484749258280736E-17 ) ) ;
#2616 = ADVANCED_FACE ( 'NONE', ( #1180 ), #608, .T. ) ;
#2617 = FACE_BOUND ( 'NONE', #698, .T. ) ;
#2618 = CARTESIAN_POINT ( 'NONE',  ( -80.94540902418192729, 0.4807735356701016705, -1.921981094663610001 ) ) ;
#2619 = VERTEX_POINT ( 'NONE', #2302 ) ;
#2620 = CARTESIAN_POINT ( 'NONE',  ( -82.14936542957879340, 14.88489931571175795, -9.281524435854226596 ) ) ;
#2621 = VECTOR ( 'NONE', #600, 1000.000000000000000 ) ;
#2622 = AXIS2_PLACEMENT_3D ( 'NONE', #3036, #2386, #1570 ) ;
#2623 = LINE ( 'NONE', #1445, #2072 ) ;
#2624 = CARTESIAN_POINT ( 'NONE',  ( -51.53320747784136557, 39.68003857505738097, -12.32503715471505501 ) ) ;
#2625 = ORIENTED_EDGE ( 'NONE', *, *, #2566, .T. ) ;
#2626 = FACE_OUTER_BOUND ( 'NONE', #3526, .T. ) ;
#2627 = ADVANCED_FACE ( 'NONE', ( #551 ), #3484, .F. ) ;
#2628 = VERTEX_POINT ( 'NONE', #2912 ) ;
#2629 = CARTESIAN_POINT ( 'NONE',  ( 60.91070365685392574, 18.23436902157954265, -12.06844701925689023 ) ) ;
#2630 = ADVANCED_FACE ( 'NONE', ( #821 ), #2860, .T. ) ;
#2631 = CARTESIAN_POINT ( 'NONE',  ( 74.86979110545567551, 5.101398965119714468, -12.08175991665873816 ) ) ;
#2632 = DIRECTION ( 'NONE',  ( -0.6054826775597464961, 0.7958584843897059669, 1.338167822438455594E-18 ) ) ;
#2633 = VERTEX_POINT ( 'NONE', #3191 ) ;
#2634 = DIRECTION ( 'NONE',  ( 0.8134818461552230096, 0.5815903076701761654, 5.167002309780138154E-17 ) ) ;
#2635 = CARTESIAN_POINT ( 'NONE',  ( -8.434179953514352235, 46.09212792414795246, -7.642096955024649141 ) ) ;
#2636 = FACE_OUTER_BOUND ( 'NONE', #1568, .T. ) ;
#2637 = CARTESIAN_POINT ( 'NONE',  ( 71.79351950365253288, 28.33747614351544541, -2.750044419960985476 ) ) ;
#2638 = ORIENTED_EDGE ( 'NONE', *, *, #1479, .T. ) ;
#2639 = AXIS2_PLACEMENT_3D ( 'NONE', #1043, #489, #3629 ) ;
#2640 = CARTESIAN_POINT ( 'NONE',  ( 47.85381621189967660, 32.60074741171859358, -4.971157963350259834 ) ) ;
#2641 = VECTOR ( 'NONE', #3080, 1000.000000000000000 ) ;
#2642 = B_SPLINE_CURVE_WITH_KNOTS ( 'NONE', 3,
 ( #1615, #1920, #3669, #1880, #1901, #411 ),
 .UNSPECIFIED., .F., .F.,
 ( 4, 1, 1, 4 ),
 ( 0.2387354062047281900, 0.2672510594491587788, 0.3765117702254026644, 0.4130478808873511709 ),
 .UNSPECIFIED. ) ;
#2643 = CARTESIAN_POINT ( 'NONE',  ( 0.000000000000000000, 46.56434013310622788, -8.673617379884035472E-16 ) ) ;
#2644 = DIRECTION ( 'NONE',  ( 0.5815903076701762764, -0.8134818461552230096, 0.000000000000000000 ) ) ;
#2645 = ORIENTED_EDGE ( 'NONE', *, *, #635, .T. ) ;
#2646 = CARTESIAN_POINT ( 'NONE',  ( -52.51770183072309095, 30.58809447817210980, -4.364026276786582947 ) ) ;
#2647 = ORIENTED_EDGE ( 'NONE', *, *, #539, .T. ) ;
#2648 = CARTESIAN_POINT ( 'NONE',  ( 80.78142218841385613, 30.04272290069992479, -11.28574551290895123 ) ) ;
#2649 = CARTESIAN_POINT ( 'NONE',  ( -58.65361247837347491, 21.74206500648107365, -6.795268410735873843 ) ) ;
#2650 = CARTESIAN_POINT ( 'NONE',  ( 51.19924463642638557, 36.65418379998955345, -5.009085012333943432 ) ) ;
#2651 = CARTESIAN_POINT ( 'NONE',  ( -46.25635420227374794, 30.38905167976027855, -9.494683097078381095 ) ) ;
#2652 = CARTESIAN_POINT ( 'NONE',  ( 56.99131569649716766, 8.651159653375943392, -9.557505289952594296 ) ) ;
#2653 = CARTESIAN_POINT ( 'NONE',  ( 77.38723425208782203, 24.08182334867814234, -2.606257762266174893 ) ) ;
#2654 = STYLED_ITEM ( 'NONE', ( #1325 ), #512 ) ;
#2655 = CARTESIAN_POINT ( 'NONE',  ( -53.47867767957512086, 23.88859408380005434, -9.862327531508137568 ) ) ;
#2656 = ORIENTED_EDGE ( 'NONE', *, *, #1505, .T. ) ;
#2657 = FACE_OUTER_BOUND ( 'NONE', #481, .T. ) ;
#2658 = EDGE_CURVE ( 'NONE', #1985, #1399, #1974, .T. ) ;
#2659 = PLANE ( 'NONE',  #1606 ) ;
#2660 = CARTESIAN_POINT ( 'NONE',  ( -74.98841916480000691, 7.565690319783972662, -13.30999156601340516 ) ) ;
#2661 = ORIENTED_EDGE ( 'NONE', *, *, #2114, .F. ) ;
#2662 = CARTESIAN_POINT ( 'NONE',  ( -5.551115123125782702E-14, 46.56434013310629894, -7.442151190589300747 ) ) ;
#2663 = VECTOR ( 'NONE', #1175, 1000.000000000000000 ) ;
#2664 = EDGE_LOOP ( 'NONE', ( #1791, #348, #3466, #663, #90, #1322 ) ) ;
#2665 = CARTESIAN_POINT ( 'NONE',  ( 83.51130198995022624, 22.87182493743088685, -9.964812122021827534 ) ) ;
#2666 = CARTESIAN_POINT ( 'NONE',  ( 76.16625202361352365, 6.628071603224993780, -8.949120160127410628 ) ) ;
#2667 = ADVANCED_FACE ( 'NONE', ( #267 ), #2013, .F. ) ;
#2668 = CARTESIAN_POINT ( 'NONE',  ( -40.57377884424766279, 33.66824604017816824, -20.00000000000000355 ) ) ;
#2669 = CARTESIAN_POINT ( 'NONE',  ( 6.643688332631084492, 44.27051147497957118, -12.44215119058929986 ) ) ;
#2670 = CARTESIAN_POINT ( 'NONE',  ( 63.08480255030381301, 16.58033222344808166, -16.25243526347868794 ) ) ;
#2671 = CARTESIAN_POINT ( 'NONE',  ( -9.709094682525105213, 43.91114056767850116, -8.860795298253083985 ) ) ;
#2672 = ORIENTED_EDGE ( 'NONE', *, *, #2427, .F. ) ;
#2673 = DIRECTION ( 'NONE',  ( -0.7958584843897059669, -0.6054826775597466071, -4.165597742725466033E-17 ) ) ;
#2674 = ADVANCED_FACE ( 'NONE', ( #3172 ), #3745, .F. ) ;
#2675 = PLANE ( 'NONE',  #2622 ) ;
#2676 = DIRECTION ( 'NONE',  ( 0.7958510202638112707, 0.6054769989133264030, 0.004330973558233298243 ) ) ;
#2677 = VECTOR ( 'NONE', #2915, 1000.000000000000000 ) ;
#2678 = CIRCLE ( 'NONE', #1040, 67.14622413438100068 ) ;
#2679 = VECTOR ( 'NONE', #1473, 1000.000000000000227 ) ;
#2680 = ORIENTED_EDGE ( 'NONE', *, *, #2898, .T. ) ;
#2681 = CARTESIAN_POINT ( 'NONE',  ( -47.17354367052568875, 28.68548887986392160, -9.933156919729301038 ) ) ;
#2682 = CARTESIAN_POINT ( 'NONE',  ( 62.80095109490734018, 41.18245432023331176, -10.78861704015255718 ) ) ;
#2683 = CARTESIAN_POINT ( 'NONE',  ( 69.56565657190246554, 11.64975106757774981, -10.90490957294284513 ) ) ;
#2684 = EDGE_CURVE ( 'NONE', #2914, #2732, #1711, .T. ) ;
#2685 = EDGE_CURVE ( 'NONE', #3219, #2498, #2035, .T. ) ;
#2686 = CARTESIAN_POINT ( 'NONE',  ( 79.06532752785405194, 10.39087624749663874, -4.788601600785080237 ) ) ;
#2687 = CARTESIAN_POINT ( 'NONE',  ( -9.247626524661644254, 45.99158637308305231, -8.200060430760624186 ) ) ;
#2688 = CARTESIAN_POINT ( 'NONE',  ( 69.91724485188839822, 11.38226555684935803, -10.81383863907879039 ) ) ;
#2689 = CARTESIAN_POINT ( 'NONE',  ( -9.015279133733931971, 44.00510084425553714, -7.987888889499061840 ) ) ;
#2690 = ORIENTED_EDGE ( 'NONE', *, *, #1821, .F. ) ;
#2691 = DIRECTION ( 'NONE',  ( -0.7958584843897060779, 0.6054826775597464961, 0.000000000000000000 ) ) ;
#2692 = EDGE_CURVE ( 'NONE', #1744, #3360, #587, .T. ) ;
#2693 = CARTESIAN_POINT ( 'NONE',  ( -75.83111812432973409, 6.580069283875390695, -9.281524435854208832 ) ) ;
#2694 = VECTOR ( 'NONE', #1676, 1000.000000000000000 ) ;
#2695 = CARTESIAN_POINT ( 'NONE',  ( 46.13689407885004101, 29.47416347813698678, -9.288779410278245052 ) ) ;
#2696 = EDGE_CURVE ( 'NONE', #1415, #1046, #3608, .T. ) ;
#2697 = EDGE_CURVE ( 'NONE', #2493, #97, #149, .T. ) ;
#2698 = ORIENTED_EDGE ( 'NONE', *, *, #2818, .F. ) ;
#2699 = EDGE_CURVE ( 'NONE', #3660, #255, #2930, .T. ) ;
#2700 = DIRECTION ( 'NONE',  ( -0.1544421007364805143, -0.1174982971420931166, -0.9809902077435896928 ) ) ;
#2701 = CARTESIAN_POINT ( 'NONE',  ( -73.18172319928179093, 14.86707468282352096, -6.175511055465122467 ) ) ;
#2702 = DIRECTION ( 'NONE',  ( 0.6054826775597450528, -0.7958584843897071881, 1.441115708636438561E-15 ) ) ;
#2703 = LINE ( 'NONE', #934, #1141 ) ;
#2704 = B_SPLINE_SURFACE_WITH_KNOTS ( 'NONE', 4, 1, ( 
 ( #1719, #2936 ),
 ( #178, #3024 ),
 ( #1338, #456 ),
 ( #1293, #331 ),
 ( #2191, #1025 ),
 ( #3593, #3354 ),
 ( #112, #435 ) ),
 .UNSPECIFIED., .F., .F., .F.,
 ( 5, 1, 1, 5 ),
 ( 2, 2 ),
 ( 0.000000000000000000, 0.3333333333333329818, 0.6666666666666670737, 1.000000000000000000 ),
 ( 0.000000000000000000, 1.000000000000000000 ),
 .UNSPECIFIED. ) ;
#2705 = ORIENTED_EDGE ( 'NONE', *, *, #3000, .T. ) ;
#2706 = CARTESIAN_POINT ( 'NONE',  ( -7.869418090356552042, 46.15589195726243332, -12.40882847656388677 ) ) ;
#2707 = CARTESIAN_POINT ( 'NONE',  ( -7.454491436167498541, 46.20025460574676401, -7.442151190589300747 ) ) ;
#2708 = DIRECTION ( 'NONE',  ( 0.6054826775597461630, 0.7958584843897062999, -3.758525927527592285E-16 ) ) ;
#2709 = CARTESIAN_POINT ( 'NONE',  ( -9.207826797332881341, 43.97966483484452027, -8.160065139169399018 ) ) ;
#2710 = CYLINDRICAL_SURFACE ( 'NONE', #3042, 67.14622413438100068 ) ;
#2711 = ORIENTED_EDGE ( 'NONE', *, *, #2050, .T. ) ;
#2712 = DIRECTION ( 'NONE',  ( -0.6054826775597464961, 0.7958584843897059669, 1.338167822438455594E-18 ) ) ;
#2713 = AXIS2_PLACEMENT_3D ( 'NONE', #2652, #50, #362 ) ;
#2714 = CARTESIAN_POINT ( 'NONE',  ( 80.18071639587442689, 30.87005004100674910, -6.178884186919356480 ) ) ;
#2715 = LINE ( 'NONE', #3649, #1181 ) ;
#2716 = AXIS2_PLACEMENT_3D ( 'NONE', #2537, #520, #2900 ) ;
#2717 = ORIENTED_EDGE ( 'NONE', *, *, #593, .F. ) ;
#2718 = FACE_BOUND ( 'NONE', #2805, .T. ) ;
#2719 = ORIENTED_EDGE ( 'NONE', *, *, #2504, .F. ) ;
#2720 = DIRECTION ( 'NONE',  ( -0.000000000000000000, -0.000000000000000000, -1.000000000000000000 ) ) ;
#2721 = CARTESIAN_POINT ( 'NONE',  ( -50.50447192783742167, 27.94186501757596375, -4.364026276786646896 ) ) ;
#2722 = CARTESIAN_POINT ( 'NONE',  ( 70.70830783345127202, 38.87628999329366053, -11.88440457596191280 ) ) ;
#2723 = CARTESIAN_POINT ( 'NONE',  ( 8.980292823271444291, 46.02573210306760387, -10.83156257828452951 ) ) ;
#2724 = ORIENTED_EDGE ( 'NONE', *, *, #1153, .F. ) ;
#2725 = VECTOR ( 'NONE', #1765, 999.9999999999998863 ) ;
#2726 = EDGE_CURVE ( 'NONE', #432, #2570, #626, .T. ) ;
#2727 = CARTESIAN_POINT ( 'NONE',  ( -62.34864606111010232, 35.52305922565043517, -6.451466693080824655 ) ) ;
#2728 = CARTESIAN_POINT ( 'NONE',  ( -9.778951221998648080, 43.90124743654351391, -10.86247580053870365 ) ) ;
#2729 = CARTESIAN_POINT ( 'NONE',  ( -9.215389254112116291, 45.99576945812093243, -11.71676936279538239 ) ) ;
#2730 = SURFACE_STYLE_USAGE ( .BOTH. , #3604 ) ;
#2731 = PLANE ( 'NONE',  #10 ) ;
#2732 = VERTEX_POINT ( 'NONE', #2979 ) ;
#2733 = CARTESIAN_POINT ( 'NONE',  ( 45.99089959683721673, 29.28226542474877903, -9.288779410278245052 ) ) ;
#2734 = ADVANCED_FACE ( 'NONE', ( #1485 ), #1520, .F. ) ;
#2735 = CARTESIAN_POINT ( 'NONE',  ( 78.44502909051387007, 8.928402835093168122, -8.835883221333372006 ) ) ;
#2736 = FACE_OUTER_BOUND ( 'NONE', #1107, .T. ) ;
#2737 = ORIENTED_EDGE ( 'NONE', *, *, #3083, .T. ) ;
#2738 = CARTESIAN_POINT ( 'NONE',  ( -52.21942194437580298, 24.84662562990541801, -11.28814371935557936 ) ) ;
#2739 = AXIS2_PLACEMENT_3D ( 'NONE', #485, #3716, #2000 ) ;
#2740 = ORIENTED_EDGE ( 'NONE', *, *, #2346, .T. ) ;
#2741 = CARTESIAN_POINT ( 'NONE',  ( 55.53855150166863552, 39.91671945986399805, -5.266405695472635706 ) ) ;
#2742 = CARTESIAN_POINT ( 'NONE',  ( -69.79373846452955377, 11.47622821425808226, -8.322151404768144189 ) ) ;
#2743 = CARTESIAN_POINT ( 'NONE',  ( -62.34864606111010232, 35.52305922565043517, -6.451466693080824655 ) ) ;
#2744 = CARTESIAN_POINT ( 'NONE',  ( 8.817830243220937447, 46.04601658022777855, -8.705530945353871175 ) ) ;
#2745 = ORIENTED_EDGE ( 'NONE', *, *, #3384, .T. ) ;
#2746 = EDGE_CURVE ( 'NONE', #1299, #1678, #323, .T. ) ;
#2747 =( GEOMETRIC_REPRESENTATION_CONTEXT ( 3 ) GLOBAL_UNCERTAINTY_ASSIGNED_CONTEXT ( ( #990 ) ) GLOBAL_UNIT_ASSIGNED_CONTEXT ( ( #2399, #2161, #2443 ) ) REPRESENTATION_CONTEXT ( 'NONE', 'WORKASPACE' ) );
#2748 = CARTESIAN_POINT ( 'NONE',  ( 49.06418624350169466, 33.21550111610960698, -3.437201879481158961 ) ) ;
#2749 = CARTESIAN_POINT ( 'NONE',  ( -8.629945882041740290, 44.05400693106864196, -12.14904538261557754 ) ) ;
#2750 = DIRECTION ( 'NONE',  ( -0.6054826775597450528, 0.7958584843897071881, -1.441115708636438561E-15 ) ) ;
#2751 = LINE ( 'NONE', #3404, #1528 ) ;
#2752 = CARTESIAN_POINT ( 'NONE',  ( -51.93586305469473530, 31.03075269810410930, -5.907403222000103149 ) ) ;
#2753 = VERTEX_POINT ( 'NONE', #2695 ) ;
#2754 = PLANE ( 'NONE',  #1258 ) ;
#2755 = CARTESIAN_POINT ( 'NONE',  ( 83.49370090860176674, 22.34891111837396238, -5.330492442421210342 ) ) ;
#2756 = AXIS2_PLACEMENT_3D ( 'NONE', #3736, #564, #2277 ) ;
#2757 = CYLINDRICAL_SURFACE ( 'NONE', #818, 2.944999999999992735 ) ;
#2758 = VERTEX_POINT ( 'NONE', #2358 ) ;
#2759 = FACE_OUTER_BOUND ( 'NONE', #3573, .T. ) ;
#2760 = ORIENTED_EDGE ( 'NONE', *, *, #24, .T. ) ;
#2761 = CARTESIAN_POINT ( 'NONE',  ( 52.30914690208628315, 37.58709545658513917, -9.288779410278248605 ) ) ;
#2762 = CARTESIAN_POINT ( 'NONE',  ( 76.81647498376023009, 12.10178501650868377, -3.583719096550539884 ) ) ;
#2763 = CARTESIAN_POINT ( 'NONE',  ( 71.75502822077019971, 11.77461421073613579, -5.708440782776741607 ) ) ;
#2764 = AXIS2_PLACEMENT_3D ( 'NONE', #1271, #1235, #2644 ) ;
#2765 = CIRCLE ( 'NONE', #150, 69.14622413438097226 ) ;
#2766 = CARTESIAN_POINT ( 'NONE',  ( 8.960942346808721481, 46.02815208527340474, -10.88047128928063145 ) ) ;
#2767 = ORIENTED_EDGE ( 'NONE', *, *, #871, .F. ) ;
#2768 = ORIENTED_EDGE ( 'NONE', *, *, #3, .T. ) ;
#2769 = CARTESIAN_POINT ( 'NONE',  ( 8.968713333622680750, 44.01102166260360349, -9.023255356433104168 ) ) ;
#2770 = CARTESIAN_POINT ( 'NONE',  ( -9.891657507441561137, 43.88523924888038152, -10.50513754518436116 ) ) ;
#2771 = DIRECTION ( 'NONE',  ( -0.7958510202638119369, -0.6054769989133256258, -0.004330973558233052779 ) ) ;
#2772 = CARTESIAN_POINT ( 'NONE',  ( -52.30230479634081320, 22.27055944308359159, 0.1735682045667257256 ) ) ;
#2773 = DIRECTION ( 'NONE',  ( 0.6054826775597471622, 0.7958584843897056338, 4.050324036854581322E-17 ) ) ;
#2774 = ORIENTED_EDGE ( 'NONE', *, *, #1120, .T. ) ;
#2775 = CARTESIAN_POINT ( 'NONE',  ( -57.86254499691020925, 18.04037381265992224, -9.892774275622517877 ) ) ;
#2776 = CARTESIAN_POINT ( 'NONE',  ( -53.84405567077305932, 23.43781798468819133, -6.523787832127458941 ) ) ;
#2777 = FACE_OUTER_BOUND ( 'NONE', #2017, .T. ) ;
#2778 = ORIENTED_EDGE ( 'NONE', *, *, #795, .F. ) ;
#2779 = CARTESIAN_POINT ( 'NONE',  ( -75.17767779379259707, 13.34856862191395166, -4.239495396663524929 ) ) ;
#2780 = AXIS2_PLACEMENT_3D ( 'NONE', #1981, #2238, #2830 ) ;
#2781 = ORIENTED_EDGE ( 'NONE', *, *, #1075, .T. ) ;
#2782 = CARTESIAN_POINT ( 'NONE',  ( -61.86841272172277684, 19.29627106529376590, -6.857409866691650535 ) ) ;
#2783 = CARTESIAN_POINT ( 'NONE',  ( 73.94043226535143276, 8.321457215657565243, -3.583719096550538552 ) ) ;
#2784 = CARTESIAN_POINT ( 'NONE',  ( 8.516839157690116124, 46.08238333225870775, -11.59885032672853811 ) ) ;
#2785 = ORIENTED_EDGE ( 'NONE', *, *, #1440, .F. ) ;
#2786 = EDGE_CURVE ( 'NONE', #1131, #3175, #2031, .T. ) ;
#2787 = ORIENTED_EDGE ( 'NONE', *, *, #983, .T. ) ;
#2788 = ORIENTED_EDGE ( 'NONE', *, *, #3348, .F. ) ;
#2789 = CARTESIAN_POINT ( 'NONE',  ( 45.73744788774720860, 29.47508942859111158, -5.009085012333940767 ) ) ;
#2790 = CARTESIAN_POINT ( 'NONE',  ( -9.835669571823812518, 43.89321876856096338, -10.70485710969564330 ) ) ;
#2791 = EDGE_CURVE ( 'NONE', #2965, #3163, #1502, .T. ) ;
#2792 = CARTESIAN_POINT ( 'NONE',  ( -45.80130514285108490, 29.42650734702815285, -9.550264201806511366 ) ) ;
#2793 = LINE ( 'NONE', #3073, #2255 ) ;
#2794 = VERTEX_POINT ( 'NONE', #73 ) ;
#2795 = CARTESIAN_POINT ( 'NONE',  ( -76.07808536507900499, 24.60034137861115511, -8.309396687639168277 ) ) ;
#2796 = CARTESIAN_POINT ( 'NONE',  ( 0.000000000000000000, 46.56434013310622788, -20.00000000000000000 ) ) ;
#2797 = DIRECTION ( 'NONE',  ( -0.6054826775597450528, 0.7958584843897071881, -1.441115708636438561E-15 ) ) ;
#2798 = EDGE_CURVE ( 'NONE', #1131, #3591, #928, .T. ) ;
#2799 = CARTESIAN_POINT ( 'NONE',  ( -63.44174976277462719, 41.07009286679775784, -6.234350255239707650 ) ) ;
#2800 = ORIENTED_EDGE ( 'NONE', *, *, #1327, .T. ) ;
#2801 = CARTESIAN_POINT ( 'NONE',  ( 78.86659804555348785, 10.54206802519778030, -3.193022508662061387 ) ) ;
#2802 = CARTESIAN_POINT ( 'NONE',  ( 9.005834416573307522, 46.02253236654980384, -10.76272366504318079 ) ) ;
#2803 = ORIENTED_EDGE ( 'NONE', *, *, #126, .F. ) ;
#2804 = ORIENTED_EDGE ( 'NONE', *, *, #3568, .F. ) ;
#2805 = EDGE_LOOP ( 'NONE', ( #152, #1396 ) ) ;
#2806 = CIRCLE ( 'NONE', #1123, 67.14622413438098647 ) ;
#2807 = ADVANCED_FACE ( 'NONE', ( #40 ), #3523, .T. ) ;
#2808 = CARTESIAN_POINT ( 'NONE',  ( 7.715755395902356817, 44.16106761202903641, -7.683553272471064233 ) ) ;
#2809 = AXIS2_PLACEMENT_3D ( 'NONE', #470, #2816, #3097 ) ;
#2810 = CARTESIAN_POINT ( 'NONE',  ( -9.326240905354628907, 43.96382761257005001, -11.60042748202238450 ) ) ;
#2811 = APPLICATION_CONTEXT ( 'automotive_design' ) ;
#2812 = CARTESIAN_POINT ( 'NONE',  ( 65.21214694993797423, 32.86705916178997455, -6.479555672205558281 ) ) ;
#2813 = DIRECTION ( 'NONE',  ( -0.6054826775597463850, -0.7958584843897061889, 3.677613769070831040E-16 ) ) ;
#2814 = ORIENTED_EDGE ( 'NONE', *, *, #2512, .F. ) ;
#2815 = CARTESIAN_POINT ( 'NONE',  ( 76.95850991024578036, 6.025328231224858833, -10.96737681032598921 ) ) ;
#2816 = DIRECTION ( 'NONE',  ( -8.102374361543320938E-19, 1.064992215024942000E-18, -1.000000000000000000 ) ) ;
#2817 = DIRECTION ( 'NONE',  ( -0.5815903076701762764, 0.8134818461552230096, 2.574160154924745643E-18 ) ) ;
#2818 = EDGE_CURVE ( 'NONE', #2294, #1678, #3507, .T. ) ;
#2819 = VECTOR ( 'NONE', #2329, 1000.000000000000114 ) ;
#2820 = CARTESIAN_POINT ( 'NONE',  ( -61.81313881036286517, 41.18136988022144607, -6.098858331882524908 ) ) ;
#2821 = EDGE_CURVE ( 'NONE', #710, #419, #3121, .T. ) ;
#2822 = DIRECTION ( 'NONE',  ( 0.1230523110220249072, -0.09361719981494541487, -0.9879746700452129993 ) ) ;
#2823 = EDGE_CURVE ( 'NONE', #3416, #2525, #2715, .T. ) ;
#2824 = CARTESIAN_POINT ( 'NONE',  ( 8.418410183146109560, 46.09398042758287772, -11.70294454487116020 ) ) ;
#2825 = ORIENTED_EDGE ( 'NONE', *, *, #116, .F. ) ;
#2826 = VERTEX_POINT ( 'NONE', #1021 ) ;
#2827 = AXIS2_PLACEMENT_3D ( 'NONE', #874, #513, #802 ) ;
#2828 = EDGE_LOOP ( 'NONE', ( #2804, #241, #2517, #1089 ) ) ;
#2829 = CARTESIAN_POINT ( 'NONE',  ( 77.12280942295647890, 3.164015059740388214, -9.450464504283011991 ) ) ;
#2830 = DIRECTION ( 'NONE',  ( -0.7958584843897053007, -0.6054826775597477173, 0.000000000000000000 ) ) ;
#2831 = CARTESIAN_POINT ( 'NONE',  ( -0.3590050757020513128, -22.58095202332092555, -20.00000000000000355 ) ) ;
#2832 = CARTESIAN_POINT ( 'NONE',  ( 63.27859522501621825, 34.33808962583491109, -8.144029192843202480 ) ) ;
#2833 = ORIENTED_EDGE ( 'NONE', *, *, #270, .T. ) ;
#2834 = ADVANCED_FACE ( 'NONE', ( #2777 ), #3306, .F. ) ;
#2835 = CARTESIAN_POINT ( 'NONE',  ( 80.12042996916856907, 3.619765105294793450, -6.370635089398814621 ) ) ;
#2836 = LINE ( 'NONE', #1671, #590 ) ;
#2837 = CARTESIAN_POINT ( 'NONE',  ( 54.64377643505800108, 28.97059416954328270, -6.068274089450153674 ) ) ;
#2838 = CARTESIAN_POINT ( 'NONE',  ( 60.00865316850121189, 20.71116104383644085, -6.555548380467412173 ) ) ;
#2839 = CARTESIAN_POINT ( 'NONE',  ( 81.57517145590664143, 3.469446951953614189E-15, 0.000000000000000000 ) ) ;
#2840 = ADVANCED_FACE ( 'NONE', ( #3392 ), #2757, .F. ) ;
#2841 = CARTESIAN_POINT ( 'NONE',  ( -51.55937177767231816, 39.66013298803551379, -4.734305102321169301 ) ) ;
#2842 = ORIENTED_EDGE ( 'NONE', *, *, #369, .T. ) ;
#2843 = EDGE_LOOP ( 'NONE', ( #1975, #1662, #961, #2345 ) ) ;
#2844 = AXIS2_PLACEMENT_3D ( 'NONE', #568, #3762, #1232 ) ;
#2845 = CARTESIAN_POINT ( 'NONE',  ( -81.49141807958382344, 13.60814402630885311, -4.997251737514277536 ) ) ;
#2846 = EDGE_LOOP ( 'NONE', ( #2507, #2781, #1890, #3630 ) ) ;
#2847 = CARTESIAN_POINT ( 'NONE',  ( -50.04928596008634401, 35.61898123613453748, -5.352494018234910556 ) ) ;
#2848 = FILL_AREA_STYLE_COLOUR ( '', #1202 ) ;
#2849 = DIRECTION ( 'NONE',  ( -0.01627792766701829236, 0.01238411529470344850, 0.9997908094992845607 ) ) ;
#2850 = CARTESIAN_POINT ( 'NONE',  ( -82.14936542957879340, 14.88489931571175795, -9.281524435854226596 ) ) ;
#2851 = VERTEX_POINT ( 'NONE', #781 ) ;
#2852 = CARTESIAN_POINT ( 'NONE',  ( 67.64781082154873104, 22.65826897863476219, -9.557505289952597849 ) ) ;
#2853 = CARTESIAN_POINT ( 'NONE',  ( 57.02997577470633672, 8.621747379551026214, -16.25243526347868794 ) ) ;
#2854 = AXIS2_PLACEMENT_3D ( 'NONE', #1459, #1196, #3152 ) ;
#2855 = DIRECTION ( 'NONE',  ( 0.6054826775597450528, -0.7958584843897071881, 1.441115708636438561E-15 ) ) ;
#2856 = CARTESIAN_POINT ( 'NONE',  ( 76.25652659639567332, 6.559391440713938870, -8.918594189161170860 ) ) ;
#2857 = DIRECTION ( 'NONE',  ( -0.6054826775597464961, 0.7958584843897059669, 1.338167822438455594E-18 ) ) ;
#2858 = EDGE_CURVE ( 'NONE', #2758, #2982, #2165, .T. ) ;
#2859 = DIRECTION ( 'NONE',  ( 0.7956919983549477493, -0.6053560163353206569, 0.02045329412443974010 ) ) ;
#2860 = CYLINDRICAL_SURFACE ( 'NONE', #3435, 69.14622413438098647 ) ;
#2861 = ORIENTED_EDGE ( 'NONE', *, *, #1062, .F. ) ;
#2862 = ORIENTED_EDGE ( 'NONE', *, *, #1936, .T. ) ;
#2863 = CARTESIAN_POINT ( 'NONE',  ( 46.51106317902345211, 29.18949866262414972, -9.419075085623378030 ) ) ;
#2864 = ORIENTED_EDGE ( 'NONE', *, *, #1544, .F. ) ;
#2865 = ADVANCED_FACE ( 'NONE', ( #701 ), #471, .T. ) ;
#2866 = CARTESIAN_POINT ( 'NONE',  ( -85.65196118165646055, 28.36774215265000620, -10.71944987205629829 ) ) ;
#2867 = VECTOR ( 'NONE', #1773, 1000.000000000000000 ) ;
#2868 = CARTESIAN_POINT ( 'NONE',  ( 78.92265164103733355, 2.018015553379102656, -6.432040800483259879 ) ) ;
#2869 = AXIS2_PLACEMENT_3D ( 'NONE', #35, #2004, #3585 ) ;
#2870 = CARTESIAN_POINT ( 'NONE',  ( 73.21997971297564334, 37.84228582312289291, -6.633620182174997382 ) ) ;
#2871 = ORIENTED_EDGE ( 'NONE', *, *, #2437, .T. ) ;
#2872 = CARTESIAN_POINT ( 'NONE',  ( 71.75502822077019971, 11.77461421073613579, -5.708440782776741607 ) ) ;
#2873 = CARTESIAN_POINT ( 'NONE',  ( 59.32350298639481423, 21.23241774327396669, -6.602601684555059691 ) ) ;
#2874 = CARTESIAN_POINT ( 'NONE',  ( -67.44995720985262722, 13.25935797605782795, -8.309396687639146961 ) ) ;
#2875 = CARTESIAN_POINT ( 'NONE',  ( -75.65869050621266467, 4.535240906518232862, -11.16839553845010791 ) ) ;
#2876 = CARTESIAN_POINT ( 'NONE',  ( -78.72682712196730392, 10.64840460980257042, -3.431745765502315582 ) ) ;
#2877 = LINE ( 'NONE', #2301, #2580 ) ;
#2878 = CARTESIAN_POINT ( 'NONE',  ( -66.23899185473308648, 11.66764100727836961, -8.309396687639146961 ) ) ;
#2879 = ORIENTED_EDGE ( 'NONE', *, *, #390, .T. ) ;
#2880 = CARTESIAN_POINT ( 'NONE',  ( 57.65871524097860146, 20.70845542269065831, -11.97043023499169934 ) ) ;
#2881 = ORIENTED_EDGE ( 'NONE', *, *, #800, .T. ) ;
#2882 = CARTESIAN_POINT ( 'NONE',  ( -59.90072896349438025, 47.95907068622969405, -9.550264201806545117 ) ) ;
#2883 = CARTESIAN_POINT ( 'NONE',  ( 80.79554168278048110, 0.5931360057052391666, -2.509540646572160583 ) ) ;
#2884 = CARTESIAN_POINT ( 'NONE',  ( -58.12846345502667589, 40.72104577018046001, -10.26824914132803812 ) ) ;
#2885 = ORIENTED_EDGE ( 'NONE', *, *, #86, .T. ) ;
#2886 = CARTESIAN_POINT ( 'NONE',  ( 73.19720714586603094, 10.67741618594298991, -5.478226488053540955 ) ) ;
#2887 = LINE ( 'NONE', #833, #1444 ) ;
#2888 = CARTESIAN_POINT ( 'NONE',  ( -76.10020839624824873, 6.678317059066744221, -5.016044951008129082 ) ) ;
#2889 = DIRECTION ( 'NONE',  ( 0.6054826775597457189, 0.7958584843897067440, -3.885780586188047891E-16 ) ) ;
#2890 = DIRECTION ( 'NONE',  ( 0.8134818461552230096, 0.5815903076701761654, 4.159789475487620677E-17 ) ) ;
#2891 = CARTESIAN_POINT ( 'NONE',  ( -75.07166744818593429, 7.460822667070848624, -18.76844763704768582 ) ) ;
#2892 = DIRECTION ( 'NONE',  ( -0.5815903076701760543, 0.8134818461552228985, 2.574160154924740636E-18 ) ) ;
#2893 = EDGE_LOOP ( 'NONE', ( #1909, #2862, #259, #3485, #515, #3666, #1809, #1715 ) ) ;
#2894 = AXIS2_PLACEMENT_3D ( 'NONE', #2686, #332, #1828 ) ;
#2895 = CARTESIAN_POINT ( 'NONE',  ( 57.02997577470633672, 8.621747379551026214, -11.93200846251339442 ) ) ;
#2896 = ORIENTED_EDGE ( 'NONE', *, *, #95, .F. ) ;
#2897 = EDGE_CURVE ( 'NONE', #3327, #2388, #1858, .T. ) ;
#2898 = EDGE_CURVE ( 'NONE', #2916, #2266, #1571, .T. ) ;
#2899 = AXIS2_PLACEMENT_3D ( 'NONE', #65, #1228, #973 ) ;
#2900 = DIRECTION ( 'NONE',  ( 0.7956919983549474162, -0.6053560163353211010, 0.02045329412443962214 ) ) ;
#2901 = VECTOR ( 'NONE', #117, 1000.000000000000000 ) ;
#2902 = CARTESIAN_POINT ( 'NONE',  ( 67.07639742281955364, 11.03054964554279849, -19.27475971612058459 ) ) ;
#2903 = CARTESIAN_POINT ( 'NONE',  ( -62.74802745544312899, 41.13638260753164388, -11.00257206303517599 ) ) ;
#2904 = ORIENTED_EDGE ( 'NONE', *, *, #2547, .F. ) ;
#2905 = LINE ( 'NONE', #1423, #504 ) ;
#2906 = CARTESIAN_POINT ( 'NONE',  ( 8.352011427766409923, 44.08786356772714043, -11.76750163539494132 ) ) ;
#2907 = DIRECTION ( 'NONE',  ( -0.6054826775597464961, 0.7958584843897059669, 1.338167822438455594E-18 ) ) ;
#2908 = CARTESIAN_POINT ( 'NONE',  ( -76.54638952596175727, 3.854792566999756254, -10.03180459231600530 ) ) ;
#2909 = ORIENTED_EDGE ( 'NONE', *, *, #1044, .T. ) ;
#2910 = CARTESIAN_POINT ( 'NONE',  ( -78.72682712196730392, 10.64840460980257042, -3.431745765502315582 ) ) ;
#2911 = DIRECTION ( 'NONE',  ( 0.8134818461552230096, 0.5815903076701761654, 4.159789475487621293E-17 ) ) ;
#2912 = CARTESIAN_POINT ( 'NONE',  ( 63.08480255030381301, 16.58033222344807456, -11.93200846251339442 ) ) ;
#2913 = EDGE_CURVE ( 'NONE', #1246, #1506, #2429, .T. ) ;
#2914 = VERTEX_POINT ( 'NONE', #191 ) ;
#2915 = DIRECTION ( 'NONE',  ( 2.452401042819313349E-17, 3.223484749258277654E-17, -1.000000000000000000 ) ) ;
#2916 = VERTEX_POINT ( 'NONE', #173 ) ;
#2917 = CARTESIAN_POINT ( 'NONE',  ( 66.76716789873970015, 13.79838851244430309, -19.99999999999997158 ) ) ;
#2918 = B_SPLINE_SURFACE_WITH_KNOTS ( 'NONE', 3, 1, ( 
 ( #1853, #716 ),
 ( #1876, #1587 ),
 ( #541, #2240 ),
 ( #1058, #3734 ),
 ( #2222, #2870 ),
 ( #1095, #523 ),
 ( #1649, #2524 ),
 ( #187, #3697 ),
 ( #3092, #2559 ),
 ( #240, #222 ),
 ( #1368, #1720 ) ),
 .UNSPECIFIED., .F., .F., .F.,
 ( 4, 1, 1, 1, 1, 1, 1, 1, 4 ),
 ( 2, 2 ),
 ( 0.04632235379022520139, 0.1616219462792685413, 0.2769215387683118812, 0.5075207237463985610, 0.6228203162354419842, 0.7381199087244852963, 0.8534195012135286085, 0.9110692974580503201, 0.9687190937025720316 ),
 ( 0.000000000000000000, 1.000000000000000000 ),
 .UNSPECIFIED. ) ;
#2919 = CARTESIAN_POINT ( 'NONE',  ( -77.80701323276922210, 23.28498708488959679, -6.321011284777743988 ) ) ;
#2920 = DIRECTION ( 'NONE',  ( -3.234202562487237496E-17, -2.628696496404745679E-17, 1.000000000000000000 ) ) ;
#2921 = ORIENTED_EDGE ( 'NONE', *, *, #380, .F. ) ;
#2922 = CARTESIAN_POINT ( 'NONE',  ( -46.12352704160198158, 30.11424907304799348, -5.381786634145597326 ) ) ;
#2923 = CARTESIAN_POINT ( 'NONE',  ( -7.948282621664465530, 46.14733466315716015, -7.485947673226075239 ) ) ;
#2924 = LINE ( 'NONE', #2298, #1582 ) ;
#2925 = CARTESIAN_POINT ( 'NONE',  ( -73.19531813751079596, 6.418529106340661095, -14.00075882270866146 ) ) ;
#2926 = ORIENTED_EDGE ( 'NONE', *, *, #1344, .T. ) ;
#2927 = DIRECTION ( 'NONE',  ( 0.01627792766265308971, -0.01238411529138302297, -0.9997908094993968042 ) ) ;
#2928 = VECTOR ( 'NONE', #1306, 1000.000000000000114 ) ;
#2929 = CARTESIAN_POINT ( 'NONE',  ( 61.87383719518461334, 14.98861525466906386, -16.25243526347868794 ) ) ;
#2930 = LINE ( 'NONE', #1806, #1605 ) ;
#2931 = EDGE_CURVE ( 'NONE', #3406, #393, #3347, .T. ) ;
#2932 = ORIENTED_EDGE ( 'NONE', *, *, #3285, .F. ) ;
#2933 = CARTESIAN_POINT ( 'NONE',  ( -52.00621709112535740, 30.97722791801984954, -4.291409476438095894 ) ) ;
#2934 = ORIENTED_EDGE ( 'NONE', *, *, #3382, .T. ) ;
#2935 = CARTESIAN_POINT ( 'NONE',  ( 89.71725268626910577, 25.27490136053098269, -9.085199741566590603 ) ) ;
#2936 = CARTESIAN_POINT ( 'NONE',  ( 76.17870629121409820, 6.618596497484798391, -4.138868690595999489 ) ) ;
#2937 = CARTESIAN_POINT ( 'NONE',  ( -48.01514743134744378, 33.08680661169961468, -9.435816209662615250 ) ) ;
#2938 = CARTESIAN_POINT ( 'NONE',  ( 76.02025754160068516, 6.436173549836795793, -8.949120160127410628 ) ) ;
#2939 = CARTESIAN_POINT ( 'NONE',  ( -9.179272563737526980, 46.00043046905457089, -11.75201009958476561 ) ) ;
#2940 = CARTESIAN_POINT ( 'NONE',  ( -9.954380608744870074, 43.87615314735292316, -9.942151296515772785 ) ) ;
#2941 = EDGE_LOOP ( 'NONE', ( #2864, #2177, #3365, #3554, #533, #1572, #2274, #1316, #3142, #2934 ) ) ;
#2942 = AXIS2_PLACEMENT_3D ( 'NONE', #416, #3355, #3414 ) ;
#2943 = PLANE ( 'NONE',  #229 ) ;
#2944 = AXIS2_PLACEMENT_3D ( 'NONE', #3632, #153, #2108 ) ;
#2945 = CARTESIAN_POINT ( 'NONE',  ( 73.99119571404443718, 26.66550191395395686, -6.357935961573234707 ) ) ;
#2946 = CARTESIAN_POINT ( 'NONE',  ( -82.41909154174771857, 1.871565407571466499, -1.030213970943128832 ) ) ;
#2947 = ORIENTED_EDGE ( 'NONE', *, *, #2068, .F. ) ;
#2948 = CARTESIAN_POINT ( 'NONE',  ( 63.08480255030381301, 16.58033222344808166, -11.93200846251339442 ) ) ;
#2949 = CARTESIAN_POINT ( 'NONE',  ( 64.84014872383153261, 40.91739199073639099, -11.13302889733930634 ) ) ;
#2950 = DIRECTION ( 'NONE',  ( 0.7956919983549474162, -0.6053560163353211010, 0.02045329412443962214 ) ) ;
#2951 = CARTESIAN_POINT ( 'NONE',  ( -62.77621062406424102, 16.81510645710709184, -5.276564742949954478 ) ) ;
#2952 = ADVANCED_FACE ( 'NONE', ( #742 ), #2511, .F. ) ;
#2953 = CARTESIAN_POINT ( 'NONE',  ( 59.32252504956131389, 21.23316174968219627, -6.542536774656122489 ) ) ;
#2954 = CARTESIAN_POINT ( 'NONE',  ( 6.643688332631084492, 46.27907316112200675, -12.44215119058929986 ) ) ;
#2955 =( GEOMETRIC_REPRESENTATION_CONTEXT ( 3 ) GLOBAL_UNCERTAINTY_ASSIGNED_CONTEXT ( ( #3006 ) ) GLOBAL_UNIT_ASSIGNED_CONTEXT ( ( #3714, #1962, #1111 ) ) REPRESENTATION_CONTEXT ( 'NONE', 'WORKASPACE' ) );
#2956 = CARTESIAN_POINT ( 'NONE',  ( -9.161045938804132760, 43.98588113745279315, -8.115144044611335872 ) ) ;
#2957 = EDGE_LOOP ( 'NONE', ( #2921, #887, #2053, #703, #843, #2479, #647, #860 ) ) ;
#2958 = DIRECTION ( 'NONE',  ( -0.7881310572593418495, -0.5996037136970564507, -0.1390137514923262818 ) ) ;
#2959 = CARTESIAN_POINT ( 'NONE',  ( -61.87889318038501330, 19.28829761737893023, -5.242365376971441115 ) ) ;
#2960 = CARTESIAN_POINT ( 'NONE',  ( 78.85416507848412948, 32.56640556023207012, -6.328163524948979379 ) ) ;
#2961 = DIRECTION ( 'NONE',  ( 3.234202562487237496E-17, 2.628696496404745679E-17, -1.000000000000000000 ) ) ;
#2962 = EDGE_CURVE ( 'NONE', #3139, #1343, #2642, .T. ) ;
#2963 = VERTEX_POINT ( 'NONE', #1333 ) ;
#2964 = DIRECTION ( 'NONE',  ( 0.7956919983549474162, -0.6053560163353212120, 0.02045329412443961867 ) ) ;
#2965 = VERTEX_POINT ( 'NONE', #3058 ) ;
#2966 = CARTESIAN_POINT ( 'NONE',  ( 72.31056665021975505, 27.94411086957704882, -11.90548235582782866 ) ) ;
#2967 = CARTESIAN_POINT ( 'NONE',  ( 56.99131569649716766, 8.651159653375943392, -9.557505289952594296 ) ) ;
#2968 = EDGE_CURVE ( 'NONE', #2732, #1877, #1592, .T. ) ;
#2969 = LINE ( 'NONE', #3260, #2508 ) ;
#2970 = LINE ( 'NONE', #1194, #45 ) ;
#2971 = CARTESIAN_POINT ( 'NONE',  ( -9.954381064665774659, 45.89628292328704617, -9.942151093976503873 ) ) ;
#2972 = B_SPLINE_SURFACE_WITH_KNOTS ( 'NONE', 5, 1, ( 
 ( #826, #879 ),
 ( #1980, #2040 ),
 ( #594, #2829 ),
 ( #220, #3694 ),
 ( #615, #1225 ),
 ( #970, #1777 ),
 ( #2917, #2342 ) ),
 .UNSPECIFIED., .F., .F., .F.,
 ( 6, 1, 6 ),
 ( 2, 2 ),
 ( 0.1028194067916328031, 0.5000000000000000000, 0.8284383779450630314 ),
 ( 0.000000000000000000, 1.000000000000000000 ),
 .UNSPECIFIED. ) ;
#2973 = CARTESIAN_POINT ( 'NONE',  ( -8.402950360727325929, 44.08170874534970807, -7.629043907080194309 ) ) ;
#2974 = ORIENTED_EDGE ( 'NONE', *, *, #3382, .F. ) ;
#2975 = CARTESIAN_POINT ( 'NONE',  ( -9.954491432956654506, 45.89626935026801391, -9.782588823718180393 ) ) ;
#2976 = ADVANCED_FACE ( 'NONE', ( #2146, #1064, #2736 ), #128, .F. ) ;
#2977 = DIRECTION ( 'NONE',  ( 0.000000000000000000, 0.000000000000000000, 1.000000000000000000 ) ) ;
#2978 = CARTESIAN_POINT ( 'NONE',  ( -66.04203877147149626, 28.80865145682892958, -12.26775200118685838 ) ) ;
#2979 = CARTESIAN_POINT ( 'NONE',  ( -50.49887288713786404, 27.94612472231120037, -5.988408278183676714 ) ) ;
#2980 = VECTOR ( 'NONE', #3503, 1000.000000000000000 ) ;
#2981 = VECTOR ( 'NONE', #792, 1000.000000000000000 ) ;
#2982 = VERTEX_POINT ( 'NONE', #1002 ) ;
#2983 = CARTESIAN_POINT ( 'NONE',  ( -45.87088349836106715, 29.67654216944153944, -5.390753059308000417 ) ) ;
#2984 = ORIENTED_EDGE ( 'NONE', *, *, #2554, .T. ) ;
#2985 = CARTESIAN_POINT ( 'NONE',  ( -80.44787730701902717, 30.50765191584196856, -11.74575717275482489 ) ) ;
#2986 = CARTESIAN_POINT ( 'NONE',  ( 63.31262696852450489, 41.13202789210684784, -10.87657778252049567 ) ) ;
#2987 = VECTOR ( 'NONE', #334, 1000.000000000000000 ) ;
#2988 = CARTESIAN_POINT ( 'NONE',  ( -63.79759823520514317, 17.82856237948575284, -6.812192639038823216 ) ) ;
#2989 = DIRECTION ( 'NONE',  ( -0.1552354132711371015, -0.1181018428817530025, -0.9807924964917263955 ) ) ;
#2990 = CARTESIAN_POINT ( 'NONE',  ( -9.705751601419814634, 45.93065985821866093, -8.844781494877176797 ) ) ;
#2991 = AXIS2_PLACEMENT_3D ( 'NONE', #1152, #298, #3425 ) ;
#2992 = CARTESIAN_POINT ( 'NONE',  ( 4.538036613155327359E-12, 44.56431237306189530, -8.673617379884035472E-16 ) ) ;
#2993 = CARTESIAN_POINT ( 'NONE',  ( -76.08564429265584295, 6.689397310910946359, -9.241352284573085996 ) ) ;
#2994 = CARTESIAN_POINT ( 'NONE',  ( -82.73886492737894116, 1.627681034307913110, -4.770489558936219510E-15 ) ) ;
#2995 = EDGE_LOOP ( 'NONE', ( #26, #1917, #3349, #1645 ) ) ;
#2996 = CARTESIAN_POINT ( 'NONE',  ( -64.41348054018021685, 21.53788255490085390, -6.834023966038564879 ) ) ;
#2997 = CARTESIAN_POINT ( 'NONE',  ( 83.09302791985383863, 17.48939768227253211, -4.956372176105930727 ) ) ;
#2998 = AXIS2_PLACEMENT_3D ( 'NONE', #2405, #2961, #964 ) ;
#2999 = CARTESIAN_POINT ( 'NONE',  ( -66.75810567922090399, 13.78571300708055425, -20.00000000000000355 ) ) ;
#3000 = EDGE_CURVE ( 'NONE', #1822, #3735, #3326, .T. ) ;
#3001 = ORIENTED_EDGE ( 'NONE', *, *, #3384, .F. ) ;
#3002 = CARTESIAN_POINT ( 'NONE',  ( -83.75587677596655567, 21.90082395542584592, -5.583494482322037378 ) ) ;
#3003 = CARTESIAN_POINT ( 'NONE',  ( 63.48724136046418920, 41.16366961476832387, -6.023042215861670101 ) ) ;
#3004 = CARTESIAN_POINT ( 'NONE',  ( -60.68019458568164737, 41.12908742164132292, -10.66468011917643111 ) ) ;
#3005 = CARTESIAN_POINT ( 'NONE',  ( 59.69346110932530536, 41.15421946250909002, -10.25010015665194274 ) ) ;
#3006 = UNCERTAINTY_MEASURE_WITH_UNIT (LENGTH_MEASURE( 1.000000000000000082E-05 ), #3714, 'distance_accuracy_value', 'NONE');
#3007 = CARTESIAN_POINT ( 'NONE',  ( 8.944793565929968437, 46.03019378121999949, -8.964908734058424145 ) ) ;
#3008 = EDGE_LOOP ( 'NONE', ( #2289, #3432 ) ) ;
#3009 = EDGE_CURVE ( 'NONE', #904, #2431, #3319, .T. ) ;
#3010 = CARTESIAN_POINT ( 'NONE',  ( 47.16395445906469774, 28.69278427413845378, -18.75612634276826185 ) ) ;
#3011 = CARTESIAN_POINT ( 'NONE',  ( -9.587547095054866020, 45.94677559974506664, -11.24858822647940926 ) ) ;
#3012 = CARTESIAN_POINT ( 'NONE',  ( -9.754809737018550919, 43.90468132243822907, -8.962878019467083845 ) ) ;
#3013 = LINE ( 'NONE', #2444, #2007 ) ;
#3014 = ORIENTED_EDGE ( 'NONE', *, *, #3100, .T. ) ;
#3015 = FACE_OUTER_BOUND ( 'NONE', #232, .T. ) ;
#3016 = VECTOR ( 'NONE', #923, 1000.000000000000000 ) ;
#3017 = CARTESIAN_POINT ( 'NONE',  ( 82.94513376616602329, 16.95591561563911753, -4.925325392926993118 ) ) ;
#3018 = DIRECTION ( 'NONE',  ( 0.7958584843897060779, 0.6054826775597466071, -0.000000000000000000 ) ) ;
#3019 = MANIFOLD_SOLID_BREP ( 'bevestegingsboog', #401 ) ;
#3020 = EDGE_CURVE ( 'NONE', #3618, #3218, #715, .T. ) ;
#3021 = VERTEX_POINT ( 'NONE', #83 ) ;
#3022 = CARTESIAN_POINT ( 'NONE',  ( -81.62049517621566963, 28.60570016174578001, -6.341333116511429502 ) ) ;
#3023 = ORIENTED_EDGE ( 'NONE', *, *, #1951, .T. ) ;
#3024 = CARTESIAN_POINT ( 'NONE',  ( 84.28487737676209690, 14.76283385346797239, -4.107769692806327200 ) ) ;
#3025 = LINE ( 'NONE', #494, #2275 ) ;
#3026 = CARTESIAN_POINT ( 'NONE',  ( 55.74510338470224724, 39.93873566578140810, -9.643787054164334904 ) ) ;
#3027 = CARTESIAN_POINT ( 'NONE',  ( 7.381038644727934361, 46.20772375256208875, -7.552708190883308248 ) ) ;
#3028 = ORIENTED_EDGE ( 'NONE', *, *, #548, .T. ) ;
#3029 = CARTESIAN_POINT ( 'NONE',  ( 8.956444830273499136, 44.01260166765867154, -8.992812425456687464 ) ) ;
#3030 =( NAMED_UNIT ( * ) SI_UNIT ( $, .STERADIAN. ) SOLID_ANGLE_UNIT ( ) );
#3031 = CARTESIAN_POINT ( 'NONE',  ( -80.83206938597075464, 12.46011836519167204, -4.963371299572986395 ) ) ;
#3032 = FACE_BOUND ( 'NONE', #807, .T. ) ;
#3033 = CARTESIAN_POINT ( 'NONE',  ( -78.97625111465671921, 10.45864485991809012, -5.016044951008212571 ) ) ;
#3034 = ORIENTED_EDGE ( 'NONE', *, *, #1631, .F. ) ;
#3035 = CARTESIAN_POINT ( 'NONE',  ( 80.31886016370897607, 3.468801023293262453, -6.005268067354143646 ) ) ;
#3036 = CARTESIAN_POINT ( 'NONE',  ( 59.32350298639481423, 21.23241774327396669, -6.602601684555059691 ) ) ;
#3037 = CARTESIAN_POINT ( 'NONE',  ( -52.26190480292205365, 22.30129543028280636, -5.204170427930421283E-15 ) ) ;
#3038 = ORIENTED_EDGE ( 'NONE', *, *, #1455, .T. ) ;
#3039 = B_SPLINE_CURVE_WITH_KNOTS ( 'NONE', 3,
 ( #335, #959, #696, #939, #3299 ),
 .UNSPECIFIED., .F., .F.,
 ( 4, 1, 4 ),
 ( 0.04873249857047167594, 0.1049654681452812932, 0.1542314103932547198 ),
 .UNSPECIFIED. ) ;
#3040 = CARTESIAN_POINT ( 'NONE',  ( -78.82661784056612930, 32.59685458512619505, -6.700599044876400789 ) ) ;
#3041 = VECTOR ( 'NONE', #2089, 1000.000000000000000 ) ;
#3042 = AXIS2_PLACEMENT_3D ( 'NONE', #1245, #3320, #2182 ) ;
#3043 = EDGE_LOOP ( 'NONE', ( #3358, #2307 ) ) ;
#3044 = CARTESIAN_POINT ( 'NONE',  ( -54.05511014177601936, 29.41844670920629312, -6.203161093125213021 ) ) ;
#3045 = CARTESIAN_POINT ( 'NONE',  ( -46.03846321458435398, 29.96883763115354427, -5.384642646883441408 ) ) ;
#3046 = DIRECTION ( 'NONE',  ( 0.8134818461552230096, 0.5815903076701761654, 5.167002309780138154E-17 ) ) ;
#3047 = CARTESIAN_POINT ( 'NONE',  ( 6.726490515346190691, 46.27151601181873986, -7.442151190589302523 ) ) ;
#3048 = ORIENTED_EDGE ( 'NONE', *, *, #1881, .F. ) ;
#3049 = EDGE_LOOP ( 'NONE', ( #1448, #776, #1313, #2926 ) ) ;
#3050 = CARTESIAN_POINT ( 'NONE',  ( 7.823376263216325732, 44.14917401322281165, -7.737506608667022334 ) ) ;
#3051 = EDGE_CURVE ( 'NONE', #623, #393, #3039, .T. ) ;
#3052 = CARTESIAN_POINT ( 'NONE',  ( 63.08480255030381301, 16.58033222344807456, -11.93200846251339442 ) ) ;
#3053 = DIRECTION ( 'NONE',  ( 0.8134818461552230096, 0.5815903076701762764, 5.017550842994665461E-17 ) ) ;
#3054 = LINE ( 'NONE', #407, #3653 ) ;
#3055 = VERTEX_POINT ( 'NONE', #2993 ) ;
#3056 = LINE ( 'NONE', #738, #3602 ) ;
#3057 = CARTESIAN_POINT ( 'NONE',  ( 59.29621935431515567, 21.25317490918872565, -4.926840176805923122 ) ) ;
#3058 = CARTESIAN_POINT ( 'NONE',  ( 76.54360564247078003, 6.970900093163765021, -4.778605185329587890 ) ) ;
#3059 = ORIENTED_EDGE ( 'NONE', *, *, #1269, .F. ) ;
#3060 = CARTESIAN_POINT ( 'NONE',  ( 54.48518650150996478, 23.12285033859053129, -4.807875672920698840 ) ) ;
#3061 = ORIENTED_EDGE ( 'NONE', *, *, #3359, .T. ) ;
#3062 = CARTESIAN_POINT ( 'NONE',  ( -54.79013684887162583, 24.68136591829007997, -6.523787832127462494 ) ) ;
#3063 = CARTESIAN_POINT ( 'NONE',  ( -48.74692621676986448, 33.45686997029265086, -5.390753059308006634 ) ) ;
#3064 = CARTESIAN_POINT ( 'NONE',  ( 9.080888306920646968, 46.01315716270783440, -9.292011889571286432 ) ) ;
#3065 = EDGE_CURVE ( 'NONE', #1030, #309, #1244, .T. ) ;
#3066 = ORIENTED_EDGE ( 'NONE', *, *, #3259, .T. ) ;
#3067 = ORIENTED_EDGE ( 'NONE', *, *, #1053, .F. ) ;
#3068 = ORIENTED_EDGE ( 'NONE', *, *, #1072, .F. ) ;
#3069 = CARTESIAN_POINT ( 'NONE',  ( 59.58369192840148543, 25.21234654324307911, -4.892879100136484638 ) ) ;
#3070 = FILL_AREA_STYLE_COLOUR ( '', #1982 ) ;
#3071 = LINE ( 'NONE', #164, #1039 ) ;
#3072 = CARTESIAN_POINT ( 'NONE',  ( 76.02025754160068516, 6.436173549836795793, -8.949120160127410628 ) ) ;
#3073 = CARTESIAN_POINT ( 'NONE',  ( 62.61245682943069113, 4.374641087742063839, -11.09824799787508454 ) ) ;
#3074 = EDGE_LOOP ( 'NONE', ( #1191, #895, #3676, #3727, #705, #3633, #3398, #534, #2257, #3087, #1379, #467, #3501, #2661 ) ) ;
#3075 = EDGE_CURVE ( 'NONE', #730, #1416, #2423, .T. ) ;
#3076 = PLANE ( 'NONE',  #1836 ) ;
#3077 = CARTESIAN_POINT ( 'NONE',  ( -76.09234745034154912, 6.511498114952050997, -4.997251737514264214 ) ) ;
#3078 = CARTESIAN_POINT ( 'NONE',  ( 48.59564029419235709, 15.03852137938454625, -8.144029192843198928 ) ) ;
#3079 = B_SPLINE_CURVE_WITH_KNOTS ( 'NONE', 3,
 ( #2646, #2933, #910, #2606, #355 ),
 .UNSPECIFIED., .F., .F.,
 ( 4, 1, 4 ),
 ( 0.8657571489698639988, 0.9098916565039606441, 0.9673022670328599304 ),
 .UNSPECIFIED. ) ;
#3080 = DIRECTION ( 'NONE',  ( 0.6054826775597471622, 0.7958584843897056338, 4.050324036854581322E-17 ) ) ;
#3081 = VECTOR ( 'NONE', #96, 1000.000000000000000 ) ;
#3082 = ORIENTED_EDGE ( 'NONE', *, *, #3118, .T. ) ;
#3083 = EDGE_CURVE ( 'NONE', #2251, #2794, #1586, .T. ) ;
#3084 = LINE ( 'NONE', #3672, #3179 ) ;
#3085 = LINE ( 'NONE', #1067, #2901 ) ;
#3086 = ORIENTED_EDGE ( 'NONE', *, *, #102, .T. ) ;
#3087 = ORIENTED_EDGE ( 'NONE', *, *, #2149, .T. ) ;
#3088 = ORIENTED_EDGE ( 'NONE', *, *, #2518, .T. ) ;
#3089 = CARTESIAN_POINT ( 'NONE',  ( 9.061360578355129647, 43.99902968284267502, -9.300449210628491059 ) ) ;
#3090 = CARTESIAN_POINT ( 'NONE',  ( 73.18600330326147230, 18.44485707382845874, -6.003539330434061405 ) ) ;
#3091 = PLANE ( 'NONE',  #2009 ) ;
#3092 = CARTESIAN_POINT ( 'NONE',  ( 74.07987181815356337, 8.042573247278529180, -5.175304734529975192 ) ) ;
#3093 = VERTEX_POINT ( 'NONE', #2540 ) ;
#3094 = ADVANCED_FACE ( 'NONE', ( #165 ), #3363, .F. ) ;
#3095 = CARTESIAN_POINT ( 'NONE',  ( 78.82491585494146591, 4.605381731974617310, -8.516798235657448757 ) ) ;
#3096 = EDGE_CURVE ( 'NONE', #3406, #92, #1593, .T. ) ;
#3097 = DIRECTION ( 'NONE',  ( 0.000000000000000000, 1.000000000000000000, 1.064992215024942000E-18 ) ) ;
#3098 = ADVANCED_FACE ( 'NONE', ( #3032, #1609 ), #3091, .T. ) ;
#3099 = CARTESIAN_POINT ( 'NONE',  ( -50.49887288713786404, 27.94612472231120037, -5.988408278183676714 ) ) ;
#3100 = EDGE_CURVE ( 'NONE', #289, #3468, #484, .T. ) ;
#3101 = CARTESIAN_POINT ( 'NONE',  ( -56.98918250239469074, 40.36317283935716205, -5.708014470119900707 ) ) ;
#3102 = CARTESIAN_POINT ( 'NONE',  ( -46.12352704160198158, 30.11424907304799348, -5.381786634145597326 ) ) ;
#3103 = CARTESIAN_POINT ( 'NONE',  ( 8.413229768264903541, 46.09458797635821270, -11.70814595533966163 ) ) ;
#3104 = VERTEX_POINT ( 'NONE', #2203 ) ;
#3105 = ORIENTED_EDGE ( 'NONE', *, *, #3678, .T. ) ;
#3106 = ORIENTED_EDGE ( 'NONE', *, *, #1455, .F. ) ;
#3107 = CARTESIAN_POINT ( 'NONE',  ( 8.437761224375826430, 44.07750140925367788, -8.201025771148975352 ) ) ;
#3108 = AXIS2_PLACEMENT_3D ( 'NONE', #29, #1435, #1736 ) ;
#3109 = DIRECTION ( 'NONE',  ( -3.234202562487237496E-17, -2.628696496404745679E-17, 1.000000000000000000 ) ) ;
#3110 = DIRECTION ( 'NONE',  ( -0.7958584843897056338, 0.6054826775597471622, -9.823373564553231562E-18 ) ) ;
#3111 = ORIENTED_EDGE ( 'NONE', *, *, #1465, .F. ) ;
#3112 = CARTESIAN_POINT ( 'NONE',  ( -63.69864785340137558, 25.66276012244411930, -3.083952910082008891 ) ) ;
#3113 = PRODUCT_RELATED_PRODUCT_CATEGORY ( 'part', '', ( #2093 ) ) ;
#3114 = DIRECTION ( 'NONE',  ( -0.6054826775597461630, -0.7958584843897062999, 3.758525927527592285E-16 ) ) ;
#3115 = CARTESIAN_POINT ( 'NONE',  ( -64.49119911872151079, 15.51035712528897648, -12.19624346493665534 ) ) ;
#3116 = CARTESIAN_POINT ( 'NONE',  ( -71.16236226390049069, 38.67149796929166428, -6.756952414857926748 ) ) ;
#3117 = DIRECTION ( 'NONE',  ( -0.5815903076701762764, 0.8134818461552230096, 2.574160154924745643E-18 ) ) ;
#3118 = EDGE_CURVE ( 'NONE', #3591, #1231, #1042, .T. ) ;
#3119 = ORIENTED_EDGE ( 'NONE', *, *, #3699, .T. ) ;
#3120 = ORIENTED_EDGE ( 'NONE', *, *, #102, .F. ) ;
#3121 = CIRCLE ( 'NONE', #2998, 67.14622413438098647 ) ;
#3122 = VECTOR ( 'NONE', #21, 1000.000000000000000 ) ;
#3123 = ORIENTED_EDGE ( 'NONE', *, *, #2699, .F. ) ;
#3124 = FACE_OUTER_BOUND ( 'NONE', #3187, .T. ) ;
#3125 = FACE_OUTER_BOUND ( 'NONE', #2249, .T. ) ;
#3126 = CARTESIAN_POINT ( 'NONE',  ( 61.67092337691441628, 15.14299044122540217, 0.5309643910884054296 ) ) ;
#3127 = CARTESIAN_POINT ( 'NONE',  ( -41.01488065261398219, 30.85794014875902747, -2.602085213965210642E-15 ) ) ;
#3128 = ORIENTED_EDGE ( 'NONE', *, *, #839, .T. ) ;
#3129 = LINE ( 'NONE', #2044, #2819 ) ;
#3130 = CARTESIAN_POINT ( 'NONE',  ( 7.381073623186691357, 44.19701256337970108, -12.33158265215184812 ) ) ;
#3131 = LINE ( 'NONE', #1724, #2375 ) ;
#3132 = CARTESIAN_POINT ( 'NONE',  ( -67.88865282524760403, 41.89831606247371099, -6.523787832127492692 ) ) ;
#3133 = CARTESIAN_POINT ( 'NONE',  ( 73.76825812365636637, 14.42084367133191947, -5.708440782776742495 ) ) ;
#3134 = CARTESIAN_POINT ( 'NONE',  ( -78.08418825124732621, 33.41199532893649859, -6.751885194341262775 ) ) ;
#3135 = EDGE_CURVE ( 'NONE', #1334, #1551, #3387, .T. ) ;
#3136 = DIRECTION ( 'NONE',  ( -0.7956919983549474162, 0.6053560163353211010, -0.02045329412443962214 ) ) ;
#3137 = VECTOR ( 'NONE', #3506, 1000.000000000000227 ) ;
#3138 = EDGE_LOOP ( 'NONE', ( #1096, #3315, #1378, #3307, #1090, #2039 ) ) ;
#3139 = VERTEX_POINT ( 'NONE', #1016 ) ;
#3140 = CIRCLE ( 'NONE', #1385, 67.14622413438100068 ) ;
#3141 = DIRECTION ( 'NONE',  ( 1.498801083243961330E-15, -1.000000000000000000, -2.628696496404741057E-17 ) ) ;
#3142 = ORIENTED_EDGE ( 'NONE', *, *, #243, .F. ) ;
#3143 = CARTESIAN_POINT ( 'NONE',  ( -46.81102690206260064, 31.28948829654418162, -5.358703868796532710 ) ) ;
#3144 = LINE ( 'NONE', #1681, #170 ) ;
#3145 = CARTESIAN_POINT ( 'NONE',  ( -76.07808536507900499, 24.60034137861115511, -8.309396687639168277 ) ) ;
#3146 = CARTESIAN_POINT ( 'NONE',  ( -83.65716872854184771, 19.85809279105145819, -9.798668500282721183 ) ) ;
#3147 = ORIENTED_EDGE ( 'NONE', *, *, #1479, .F. ) ;
#3148 = DIRECTION ( 'NONE',  ( 3.234202562487237496E-17, 2.628696496404745679E-17, -1.000000000000000000 ) ) ;
#3149 = CARTESIAN_POINT ( 'NONE',  ( 7.092277345235610042, 44.22661448890412572, -12.40292897687669793 ) ) ;
#3150 = AXIS2_PLACEMENT_3D ( 'NONE', #282, #1480, #3518 ) ;
#3151 = FACE_OUTER_BOUND ( 'NONE', #1802, .T. ) ;
#3152 = DIRECTION ( 'NONE',  ( 0.8134818461552230096, 0.5815903076701762764, 4.159789475487621293E-17 ) ) ;
#3153 = LINE ( 'NONE', #321, #529 ) ;
#3154 = CARTESIAN_POINT ( 'NONE',  ( -78.72682712196730392, 10.64840460980257220, -3.431745765502315582 ) ) ;
#3155 = CARTESIAN_POINT ( 'NONE',  ( -0.3590050757020513128, -22.58095202332092555, -2.602085213965210642E-15 ) ) ;
#3156 = ORIENTED_EDGE ( 'NONE', *, *, #2696, .T. ) ;
#3157 = DIRECTION ( 'NONE',  ( -0.6054826775597461630, -0.7958584843897062999, 3.758525927527592285E-16 ) ) ;
#3158 = ORIENTED_EDGE ( 'NONE', *, *, #679, .F. ) ;
#3159 = CARTESIAN_POINT ( 'NONE',  ( -46.35142211742370932, 29.31095228700906929, -9.678173425083796744 ) ) ;
#3160 = VECTOR ( 'NONE', #629, 1000.000000000000000 ) ;
#3161 = CARTESIAN_POINT ( 'NONE',  ( -59.07351035202972867, 19.63209078143937347, -9.892774275622516100 ) ) ;
#3162 = DIRECTION ( 'NONE',  ( -0.6054826775597456079, 0.7958584843897068550, -1.443723612881697902E-15 ) ) ;
#3163 = VERTEX_POINT ( 'NONE', #2181 ) ;
#3164 = VECTOR ( 'NONE', #151, 1000.000000000000000 ) ;
#3165 = CARTESIAN_POINT ( 'NONE',  ( 60.08317778236718709, 24.83234175822870426, -6.509685862666137801 ) ) ;
#3166 = CARTESIAN_POINT ( 'NONE',  ( 78.86659804555348785, 10.54206802519777675, -3.193022508662061387 ) ) ;
#3167 = CARTESIAN_POINT ( 'NONE',  ( -50.65833167302469064, 27.82480977181064574, -4.385870139433888149 ) ) ;
#3168 = CARTESIAN_POINT ( 'NONE',  ( -66.12794305431123121, 11.76132394639697587, -19.74098994057674972 ) ) ;
#3169 = CARTESIAN_POINT ( 'NONE',  ( -76.08564429265584295, 6.689397310910946359, -9.241352284573085996 ) ) ;
#3170 = CARTESIAN_POINT ( 'NONE',  ( -46.04911323006892587, 29.54094643566234524, -3.791355372765897069 ) ) ;
#3171 = EDGE_CURVE ( 'NONE', #1364, #2043, #1729, .T. ) ;
#3172 = FACE_OUTER_BOUND ( 'NONE', #717, .T. ) ;
#3173 = EDGE_LOOP ( 'NONE', ( #3353, #1958, #642, #375 ) ) ;
#3174 = CARTESIAN_POINT ( 'NONE',  ( -66.49670011053726171, 19.95298600841006120, -6.785282681105465841 ) ) ;
#3175 = VERTEX_POINT ( 'NONE', #2523 ) ;
#3176 = ADVANCED_FACE ( 'NONE', ( #186 ), #1348, .F. ) ;
#3177 = B_SPLINE_CURVE_WITH_KNOTS ( 'NONE', 3,
 ( #1518, #3250, #2959, #644, #1804, #351, #3167, #2600 ),
 .UNSPECIFIED., .F., .F.,
 ( 4, 1, 1, 1, 1, 4 ),
 ( 0.000000000000000000, 0.1557048737473536448, 0.4266923526285839041, 0.6976798315098141634, 0.9686673103910442562, 1.000000000000000000 ),
 .UNSPECIFIED. ) ;
#3178 = CARTESIAN_POINT ( 'NONE',  ( -60.30485145605417330, 47.65161757282240274, -9.678173425083828718 ) ) ;
#3179 = VECTOR ( 'NONE', #179, 1000.000000000000000 ) ;
#3180 = CARTESIAN_POINT ( 'NONE',  ( 78.91600961760259736, 2.023068750916809044, -6.443957609301691036 ) ) ;
#3181 = LINE ( 'NONE', #2721, #3533 ) ;
#3182 = ORIENTED_EDGE ( 'NONE', *, *, #2746, .F. ) ;
#3183 = CARTESIAN_POINT ( 'NONE',  ( -78.97625111465671921, 10.45864485991809012, -5.016044951008212571 ) ) ;
#3184 = LINE ( 'NONE', #2873, #2406 ) ;
#3185 = CARTESIAN_POINT ( 'NONE',  ( 59.29621935431515567, 21.25317490918872565, -4.926840176805923122 ) ) ;
#3186 = DIRECTION ( 'NONE',  ( -0.7956919983549477493, 0.6053560163353206569, -0.02045329412443974010 ) ) ;
#3187 = EDGE_LOOP ( 'NONE', ( #3424, #2724, #2106, #154 ) ) ;
#3188 = EDGE_CURVE ( 'NONE', #3336, #2589, #3366, .T. ) ;
#3189 = CARTESIAN_POINT ( 'NONE',  ( 46.42965108487043580, 30.38493509019195216, -5.009085012333940767 ) ) ;
#3190 = DIRECTION ( 'NONE',  ( -0.8134818461552225655, 0.5815903076701767205, -1.102140667256518083E-17 ) ) ;
#3191 = CARTESIAN_POINT ( 'NONE',  ( 63.08480255030379880, 16.58033222344805324, -16.25243526347868794 ) ) ;
#3192 = EDGE_LOOP ( 'NONE', ( #177, #518, #2037, #3638 ) ) ;
#3193 = CARTESIAN_POINT ( 'NONE',  ( 41.01488065261357718, 30.85794014875905233, 0.000000000000000000 ) ) ;
#3194 = EDGE_CURVE ( 'NONE', #1285, #1944, #2751, .T. ) ;
#3195 = ORIENTED_EDGE ( 'NONE', *, *, #284, .F. ) ;
#3196 = CLOSED_SHELL ( 'NONE', ( #119, #831, #3098, #48, #2674, #2303, #3094, #392, #3334, #1375, #680, #3176, #2527, #1204, #2328, #3743, #777, #1910, #1578, #3685, #3460, #146, #166, #842, #271 ) ) ;
#3197 = AXIS2_PLACEMENT_3D ( 'NONE', #2067, #283, #2335 ) ;
#3198 = DIRECTION ( 'NONE',  ( 0.003446842051988320207, 0.002622329466478148276, -0.9999906212900387947 ) ) ;
#3199 = VECTOR ( 'NONE', #1542, 1000.000000000000227 ) ;
#3200 = DIRECTION ( 'NONE',  ( -0.7958510202638120479, -0.6054769989133257369, -0.004330973558233395387 ) ) ;
#3201 = LINE ( 'NONE', #1841, #554 ) ;
#3202 = ORIENTED_EDGE ( 'NONE', *, *, #761, .F. ) ;
#3203 = CARTESIAN_POINT ( 'NONE',  ( 61.93816812944883310, 19.24320171706989413, -6.561676997074260775 ) ) ;
#3204 = DIRECTION ( 'NONE',  ( 0.7958510202638119369, 0.6054769989133256258, 0.004330973558233052779 ) ) ;
#3205 = DIRECTION ( 'NONE',  ( 0.7956919983549468611, -0.6053560163353219892, 0.02045329412443954581 ) ) ;
#3206 = CARTESIAN_POINT ( 'NONE',  ( -65.59441220774863268, 12.15803197277263514, -20.00000000000000355 ) ) ;
#3207 = VERTEX_POINT ( 'NONE', #1895 ) ;
#3208 = EDGE_CURVE ( 'NONE', #1784, #2851, #2254, .T. ) ;
#3209 = CARTESIAN_POINT ( 'NONE',  ( -81.77200026216114281, 14.11081191070591601, -9.231926683792957888 ) ) ;
#3210 = EDGE_CURVE ( 'NONE', #1069, #1822, #142, .T. ) ;
#3211 = CIRCLE ( 'NONE', #2854, 69.14622413438098647 ) ;
#3212 = FACE_OUTER_BOUND ( 'NONE', #3138, .T. ) ;
#3213 = EDGE_CURVE ( 'NONE', #1734, #309, #274, .T. ) ;
#3214 = CARTESIAN_POINT ( 'NONE',  ( -0.3590050757020513128, -22.58095202332092555, -20.00000000000000355 ) ) ;
#3215 = B_SPLINE_CURVE_WITH_KNOTS ( 'NONE', 3,
 ( #1817, #3281, #1553, #700, #2735, #127, #2447, #2856 ),
 .UNSPECIFIED., .F., .F.,
 ( 4, 2, 2, 4 ),
 ( 0.000000000000000000, 0.004802082337764988773, 0.007203123506647471884, 0.009604164675529958464 ),
 .UNSPECIFIED. ) ;
#3216 = ORIENTED_EDGE ( 'NONE', *, *, #948, .T. ) ;
#3217 = DIRECTION ( 'NONE',  ( 0.6054826775597462740, 0.7958584843897062999, 4.050324036854577008E-17 ) ) ;
#3218 = VERTEX_POINT ( 'NONE', #1189 ) ;
#3219 = VERTEX_POINT ( 'NONE', #311 ) ;
#3220 = CARTESIAN_POINT ( 'NONE',  ( 88.89850985626262059, 25.89779426255906714, -9.356805181884102041 ) ) ;
#3221 = B_SPLINE_SURFACE_WITH_KNOTS ( 'NONE', 3, 1, ( 
 ( #3077, #1371 ),
 ( #1353, #2545 ),
 ( #1690, #3346 ),
 ( #2470, #780 ),
 ( #1020, #1971 ),
 ( #209, #1899 ),
 ( #2776, #3132 ),
 ( #1041, #2261 ),
 ( #741, #190 ),
 ( #1614, #507 ),
 ( #528, #2510 ) ),
 .UNSPECIFIED., .F., .F., .F.,
 ( 4, 1, 1, 1, 1, 1, 1, 1, 4 ),
 ( 2, 2 ),
 ( 0.04632235379022520139, 0.1616219462792685413, 0.2769215387683118812, 0.5075207237463985610, 0.6228203162354419842, 0.7381199087244852963, 0.8534195012135286085, 0.9110692974580503201, 0.9687190937025720316 ),
 ( 0.000000000000000000, 1.000000000000000000 ),
 .UNSPECIFIED. ) ;
#3222 = ADVANCED_FACE ( 'NONE', ( #846 ), #2343, .F. ) ;
#3223 = CARTESIAN_POINT ( 'NONE',  ( -65.81082813809129561, 20.47479184008153297, -6.812192639038828545 ) ) ;
#3224 = CARTESIAN_POINT ( 'NONE',  ( -82.65135261271301204, 26.41928233079651989, -10.97570286361977132 ) ) ;
#3225 = FACE_OUTER_BOUND ( 'NONE', #2223, .T. ) ;
#3226 = CARTESIAN_POINT ( 'NONE',  ( -9.766753208364798766, 45.92230834117969351, -8.991607678774451884 ) ) ;
#3227 = CARTESIAN_POINT ( 'NONE',  ( -67.92353566748984406, 31.28172844614725889, -12.26775200080488659 ) ) ;
#3228 = CIRCLE ( 'NONE', #2869, 69.14622413438098647 ) ;
#3229 = CARTESIAN_POINT ( 'NONE',  ( -66.61354041764602130, 11.39888546074914899, -19.47812995979966999 ) ) ;
#3230 = VERTEX_POINT ( 'NONE', #275 ) ;
#3231 = FACE_OUTER_BOUND ( 'NONE', #3043, .T. ) ;
#3232 = AXIS2_PLACEMENT_3D ( 'NONE', #2831, #3109, #3053 ) ;
#3233 = DIRECTION ( 'NONE',  ( 0.6054826775597472732, 0.7958584843897057448, 4.050324036854581938E-17 ) ) ;
#3234 = CARTESIAN_POINT ( 'NONE',  ( -78.87665058552975950, 4.587385358309713723, -8.418104457992464873 ) ) ;
#3235 = ORIENTED_EDGE ( 'NONE', *, *, #2346, .F. ) ;
#3236 = CARTESIAN_POINT ( 'NONE',  ( 67.45631824990897485, 10.74150896286010770, 1.638059467188323702E-30 ) ) ;
#3237 = CARTESIAN_POINT ( 'NONE',  ( 83.23406441036597414, 24.38873377111328011, -10.22991165597343866 ) ) ;
#3238 = EDGE_CURVE ( 'NONE', #3344, #2001, #3713, .T. ) ;
#3239 = CARTESIAN_POINT ( 'NONE',  ( 78.11495774045469886, 34.10183321766466236, -11.89150792265277445 ) ) ;
#3240 = VECTOR ( 'NONE', #2312, 1000.000000000000000 ) ;
#3241 = CARTESIAN_POINT ( 'NONE',  ( -46.73021656796714041, 29.02276854246348492, -3.911185217743188058 ) ) ;
#3242 = CARTESIAN_POINT ( 'NONE',  ( -9.326378375834760703, 45.98135635446647740, -8.284030262141756751 ) ) ;
#3243 = LINE ( 'NONE', #2653, #2987 ) ;
#3244 = CARTESIAN_POINT ( 'NONE',  ( -9.732843095307382342, 43.90778599384082526, -8.912844023104971924 ) ) ;
#3245 = ORIENTED_EDGE ( 'NONE', *, *, #661, .T. ) ;
#3246 = VECTOR ( 'NONE', #1752, 1000.000000000000000 ) ;
#3247 = CARTESIAN_POINT ( 'NONE',  ( 45.95908113264138706, 29.60944212489007299, -5.026348128998170850 ) ) ;
#3248 = CIRCLE ( 'NONE', #634, 2.945000000000000284 ) ;
#3249 = ADVANCED_FACE ( 'NONE', ( #810 ), #2576, .T. ) ;
#3250 = CARTESIAN_POINT ( 'NONE',  ( -63.79365639713287095, 17.83156129790822320, -5.197044004877206191 ) ) ;
#3251 = CARTESIAN_POINT ( 'NONE',  ( 61.87383719518461334, 14.98861525466906031, 1.292222146186305066E-30 ) ) ;
#3252 = CARTESIAN_POINT ( 'NONE',  ( -67.77723388911826419, 13.02656649505710185, -19.47812995979968775 ) ) ;
#3253 = B_SPLINE_SURFACE_WITH_KNOTS ( 'NONE', 3, 1, ( 
 ( #3574, #706 ),
 ( #3512, #1006 ),
 ( #1865, #3044 ),
 ( #3062, #1493 ),
 ( #1885, #1619 ),
 ( #2782, #897 ),
 ( #1597, #3223 ),
 ( #415, #2060 ) ),
 .UNSPECIFIED., .F., .F., .F.,
 ( 4, 1, 1, 1, 1, 4 ),
 ( 2, 2 ),
 ( 0.000000000000000000, 0.02004179039284854219, 0.2956680436646315635, 0.5712942969364146473, 0.8469205502081980086, 1.000000000000000000 ),
 ( 0.000000000000000000, 1.000000000000000000 ),
 .UNSPECIFIED. ) ;
#3254 = ORIENTED_EDGE ( 'NONE', *, *, #978, .T. ) ;
#3255 = DIRECTION ( 'NONE',  ( 0.01627792766265308971, -0.01238411529138302297, -0.9997908094993968042 ) ) ;
#3256 = EDGE_CURVE ( 'NONE', #2794, #1784, #2391, .T. ) ;
#3257 = CARTESIAN_POINT ( 'NONE',  ( 4.538036613155327359E-12, 44.56431237306189530, -8.673617379884035472E-16 ) ) ;
#3258 = CARTESIAN_POINT ( 'NONE',  ( 46.13689407885004101, 29.47416347813697612, -9.288779410278245052 ) ) ;
#3259 = EDGE_CURVE ( 'NONE', #757, #2066, #595, .T. ) ;
#3260 = CARTESIAN_POINT ( 'NONE',  ( -60.42946470307153106, 33.00044904457585915, -6.451466693080738501 ) ) ;
#3261 = PLANE ( 'NONE',  #588 ) ;
#3262 = CARTESIAN_POINT ( 'NONE',  ( -9.213614953749365455, 45.99599849340273749, -11.71852391187380782 ) ) ;
#3263 = AXIS2_PLACEMENT_3D ( 'NONE', #2853, #2027, #2615 ) ;
#3264 = DIRECTION ( 'NONE',  ( 0.003446842051984303889, 0.002622329466479889504, -0.9999906212900387947 ) ) ;
#3265 = ORIENTED_EDGE ( 'NONE', *, *, #1716, .T. ) ;
#3266 = DIRECTION ( 'NONE',  ( -0.7669500702490510413, 0.5834893906359884808, 0.2670725009435050423 ) ) ;
#3267 = CARTESIAN_POINT ( 'NONE',  ( -58.23159939192731827, 29.82204623389467102, -6.465236552286708793 ) ) ;
#3268 = CARTESIAN_POINT ( 'NONE',  ( -78.58673443327553798, 4.809923615949367459, -8.837184759083903884 ) ) ;
#3269 = ORIENTED_EDGE ( 'NONE', *, *, #1233, .F. ) ;
#3270 = CARTESIAN_POINT ( 'NONE',  ( 75.99055532714469052, 6.761740224346668882, -3.193022508662059611 ) ) ;
#3271 = ORIENTED_EDGE ( 'NONE', *, *, #394, .T. ) ;
#3272 = FACE_OUTER_BOUND ( 'NONE', #268, .T. ) ;
#3273 = CARTESIAN_POINT ( 'NONE',  ( 75.76382334763859205, 6.934236074717650133, -9.085199741566581721 ) ) ;
#3274 = CARTESIAN_POINT ( 'NONE',  ( -48.10398309092360591, 27.97761811813965949, -4.140468408688324331 ) ) ;
#3275 = DIRECTION ( 'NONE',  ( -0.6054826775597464961, 0.7958584843897059669, 1.338167822438455594E-18 ) ) ;
#3276 = CARTESIAN_POINT ( 'NONE',  ( -8.754000413136131087, 46.05404074418340343, -12.08410080101096717 ) ) ;
#3277 = DIRECTION ( 'NONE',  ( -0.6054826775597450528, 0.7958584843897071881, -1.441115708636438561E-15 ) ) ;
#3278 = FACE_OUTER_BOUND ( 'NONE', #1928, .T. ) ;
#3279 = ORIENTED_EDGE ( 'NONE', *, *, #1433, .F. ) ;
#3280 = CARTESIAN_POINT ( 'NONE',  ( -47.41804338244410388, 15.93442755516518616, -17.03687460358431238 ) ) ;
#3281 = CARTESIAN_POINT ( 'NONE',  ( 81.27622704860928593, 12.80752433467871931, -8.861585962756901580 ) ) ;
#3282 = CARTESIAN_POINT ( 'NONE',  ( -42.22584600773350871, 32.44965711753841475, -20.00000000000000355 ) ) ;
#3283 = AXIS2_PLACEMENT_3D ( 'NONE', #2204, #1329, #2424 ) ;
#3284 = VECTOR ( 'NONE', #982, 1000.000000000000000 ) ;
#3285 = EDGE_CURVE ( 'NONE', #2388, #2467, #3471, .T. ) ;
#3286 = VERTEX_POINT ( 'NONE', #1684 ) ;
#3287 = CARTESIAN_POINT ( 'NONE',  ( -82.57299716985895088, 26.64338145124546386, -6.124729879764180929 ) ) ;
#3288 = ADVANCED_FACE ( 'NONE', ( #1403 ), #1112, .F. ) ;
#3289 = CARTESIAN_POINT ( 'NONE',  ( 57.54325166176197826, 40.77230111095891374, -5.440463503578791382 ) ) ;
#3290 = CARTESIAN_POINT ( 'NONE',  ( -81.55468206520674812, 28.74275224906146775, -11.43020387952281425 ) ) ;
#3291 = PLANE ( 'NONE',  #1860 ) ;
#3292 = CARTESIAN_POINT ( 'NONE',  ( 67.04582505863001529, 13.56681843769644402, -11.45660210705803017 ) ) ;
#3293 = ORIENTED_EDGE ( 'NONE', *, *, #2539, .T. ) ;
#3294 = LINE ( 'NONE', #1564, #285 ) ;
#3295 = CARTESIAN_POINT ( 'NONE',  ( -53.01049732654841762, 11.67973397003307134, -12.26775200118630060 ) ) ;
#3296 = AXIS2_PLACEMENT_3D ( 'NONE', #2488, #2581, #2634 ) ;
#3297 = LINE ( 'NONE', #694, #428 ) ;
#3298 = EDGE_CURVE ( 'NONE', #1734, #589, #2565, .T. ) ;
#3299 = CARTESIAN_POINT ( 'NONE',  ( 75.30830927444225154, 13.24918525134049396, -5.462456604987462327 ) ) ;
#3300 = LINE ( 'NONE', #756, #3472 ) ;
#3301 = ORIENTED_EDGE ( 'NONE', *, *, #3521, .F. ) ;
#3302 = LINE ( 'NONE', #3280, #2169 ) ;
#3303 = EDGE_CURVE ( 'NONE', #1643, #3286, #257, .T. ) ;
#3304 = DIRECTION ( 'NONE',  ( 0.7958584843897059669, 0.6054826775597466071, 4.165597742725466033E-17 ) ) ;
#3305 = AXIS2_PLACEMENT_3D ( 'NONE', #2471, #1355, #2817 ) ;
#3306 = CYLINDRICAL_SURFACE ( 'NONE', #2639, 2.944999999999997620 ) ;
#3307 = ORIENTED_EDGE ( 'NONE', *, *, #86, .F. ) ;
#3308 = CARTESIAN_POINT ( 'NONE',  ( -82.35379118784656782, 27.14706784134852313, -6.181946972249885874 ) ) ;
#3309 = ORIENTED_EDGE ( 'NONE', *, *, #1261, .F. ) ;
#3310 = CARTESIAN_POINT ( 'NONE',  ( 0.3590050757018015126, -22.58095202332093976, -20.00000000000000355 ) ) ;
#3311 = CARTESIAN_POINT ( 'NONE',  ( -55.20348640359006254, 39.64952465887782296, -9.870860214224906670 ) ) ;
#3312 = LINE ( 'NONE', #3257, #1501 ) ;
#3313 = UNCERTAINTY_MEASURE_WITH_UNIT (LENGTH_MEASURE( 1.000000000000000082E-05 ), #55, 'distance_accuracy_value', 'NONE');
#3314 = CARTESIAN_POINT ( 'NONE',  ( 8.148516937131564219, 46.12528775869336783, -7.944111728371987979 ) ) ;
#3315 = ORIENTED_EDGE ( 'NONE', *, *, #1440, .T. ) ;
#3316 = CARTESIAN_POINT ( 'NONE',  ( -76.72182452802786656, 7.338895316511243827, -4.997251737514265990 ) ) ;
#3317 = CARTESIAN_POINT ( 'NONE',  ( -9.368262610418030434, 43.95815797180029705, -11.55128122396854273 ) ) ;
#3318 = DIRECTION ( 'NONE',  ( -1.000000000000000000, -2.775557561562890957E-15, 0.000000000000000000 ) ) ;
#3319 = B_SPLINE_CURVE_WITH_KNOTS ( 'NONE', 3,
 ( #1312, #1372, #3411, #2529, #3686, #1083, #2245, #123, #347, #1549, #1214, #1852, #2973, #52, #1801, #385, #2689, #365, #2081, #2956, #674, #2368, #2709, #998, #1532, #2117, #3534, #921, #1515, #3584, #2671, #3244, #1283, #3012, #69, #406, #2940 ),
 .UNSPECIFIED., .F., .F.,
 ( 4, 2, 2, 2, 1, 1, 2, 2, 2, 2, 2, 1, 1, 2, 2, 2, 2, 1, 2, 2, 4 ),
 ( 0.000000000000000000, 0.06252002813583362739, 0.09378004220374998312, 0.1094100492377080569, 0.1172250527546872950, 0.1211325545131769765, 0.1230863053924216299, 0.1250400562716662556, 0.1875600844074883922, 0.2188200984753993217, 0.2344501055093549391, 0.2422651090263324425, 0.2461726107848210832, 0.2481263616640655423, 0.2500801125433099736, 0.3126001406791201198, 0.3438601547470247488, 0.3594901617809770356, 0.3673051652979529846, 0.3751201688149288782, 0.5001602250865411214 ),
 .UNSPECIFIED. ) ;
#3320 = DIRECTION ( 'NONE',  ( 3.234202562487237496E-17, 2.628696496404745679E-17, -1.000000000000000000 ) ) ;
#3321 = ORIENTED_EDGE ( 'NONE', *, *, #3693, .F. ) ;
#3322 = VECTOR ( 'NONE', #3616, 1000.000000000000227 ) ;
#3323 = DIRECTION ( 'NONE',  ( 0.003446842051988320207, 0.002622329466478148276, -0.9999906212900387947 ) ) ;
#3324 = MECHANICAL_DESIGN_GEOMETRIC_PRESENTATION_REPRESENTATION (  '', ( #1504 ), #2955 ) ;
#3325 = CARTESIAN_POINT ( 'NONE',  ( -63.25139672385886058, 26.00302515293466499, -6.797752873717292310 ) ) ;
#3326 = LINE ( 'NONE', #3037, #3164 ) ;
#3327 = VERTEX_POINT ( 'NONE', #3161 ) ;
#3328 = B_SPLINE_CURVE_WITH_KNOTS ( 'NONE', 3,
 ( #101, #3548, #1229, #363, #974, #2688, #82, #958 ),
 .UNSPECIFIED., .F., .F.,
 ( 4, 1, 1, 1, 1, 4 ),
 ( 0.04872963789667100060, 0.07604481559073189567, 0.1033599932847928948, 0.1579903486729148931, 0.2126207040610368915, 0.2387354062047276348 ),
 .UNSPECIFIED. ) ;
#3329 = CARTESIAN_POINT ( 'NONE',  ( -81.49141807958382344, 13.60814402630885311, -4.997251737514277536 ) ) ;
#3330 = ORIENTED_EDGE ( 'NONE', *, *, #548, .F. ) ;
#3331 = CARTESIAN_POINT ( 'NONE',  ( 64.03183735488325112, 41.08626165846909117, -6.072521999227189049 ) ) ;
#3332 = CARTESIAN_POINT ( 'NONE',  ( 60.93528228986090056, 36.12086309394243244, -8.204264144039676410 ) ) ;
#3333 = CARTESIAN_POINT ( 'NONE',  ( -66.50227032675030614, 19.94874823311029033, -5.169263180476723285 ) ) ;
#3334 = ADVANCED_FACE ( 'NONE', ( #560 ), #2704, .T. ) ;
#3335 = DIRECTION ( 'NONE',  ( -0.7958584843897060779, -0.6054826775597464961, 0.000000000000000000 ) ) ;
#3336 = VERTEX_POINT ( 'NONE', #2761 ) ;
#3337 = ORIENTED_EDGE ( 'NONE', *, *, #662, .F. ) ;
#3338 = AXIS2_PLACEMENT_3D ( 'NONE', #582, #1743, #1769 ) ;
#3339 = CARTESIAN_POINT ( 'NONE',  ( 52.62323900079657335, 30.50780265547713910, -4.172945469127527396 ) ) ;
#3340 = CARTESIAN_POINT ( 'NONE',  ( -8.749373735178888722, 44.03916554061597566, -12.08261383875827377 ) ) ;
#3341 = CARTESIAN_POINT ( 'NONE',  ( -77.61800386940117846, 8.306742142386855932, -4.971951506579811664 ) ) ;
#3342 = CARTESIAN_POINT ( 'NONE',  ( 61.52437781778502313, 35.67268399604729723, -6.190928029266549615 ) ) ;
#3343 = CARTESIAN_POINT ( 'NONE',  ( -52.51210279002400938, 30.59235418290697694, -5.988408278183681155 ) ) ;
#3344 = VERTEX_POINT ( 'NONE', #2151 ) ;
#3345 = CARTESIAN_POINT ( 'NONE',  ( 69.72634317684405403, 11.52750200230243394, -18.54743125403243553 ) ) ;
#3346 = CARTESIAN_POINT ( 'NONE',  ( -86.51214188563110952, 27.72971669089998414, -5.826679285739192693 ) ) ;
#3347 = LINE ( 'NONE', #2490, #28 ) ;
#3348 = EDGE_CURVE ( 'NONE', #1416, #188, #1255, .T. ) ;
#3349 = ORIENTED_EDGE ( 'NONE', *, *, #327, .F. ) ;
#3350 = CARTESIAN_POINT ( 'NONE',  ( -53.47287015804157306, 23.89301239906223984, -11.54719355638028944 ) ) ;
#3351 = VECTOR ( 'NONE', #3255, 1000.000000000000000 ) ;
#3352 = AXIS2_PLACEMENT_3D ( 'NONE', #3517, #851, #1763 ) ;
#3353 = ORIENTED_EDGE ( 'NONE', *, *, #2140, .T. ) ;
#3354 = CARTESIAN_POINT ( 'NONE',  ( 52.00260719751942418, 39.74137928600995195, -4.942770012152720938 ) ) ;
#3355 = DIRECTION ( 'NONE',  ( 3.234202562487237496E-17, 2.628696496404745679E-17, -1.000000000000000000 ) ) ;
#3356 = CARTESIAN_POINT ( 'NONE',  ( 8.823591597214193172, 46.04532755835767688, -11.17697898023482317 ) ) ;
#3357 = VERTEX_POINT ( 'NONE', #2410 ) ;
#3358 = ORIENTED_EDGE ( 'NONE', *, *, #2149, .F. ) ;
#3359 = EDGE_CURVE ( 'NONE', #3104, #2251, #2200, .T. ) ;
#3360 = VERTEX_POINT ( 'NONE', #2129 ) ;
#3361 = CARTESIAN_POINT ( 'NONE',  ( 8.960892751645022969, 44.01202902671972339, -9.003708603230936802 ) ) ;
#3362 = CARTESIAN_POINT ( 'NONE',  ( 46.13689407885004101, 29.47416347813698678, -9.288779410278245052 ) ) ;
#3363 = PLANE ( 'NONE',  #677 ) ;
#3364 = CARTESIAN_POINT ( 'NONE',  ( -66.50227032675030614, 19.94874823311029033, -5.169263180476723285 ) ) ;
#3365 = ORIENTED_EDGE ( 'NONE', *, *, #1621, .T. ) ;
#3366 = B_SPLINE_CURVE_WITH_KNOTS ( 'NONE', 3,
 ( #445, #2239, #205, #1057, #774, #2221, #1367, #735, #1094, #3680 ),
 .UNSPECIFIED., .F., .F.,
 ( 4, 2, 2, 2, 4 ),
 ( 0.000000000000000000, 0.002548892708917287371, 0.005097785417834574742, 0.007646678126751862113, 0.01019557083566914948 ),
 .UNSPECIFIED. ) ;
#3367 = CARTESIAN_POINT ( 'NONE',  ( 7.624557896460127715, 46.18249817533492063, -12.24170233829025989 ) ) ;
#3368 = EDGE_CURVE ( 'NONE', #2525, #1744, #746, .T. ) ;
#3369 = CARTESIAN_POINT ( 'NONE',  ( -76.10020839624793609, 6.678317059066980477, -5.016044951008206354 ) ) ;
#3370 = ADVANCED_FACE ( 'NONE', ( #1905 ), #3253, .F. ) ;
#3371 = DIRECTION ( 'NONE',  ( 0.7958510202638119369, 0.6054769989133256258, 0.004330973558233052779 ) ) ;
#3372 = B_SPLINE_CURVE_WITH_KNOTS ( 'NONE', 3,
 ( #338, #1428, #3744, #2945, #1159, #1463 ),
 .UNSPECIFIED., .F., .F.,
 ( 4, 1, 1, 4 ),
 ( 0.2646525059078549957, 0.2769215387683119367, 0.3922211312573552489, 0.4318750453804806599 ),
 .UNSPECIFIED. ) ;
#3373 = CARTESIAN_POINT ( 'NONE',  ( -60.72717784132046148, 41.15113855057281000, -6.006437727923556125 ) ) ;
#3374 = EDGE_LOOP ( 'NONE', ( #1772, #1337, #3639, #3692 ) ) ;
#3375 = CARTESIAN_POINT ( 'NONE',  ( 74.00105478300815776, 36.93001236544535715, -6.558032306889410634 ) ) ;
#3376 = CARTESIAN_POINT ( 'NONE',  ( 49.06418624350169466, 33.21550111610961409, -3.437201879481158961 ) ) ;
#3377 = CARTESIAN_POINT ( 'NONE',  ( 8.898509772917741145, 46.03598417639059193, -8.861258610062110463 ) ) ;
#3378 = VERTEX_POINT ( 'NONE', #685 ) ;
#3379 = ORIENTED_EDGE ( 'NONE', *, *, #3567, .F. ) ;
#3380 = EDGE_CURVE ( 'NONE', #188, #2758, #616, .T. ) ;
#3381 = ORIENTED_EDGE ( 'NONE', *, *, #2697, .F. ) ;
#3382 = EDGE_CURVE ( 'NONE', #1369, #1943, #3407, .T. ) ;
#3383 = CARTESIAN_POINT ( 'NONE',  ( 7.171775461371373339, 44.21867300996544969, -7.493084500788150137 ) ) ;
#3384 = EDGE_CURVE ( 'NONE', #984, #2320, #1835, .T. ) ;
#3385 = SURFACE_STYLE_USAGE ( .BOTH. , #2482 ) ;
#3386 = EDGE_CURVE ( 'NONE', #1343, #1945, #981, .T. ) ;
#3387 = LINE ( 'NONE', #2792, #1589 ) ;
#3388 = CARTESIAN_POINT ( 'NONE',  ( -78.65130378179202353, 5.301950297768155629, -9.450464504283040412 ) ) ;
#3389 = ORIENTED_EDGE ( 'NONE', *, *, #476, .F. ) ;
#3390 = DIRECTION ( 'NONE',  ( -0.6054826775597471622, -0.7958584843897056338, 0.000000000000000000 ) ) ;
#3391 = CARTESIAN_POINT ( 'NONE',  ( 77.73441613629887570, 24.30816098162253525, -9.413718632257788599 ) ) ;
#3392 = FACE_OUTER_BOUND ( 'NONE', #3192, .T. ) ;
#3393 = AXIS2_PLACEMENT_3D ( 'NONE', #54, #3502, #2890 ) ;
#3394 = CARTESIAN_POINT ( 'NONE',  ( -49.60625928637593773, 32.80309634331458568, -3.911185217743195164 ) ) ;
#3395 = VECTOR ( 'NONE', #1434, 1000.000000000000227 ) ;
#3396 = CARTESIAN_POINT ( 'NONE',  ( 53.43950171467062660, 21.40538925450257679, -8.144029192843198928 ) ) ;
#3397 = CARTESIAN_POINT ( 'NONE',  ( 8.464709461454535955, 46.08853834382807690, -11.65525795314870372 ) ) ;
#3398 = ORIENTED_EDGE ( 'NONE', *, *, #2144, .F. ) ;
#3399 = ORIENTED_EDGE ( 'NONE', *, *, #281, .T. ) ;
#3400 = B_SPLINE_CURVE_WITH_KNOTS ( 'NONE', 3,
 ( #237, #3143, #538, #1148, #2847, #2609 ),
 .UNSPECIFIED., .F., .F.,
 ( 4, 2, 4 ),
 ( 0.000000000000000000, 0.004054780090621986494, 0.008109560181243972987 ),
 .UNSPECIFIED. ) ;
#3401 = ORIENTED_EDGE ( 'NONE', *, *, #284, .T. ) ;
#3402 = CARTESIAN_POINT ( 'NONE',  ( 8.217509638066148980, 44.10409880676639460, -7.992856663320637267 ) ) ;
#3403 = CYLINDRICAL_SURFACE ( 'NONE', #2780, 2.944999999999986073 ) ;
#3404 = CARTESIAN_POINT ( 'NONE',  ( 41.01488065261357718, 30.85794014875905233, -16.25243526347868794 ) ) ;
#3405 = CARTESIAN_POINT ( 'NONE',  ( -74.25201183978268205, 5.216461660174802617, -12.84654078410795286 ) ) ;
#3406 = VERTEX_POINT ( 'NONE', #1270 ) ;
#3407 = B_SPLINE_CURVE_WITH_KNOTS ( 'NONE', 3,
 ( #2650, #1778, #155, #726, #1575, #2453, #2741, #47, #967, #3289, #133, #2171, #1840, #3003, #3331, #396, #1558, #2494, #3655, #764, #1047, #2211, #3375, #681, #1856, #352, #1001, #1805, #2960, #2714, #430, #3569, #370, #2428, #719, #2404, #3607, #1879, #2755, #645, #389, #963, #1535, #3552, #148, #2997, #3017, #3539, #2164, #927 ),
 .UNSPECIFIED., .F., .F.,
 ( 4, 2, 2, 2, 2, 2, 2, 2, 2, 2, 2, 2, 2, 2, 2, 2, 2, 2, 2, 2, 2, 2, 2, 2, 4 ),
 ( 0.000000000000000000, 0.003260472204758757628, 0.004890708307138121914, 0.005705826358327798636, 0.006520944409517476226, 0.009781416614276151889, 0.01304188881903482408, 0.01467212492141417059, 0.01630236102379351709, 0.01956283322855217194, 0.02282330543331082678, 0.02608377763806947816, 0.02771401374044881946, 0.02934424984282816076, 0.03260472204758683296, 0.03586519425234550168, 0.03749543035472484298, 0.03912566645710418428, 0.04238613866186287382, 0.04320125671305254794, 0.04401637476424222206, 0.04564661086662157030, 0.04727684696900091854, 0.04890708307138026678, 0.05216755527613896326 ),
 .UNSPECIFIED. ) ;
#3408 = CARTESIAN_POINT ( 'NONE',  ( 7.373442436979042114, 46.20894043935161477, -12.34592822266031575 ) ) ;
#3409 = EDGE_CURVE ( 'NONE', #414, #3646, #1848, .T. ) ;
#3410 = DIRECTION ( 'NONE',  ( -0.6054826775597461630, -0.7958584843897062999, 3.758525927527592285E-16 ) ) ;
#3411 = CARTESIAN_POINT ( 'NONE',  ( -7.627126957148423259, 44.17066979626789447, -7.442784576632174520 ) ) ;
#3412 = CYLINDRICAL_SURFACE ( 'NONE', #44, 2.945000000000000284 ) ;
#3413 = CARTESIAN_POINT ( 'NONE',  ( -75.69588530708908536, 35.64059905408679896, -6.835889932340383446 ) ) ;
#3414 = DIRECTION ( 'NONE',  ( -0.5815903076701762764, 0.8134818461552230096, 0.000000000000000000 ) ) ;
#3415 = EDGE_CURVE ( 'NONE', #1052, #1694, #1249, .T. ) ;
#3416 = VERTEX_POINT ( 'NONE', #659 ) ;
#3417 = ORIENTED_EDGE ( 'NONE', *, *, #654, .T. ) ;
#3418 = ORIENTED_EDGE ( 'NONE', *, *, #783, .F. ) ;
#3419 = CARTESIAN_POINT ( 'NONE',  ( -75.97711260634255837, 6.771967337263594011, -9.281524435854208832 ) ) ;
#3420 = VECTOR ( 'NONE', #3563, 1000.000000000000000 ) ;
#3421 = CARTESIAN_POINT ( 'NONE',  ( -7.624320937644641916, 44.17096731062720494, -12.44173441421860282 ) ) ;
#3422 = CARTESIAN_POINT ( 'NONE',  ( 96.01215696136510758, 20.19329666779229626, 1.301042606982605321E-15 ) ) ;
#3423 = DIRECTION ( 'NONE',  ( 0.7956919983549468611, -0.6053560163353216561, 0.02045329412443977826 ) ) ;
#3424 = ORIENTED_EDGE ( 'NONE', *, *, #3171, .T. ) ;
#3425 = DIRECTION ( 'NONE',  ( -0.7958584843897053007, -0.6054826775597477173, 0.000000000000000000 ) ) ;
#3426 = DIRECTION ( 'NONE',  ( 0.6054826775597461630, 0.7958584843897062999, -3.758525927527592285E-16 ) ) ;
#3427 = EDGE_CURVE ( 'NONE', #3711, #2963, #106, .T. ) ;
#3428 = PLANE ( 'NONE',  #537 ) ;
#3429 = CARTESIAN_POINT ( 'NONE',  ( -67.94234917649977490, 31.26741528113986135, -6.809618174829221715 ) ) ;
#3430 = CARTESIAN_POINT ( 'NONE',  ( -74.39723558615048660, 36.62940913799012321, -6.836185353437782553 ) ) ;
#3431 = CARTESIAN_POINT ( 'NONE',  ( -85.34973997364272691, 25.40159152883024163, -12.47904163776225417 ) ) ;
#3432 = ORIENTED_EDGE ( 'NONE', *, *, #873, .F. ) ;
#3433 = VERTEX_POINT ( 'NONE', #3588 ) ;
#3434 = CARTESIAN_POINT ( 'NONE',  ( 55.77229238096744268, 28.11202839434508149, -6.190928029266546062 ) ) ;
#3435 = AXIS2_PLACEMENT_3D ( 'NONE', #3764, #1395, #3117 ) ;
#3436 = AXIS2_PLACEMENT_3D ( 'NONE', #2371, #1200, #2911 ) ;
#3437 = ORIENTED_EDGE ( 'NONE', *, *, #1034, .T. ) ;
#3438 = CARTESIAN_POINT ( 'NONE',  ( -62.36035840419178555, 35.51414857006444947, -3.053506165967640573 ) ) ;
#3439 = CARTESIAN_POINT ( 'NONE',  ( 74.71275224901773981, 5.220872852930130037, -12.26617127907424454 ) ) ;
#3440 = CARTESIAN_POINT ( 'NONE',  ( -82.99073007293199566, 16.80470420671552034, -9.426246120482849378 ) ) ;
#3441 = ORIENTED_EDGE ( 'NONE', *, *, #2913, .T. ) ;
#3442 = CARTESIAN_POINT ( 'NONE',  ( 59.32252504956131389, 21.23316174968219627, -6.542536774656122489 ) ) ;
#3443 = CARTESIAN_POINT ( 'NONE',  ( 8.403071228992077479, 44.08170745723584361, -11.71826676942881384 ) ) ;
#3444 = DIRECTION ( 'NONE',  ( 0.6054826775597472732, 0.7958584843897056338, 0.000000000000000000 ) ) ;
#3445 = CARTESIAN_POINT ( 'NONE',  ( -78.29170707561570453, 2.515401618454519816, -7.526007980735455405 ) ) ;
#3446 = CARTESIAN_POINT ( 'NONE',  ( -59.06532410214589390, 19.63831881393014100, -12.26775200118630060 ) ) ;
#3447 = CARTESIAN_POINT ( 'NONE',  ( -57.83693853251883610, 20.57286458853968725, -5.180594587875845924 ) ) ;
#3448 = CARTESIAN_POINT ( 'NONE',  ( -76.10058982251753434, 6.678026873055848078, -4.905386357938449571 ) ) ;
#3449 = ORIENTED_EDGE ( 'NONE', *, *, #1226, .F. ) ;
#3450 = ORIENTED_EDGE ( 'NONE', *, *, #593, .T. ) ;
#3451 = AXIS2_PLACEMENT_3D ( 'NONE', #2733, #2100, #3266 ) ;
#3452 = DIRECTION ( 'NONE',  ( 0.7958510202638110487, 0.6054769989133268471, 0.004330973558233296508 ) ) ;
#3453 = ORIENTED_EDGE ( 'NONE', *, *, #2897, .T. ) ;
#3454 = CARTESIAN_POINT ( 'NONE',  ( -75.19432046726201690, 36.32383035791039561, -12.36012847007123838 ) ) ;
#3455 = DIRECTION ( 'NONE',  ( -2.942091015256663649E-15, 1.000000000000000000, 2.628696496404735818E-17 ) ) ;
#3456 = FACE_OUTER_BOUND ( 'NONE', #439, .T. ) ;
#3457 = ORIENTED_EDGE ( 'NONE', *, *, #2336, .T. ) ;
#3458 = LINE ( 'NONE', #525, #813 ) ;
#3459 = FACE_OUTER_BOUND ( 'NONE', #1437, .T. ) ;
#3460 = ADVANCED_FACE ( 'NONE', ( #1591 ), #2675, .F. ) ;
#3461 = CARTESIAN_POINT ( 'NONE',  ( -52.50941135186327102, 30.59440180722212332, -6.769242735916260578 ) ) ;
#3462 = CARTESIAN_POINT ( 'NONE',  ( -73.82472569332780665, 5.938009285476025134, -13.30999156601337496 ) ) ;
#3463 = CARTESIAN_POINT ( 'NONE',  ( -73.41234632250782965, 8.723220716238429873, -10.18419279866820304 ) ) ;
#3464 = CARTESIAN_POINT ( 'NONE',  ( 0.3590050757018015126, -22.58095202332093976, -2.602085213965210642E-15 ) ) ;
#3465 = CARTESIAN_POINT ( 'NONE',  ( -65.10615397332492194, 15.04250446147125331, -8.309396687639146961 ) ) ;
#3466 = ORIENTED_EDGE ( 'NONE', *, *, #2658, .F. ) ;
#3467 = DIRECTION ( 'NONE',  ( 0.7958510202638121589, 0.6054769989133256258, 0.004330973558233052779 ) ) ;
#3468 = VERTEX_POINT ( 'NONE', #2145 ) ;
#3469 = CARTESIAN_POINT ( 'NONE',  ( -64.49838779367424024, 44.46120915229350601, -10.88966353461748682 ) ) ;
#3470 = EDGE_CURVE ( 'NONE', #1944, #757, #88, .T. ) ;
#3471 = LINE ( 'NONE', #239, #2679 ) ;
#3472 = VECTOR ( 'NONE', #1831, 1000.000000000000227 ) ;
#3473 = CARTESIAN_POINT ( 'NONE',  ( -67.31098924984524956, 40.29091898519430970, -11.71722715992610375 ) ) ;
#3474 = ORIENTED_EDGE ( 'NONE', *, *, #2858, .F. ) ;
#3475 = AXIS2_PLACEMENT_3D ( 'NONE', #3145, #540, #1699 ) ;
#3476 = FACE_OUTER_BOUND ( 'NONE', #536, .T. ) ;
#3477 = CARTESIAN_POINT ( 'NONE',  ( 6.643688332631084492, 44.27051147497957118, -12.44215119058929986 ) ) ;
#3478 = DIRECTION ( 'NONE',  ( 0.6054826775597461630, 0.7958584843897062999, -3.758525927527592285E-16 ) ) ;
#3479 = CARTESIAN_POINT ( 'NONE',  ( -81.57517145590666985, -5.204170427930421283E-15, -4.770489558936219510E-15 ) ) ;
#3480 = FACE_OUTER_BOUND ( 'NONE', #200, .T. ) ;
#3481 = EDGE_CURVE ( 'NONE', #2619, #2056, #3215, .T. ) ;
#3482 = CYLINDRICAL_SURFACE ( 'NONE', #899, 2.944999999999992735 ) ;
#3483 = DIRECTION ( 'NONE',  ( -0.6054826775597461630, -0.7958584843897062999, 3.758525927527592285E-16 ) ) ;
#3484 = CYLINDRICAL_SURFACE ( 'NONE', #329, 67.14622413438100068 ) ;
#3485 = ORIENTED_EDGE ( 'NONE', *, *, #2584, .F. ) ;
#3486 = CARTESIAN_POINT ( 'NONE',  ( 80.04419716509960381, 11.10081262217181752, -4.733840573314769706 ) ) ;
#3487 = ORIENTED_EDGE ( 'NONE', *, *, #3581, .T. ) ;
#3488 = CARTESIAN_POINT ( 'NONE',  ( -47.17354367052568875, 28.68548887986391804, -9.933156919729299261 ) ) ;
#3489 = B_SPLINE_CURVE_WITH_KNOTS ( 'NONE', 3,
 ( #3544, #1222, #2435, #1560, #3026, #358, #951, #631, #3005, #94, #708, #2682, #2986, #2949, #1823, #1867, #1276, #2722, #932, #398, #3595, #1490, #2153, #650, #2091, #114, #2648, #912, #1796, #2076, #77, #3237, #342, #2665, #60, #2412, #2392, #377, #2378, #3557, #2110, #666, #1541, #1257 ),
 .UNSPECIFIED., .F., .F.,
 ( 4, 2, 2, 2, 2, 2, 2, 2, 2, 2, 2, 2, 2, 2, 2, 2, 2, 2, 2, 2, 2, 4 ),
 ( 0.000000000000000000, 0.003133148273886129150, 0.004699722410829203049, 0.006266296547772276515, 0.009399444821658409568, 0.01096601895860148737, 0.01253259309554456344, 0.01566574136943067394, 0.01879888964331679138, 0.02193203791720290188, 0.02506518619108900892, 0.02819833446497512636, 0.03133148273886123686, 0.03446463101274734736, 0.03759777928663345786, 0.03916435342357652005, 0.04073092756051957530, 0.04229750169746263749, 0.04386407583440569968, 0.04699722410829180325, 0.04856379824523485850, 0.05013037238217792069 ),
 .UNSPECIFIED. ) ;
#3490 = ADVANCED_FACE ( 'NONE', ( #3702 ), #2244, .F. ) ;
#3491 = EDGE_CURVE ( 'NONE', #1978, #2474, #3628, .T. ) ;
#3492 = CARTESIAN_POINT ( 'NONE',  ( -75.27171462304018235, 25.21382169649695371, -6.605471635584700962 ) ) ;
#3493 = CARTESIAN_POINT ( 'NONE',  ( -78.51802107863444746, 32.93472352209789733, -12.10031847868528310 ) ) ;
#3494 = ORIENTED_EDGE ( 'NONE', *, *, #1794, .F. ) ;
#3495 = FACE_OUTER_BOUND ( 'NONE', #788, .T. ) ;
#3496 = EDGE_CURVE ( 'NONE', #2023, #3468, #1310, .T. ) ;
#3497 = CARTESIAN_POINT ( 'NONE',  ( 8.404527143992506666, 44.08153178185187926, -11.71682796872747190 ) ) ;
#3498 = CARTESIAN_POINT ( 'NONE',  ( 61.83517711697544428, 15.01802752849398459, -9.557505289952594296 ) ) ;
#3499 = B_SPLINE_SURFACE_WITH_KNOTS ( 'NONE', 3, 1, ( 
 ( #3419, #1698 ),
 ( #808, #294 ),
 ( #1092, #2308 ),
 ( #1997, #1680 ),
 ( #2575, #2866 ),
 ( #1401, #559 ),
 ( #2555, #575 ),
 ( #2252, #3732 ),
 ( #1717, #3454 ),
 ( #845, #1735 ),
 ( #1451, #2018 ),
 ( #256, #1961 ),
 ( #3712, #3469 ),
 ( #1419, #861 ),
 ( #3488, #1110 ),
 ( #3159, #3178 ),
 ( #2270, #2882 ) ),
 .UNSPECIFIED., .F., .F., .F.,
 ( 4, 1, 1, 1, 1, 1, 1, 1, 1, 1, 1, 1, 1, 1, 4 ),
 ( 2, 2 ),
 ( 0.04872963789667100060, 0.07604481559073196506, 0.1033599932847929365, 0.1579903486729148654, 0.2126207040610367804, 0.2672510594491587232, 0.3765117702254026089, 0.4857724810016464945, 0.5950331917778903801, 0.7042939025541342657, 0.7589242579422561530, 0.8135546133303781513, 0.8681849687185001496, 0.8955001464125611488, 0.9228153241066220369 ),
 ( 0.000000000000000000, 1.000000000000000000 ),
 .UNSPECIFIED. ) ;
#3500 = CYLINDRICAL_SURFACE ( 'NONE', #1265, 2.945000000000000284 ) ;
#3501 = ORIENTED_EDGE ( 'NONE', *, *, #1891, .F. ) ;
#3502 = DIRECTION ( 'NONE',  ( 3.234202562487237496E-17, 2.628696496404745679E-17, -1.000000000000000000 ) ) ;
#3503 = DIRECTION ( 'NONE',  ( 0.6054826775597471622, 0.7958584843897056338, 4.050324036854581322E-17 ) ) ;
#3504 = CARTESIAN_POINT ( 'NONE',  ( -82.10910249565421282, 2.108454569978064352, -1.921981094663729239 ) ) ;
#3505 = ADVANCED_FACE ( 'NONE', ( #2185, #3684 ), #3221, .T. ) ;
#3506 = DIRECTION ( 'NONE',  ( 0.003446842051988320207, 0.002622329466478148276, -0.9999906212900387947 ) ) ;
#3507 = B_SPLINE_CURVE_WITH_KNOTS ( 'NONE', 3,
 ( #2086, #2946, #3504, #908, #945, #682, #2373, #339, #2104, #3234, #3268, #1250, #372, #3540, #1503, #2660, #891, #353, #1536, #1771, #1837, #1219, #391, #3252, #646, #2999 ),
 .UNSPECIFIED., .F., .F.,
 ( 4, 2, 2, 2, 2, 2, 2, 2, 2, 2, 2, 2, 4 ),
 ( 0.000000000000000000, 0.06249999999999980571, 0.1249999999999996114, 0.1874999999999994171, 0.2499999999999992228, 0.3124999999999991118, 0.3749999999999990563, 0.4999999999999995559, 0.6250000000000000000, 0.7500000000000005551, 0.8750000000000007772, 0.9375000000000004441, 1.000000000000000000 ),
 .UNSPECIFIED. ) ;
#3508 = PLANE ( 'NONE',  #3609 ) ;
#3509 = ORIENTED_EDGE ( 'NONE', *, *, #948, .F. ) ;
#3510 = CIRCLE ( 'NONE', #2291, 2.944999999999991847 ) ;
#3511 = CARTESIAN_POINT ( 'NONE',  ( 66.32261542220139461, 43.07335157376081014, -11.11911894153329250 ) ) ;
#3512 = CARTESIAN_POINT ( 'NONE',  ( -50.59693474463148988, 27.87152005677539890, -6.002193350244349190 ) ) ;
#3513 = CARTESIAN_POINT ( 'NONE',  ( -71.15449362413745860, 38.67743278412114449, -12.16570205116001269 ) ) ;
#3514 = ORIENTED_EDGE ( 'NONE', *, *, #1511, .T. ) ;
#3515 = CARTESIAN_POINT ( 'NONE',  ( 65.08490131257066480, 16.84919264302734732, -4.820886811921825554 ) ) ;
#3516 = CARTESIAN_POINT ( 'NONE',  ( -8.490940144936775624, 46.08544619699459588, -7.666885661285897768 ) ) ;
#3517 = CARTESIAN_POINT ( 'NONE',  ( -7.454491436167478113, 57.03325238500557504, -7.442151190589300747 ) ) ;
#3518 = DIRECTION ( 'NONE',  ( -0.7958510202638121589, -0.6054769989133255148, -0.004330973558233052779 ) ) ;
#3519 = ORIENTED_EDGE ( 'NONE', *, *, #1631, .T. ) ;
#3520 = CARTESIAN_POINT ( 'NONE',  ( 46.42965108487043580, 30.38493509019195216, -5.009085012333940767 ) ) ;
#3521 = EDGE_CURVE ( 'NONE', #2794, #613, #171, .T. ) ;
#3522 = DIRECTION ( 'NONE',  ( -0.8134818461552225655, 0.5815903076701767205, 0.000000000000000000 ) ) ;
#3523 = PLANE ( 'NONE',  #3729 ) ;
#3524 = ORIENTED_EDGE ( 'NONE', *, *, #1233, .T. ) ;
#3525 = CARTESIAN_POINT ( 'NONE',  ( -58.10381518094678199, 29.91926342480480017, -3.053506165967630803 ) ) ;
#3526 = EDGE_LOOP ( 'NONE', ( #2737, #1205, #2196, #1721 ) ) ;
#3527 = CARTESIAN_POINT ( 'NONE',  ( 73.78766220196244774, 26.82034855853430955, -11.77571752992402487 ) ) ;
#3528 = FACE_OUTER_BOUND ( 'NONE', #2359, .T. ) ;
#3529 = CARTESIAN_POINT ( 'NONE',  ( -75.85078440355852081, 6.868076808951460777, -3.431745765502308476 ) ) ;
#3530 = CARTESIAN_POINT ( 'NONE',  ( -9.236001428696779314, 45.99309078506551884, -8.188226221116808645 ) ) ;
#3531 = LINE ( 'NONE', #2382, #3652 ) ;
#3532 = AXIS2_PLACEMENT_3D ( 'NONE', #1033, #234, #3318 ) ;
#3533 = VECTOR ( 'NONE', #881, 1000.000000000000000 ) ;
#3534 = CARTESIAN_POINT ( 'NONE',  ( -9.452339866118533607, 43.94684633349994130, -8.430390536184255268 ) ) ;
#3535 = ORIENTED_EDGE ( 'NONE', *, *, #2547, .T. ) ;
#3536 = CARTESIAN_POINT ( 'NONE',  ( -42.22584600773350871, 32.44965711753841475, -2.602085213965210642E-15 ) ) ;
#3537 = EDGE_CURVE ( 'NONE', #1430, #3660, #2353, .T. ) ;
#3538 = CARTESIAN_POINT ( 'NONE',  ( -67.94234917649977490, 31.26741528113986135, -6.809618174829221715 ) ) ;
#3539 = CARTESIAN_POINT ( 'NONE',  ( 82.42672643834194446, 15.39452949194832954, -4.844071109284462828 ) ) ;
#3540 = CARTESIAN_POINT ( 'NONE',  ( -76.82238397768490756, 6.162921940826188383, -11.16839553845014876 ) ) ;
#3541 = ORIENTED_EDGE ( 'NONE', *, *, #783, .T. ) ;
#3542 = LINE ( 'NONE', #2016, #3351 ) ;
#3543 = ORIENTED_EDGE ( 'NONE', *, *, #2068, .T. ) ;
#3544 = CARTESIAN_POINT ( 'NONE',  ( 52.30914690208628315, 37.58709545658513917, -9.288779410278248605 ) ) ;
#3545 = CARTESIAN_POINT ( 'NONE',  ( 50.43336965433741881, 26.20543972065761906, -10.63983958079149694 ) ) ;
#3546 = CARTESIAN_POINT ( 'NONE',  ( -51.76128506386888972, 37.26042359720243269, -9.550264201806527353 ) ) ;
#3547 = CARTESIAN_POINT ( 'NONE',  ( -8.523910954321570088, 46.08154171740099514, -7.682302473913585672 ) ) ;
#3548 = CARTESIAN_POINT ( 'NONE',  ( 75.76382334763859205, 6.934236074717655463, -9.085199741566581721 ) ) ;
#3549 = CARTESIAN_POINT ( 'NONE',  ( -57.85435874702637449, 18.04660184515069687, -5.204170427930421283E-15 ) ) ;
#3550 = EDGE_LOOP ( 'NONE', ( #2574, #1603, #3028, #2800 ) ) ;
#3551 = CARTESIAN_POINT ( 'NONE',  ( -79.94371107031039969, 11.24099383008223718, -9.148688271812376982 ) ) ;
#3552 = CARTESIAN_POINT ( 'NONE',  ( 83.41437594711361214, 19.09546329119413244, -5.062724090666249843 ) ) ;
#3553 = CARTESIAN_POINT ( 'NONE',  ( -50.49618144897711858, 27.94817234662634675, -6.769242735916255249 ) ) ;
#3554 = ORIENTED_EDGE ( 'NONE', *, *, #3481, .F. ) ;
#3555 = CARTESIAN_POINT ( 'NONE',  ( 47.36889711893098820, 28.53686556135723862, -3.705907963760454393 ) ) ;
#3556 = EDGE_LOOP ( 'NONE', ( #2536, #1389, #1897, #1397 ) ) ;
#3557 = CARTESIAN_POINT ( 'NONE',  ( 82.95590412138598424, 16.71361820371522100, -9.136767732764750960 ) ) ;
#3558 = CARTESIAN_POINT ( 'NONE',  ( -50.59693474463148988, 27.87152005677539890, -6.002193350244349190 ) ) ;
#3559 = CARTESIAN_POINT ( 'NONE',  ( -42.22584600773352292, 32.44965711753844317, -20.00000000000000355 ) ) ;
#3560 = CARTESIAN_POINT ( 'NONE',  ( -9.131765054426487893, 46.00656013951365253, -8.084081301647913165 ) ) ;
#3561 = CARTESIAN_POINT ( 'NONE',  ( -9.161201310415133747, 46.00275920366819804, -11.76901324279989858 ) ) ;
#3562 = VECTOR ( 'NONE', #1930, 1000.000000000000000 ) ;
#3563 = DIRECTION ( 'NONE',  ( 8.102374361543311308E-19, -1.064992215024941808E-18, 1.000000000000000000 ) ) ;
#3564 = CYLINDRICAL_SURFACE ( 'NONE', #614, 69.14622413438098647 ) ;
#3565 = ORIENTED_EDGE ( 'NONE', *, *, #270, .F. ) ;
#3566 = CARTESIAN_POINT ( 'NONE',  ( -9.816125046349581496, 45.91553670456414693, -9.120106592435723414 ) ) ;
#3567 = EDGE_CURVE ( 'NONE', #1106, #1231, #3648, .T. ) ;
#3568 = EDGE_CURVE ( 'NONE', #1889, #1481, #1392, .T. ) ;
#3569 = CARTESIAN_POINT ( 'NONE',  ( 81.58213542193851708, 28.56350589720666022, -5.950651901759578699 ) ) ;
#3570 = CARTESIAN_POINT ( 'NONE',  ( 76.54360564247078003, 6.970900093163765021, -4.778605185329587890 ) ) ;
#3571 = ORIENTED_EDGE ( 'NONE', *, *, #2026, .T. ) ;
#3572 = CARTESIAN_POINT ( 'NONE',  ( 71.27474355584098475, 10.34949155723133174, -4.031597950880467351 ) ) ;
#3573 = EDGE_LOOP ( 'NONE', ( #3453, #725, #2327, #2690, #2142, #1679, #3309, #812, #2215, #1738, #2896, #1594 ) ) ;
#3574 = CARTESIAN_POINT ( 'NONE',  ( -50.49887288713786404, 27.94612472231120037, -5.988408278183676714 ) ) ;
#3575 = CARTESIAN_POINT ( 'NONE',  ( -64.30190508420156448, 40.99530525834395434, -11.25623084025959564 ) ) ;
#3576 = LINE ( 'NONE', #2567, #3322 ) ;
#3577 = CARTESIAN_POINT ( 'NONE',  ( 60.09032341748055472, 47.81482876395030956, -9.288779410278253934 ) ) ;
#3578 = ORIENTED_EDGE ( 'NONE', *, *, #380, .T. ) ;
#3579 = APPLICATION_CONTEXT ( 'automotive_design' ) ;
#3580 = LINE ( 'NONE', #2094, #1315 ) ;
#3581 = EDGE_CURVE ( 'NONE', #1364, #1882, #1919, .T. ) ;
#3582 = CARTESIAN_POINT ( 'NONE',  ( -7.512633893237245175, 46.19425661543341732, -7.442151190589304299 ) ) ;
#3583 = CARTESIAN_POINT ( 'NONE',  ( -9.754891843198642221, 45.92395869269541464, -10.92123136577796316 ) ) ;
#3584 = CARTESIAN_POINT ( 'NONE',  ( -9.683135795227439502, 43.91479712789958256, -8.808712959747490245 ) ) ;
#3585 = DIRECTION ( 'NONE',  ( 0.8134818461552230096, 0.5815903076701762764, 5.017550842994665461E-17 ) ) ;
#3586 = EDGE_LOOP ( 'NONE', ( #182, #737, #2210, #949 ) ) ;
#3587 = DIRECTION ( 'NONE',  ( 0.6054826775597450528, -0.7958584843897072991, 1.441121527667732691E-15 ) ) ;
#3588 = CARTESIAN_POINT ( 'NONE',  ( -59.07351035202972156, 19.63209078143935926, -9.892774275622516100 ) ) ;
#3589 = DIRECTION ( 'NONE',  ( 0.01627792760896629512, -0.01238411525053854934, -0.9997908095007768114 ) ) ;
#3590 = COLOUR_RGB ( '',0.7921568627450980005, 0.8196078431372548767, 0.9333333333333333481 ) ;
#3591 = VERTEX_POINT ( 'NONE', #2796 ) ;
#3592 = LINE ( 'NONE', #1273, #1968 ) ;
#3593 = CARTESIAN_POINT ( 'NONE',  ( 52.12616974363215405, 39.64737390347789159, -12.53198533255794800 ) ) ;
#3594 = CARTESIAN_POINT ( 'NONE',  ( -52.15879608678744006, 37.60755489315449296, -9.577010864028681070 ) ) ;
#3595 = CARTESIAN_POINT ( 'NONE',  ( 74.28949532804747946, 36.71945061542577804, -12.03451373908421473 ) ) ;
#3596 = CARTESIAN_POINT ( 'NONE',  ( 9.128553187010082226, 46.00698519138101261, -10.26206928450583611 ) ) ;
#3597 = ORIENTED_EDGE ( 'NONE', *, *, #1360, .T. ) ;
#3598 = B_SPLINE_CURVE_WITH_KNOTS ( 'NONE', 3,
 ( #139, #772, #1913, #2770, #443, #2790, #121, #1931, #2728, #3601, #483, #422, #995, #2462, #2503, #3317, #2810, #3621, #1873, #463, #1366, #1032, #1584, #185, #1893, #3340, #2749, #1304, #1346, #733, #1607, #1056, #2522, #2220, #3679, #2138, #3421, #1383, #1093 ),
 .UNSPECIFIED., .F., .F.,
 ( 4, 2, 2, 1, 1, 2, 2, 2, 2, 1, 1, 1, 2, 2, 2, 2, 2, 1, 1, 2, 2, 2, 4 ),
 ( 0.5001602250865411214, 0.5626401969507460743, 0.5938801828828489393, 0.6095001758489004828, 0.6173101723319264211, 0.6212151705734391127, 0.6251201688149518043, 0.6876001406791445447, 0.7188401266112410815, 0.7344601195772888502, 0.7422701160603130122, 0.7461751143018252597, 0.7481276134225813834, 0.7500801125433373961, 0.8125600844075002716, 0.8438000703395815982, 0.8594200633056228167, 0.8672300597886434259, 0.8711350580301541191, 0.8730875571509094657, 0.8750400562716648123, 0.9375200281358324617, 1.000000000000000000 ),
 .UNSPECIFIED. ) ;
#3599 = CARTESIAN_POINT ( 'NONE',  ( 6.847869527645634058, 44.25097758256647040, -7.445130224270197772 ) ) ;
#3600 = EDGE_CURVE ( 'NONE', #2851, #1934, #1063, .T. ) ;
#3601 = CARTESIAN_POINT ( 'NONE',  ( -9.771123116460101343, 43.90235260782205984, -10.88200668027342388 ) ) ;
#3602 = VECTOR ( 'NONE', #2243, 1000.000000000000000 ) ;
#3603 = CARTESIAN_POINT ( 'NONE',  ( -9.683225247020947890, 45.93377553093850452, -11.07541353244659454 ) ) ;
#3604 = SURFACE_SIDE_STYLE ('',( #1566 ) ) ;
#3605 = FACE_OUTER_BOUND ( 'NONE', #2416, .T. ) ;
#3606 = ORIENTED_EDGE ( 'NONE', *, *, #7, .F. ) ;
#3607 = CARTESIAN_POINT ( 'NONE',  ( 83.29302883638304422, 23.98322220627078494, -5.482819554356381353 ) ) ;
#3608 = CIRCLE ( 'NONE', #2217, 2.944999999999991847 ) ;
#3609 = AXIS2_PLACEMENT_3D ( 'NONE', #2054, #3217, #611 ) ;
#3610 = DIRECTION ( 'NONE',  ( -0.7958584843897056338, 0.6054826775597470512, -9.823373564553231562E-18 ) ) ;
#3611 = ORIENTED_EDGE ( 'NONE', *, *, #1871, .T. ) ;
#3612 = CARTESIAN_POINT ( 'NONE',  ( -67.74869293337349063, 19.00048002710136075, -6.727060491158226796 ) ) ;
#3613 = ORIENTED_EDGE ( 'NONE', *, *, #2823, .F. ) ;
#3614 = DIRECTION ( 'NONE',  ( 0.6054826775597450528, -0.7958584843897071881, 1.441115708636438561E-15 ) ) ;
#3615 = CARTESIAN_POINT ( 'NONE',  ( 0.000000000000000000, 46.56434013310622788, -8.673617379884035472E-16 ) ) ;
#3616 = DIRECTION ( 'NONE',  ( -0.01627792766701457658, 0.01238411529470120898, 0.9997908094992846717 ) ) ;
#3617 = CARTESIAN_POINT ( 'NONE',  ( 8.404663276132025018, 46.09560480839866159, -8.167609495174978917 ) ) ;
#3618 = VERTEX_POINT ( 'NONE', #2225 ) ;
#3619 = EDGE_LOOP ( 'NONE', ( #1923, #950, #911, #1701 ) ) ;
#3620 = DIRECTION ( 'NONE',  ( -0.7829734333979609939, 0.5956798353107775057, 0.1792153352733346361 ) ) ;
#3621 = CARTESIAN_POINT ( 'NONE',  ( -9.274229493421435322, 43.97079650747601676, -11.65661915998327736 ) ) ;
#3622 = CARTESIAN_POINT ( 'NONE',  ( -52.51210279002400938, 30.59235418290697694, -5.988408278183681155 ) ) ;
#3623 = DIRECTION ( 'NONE',  ( -0.1418342987313895298, 0.1079063836726510961, -0.9839914857690921224 ) ) ;
#3624 = DIRECTION ( 'NONE',  ( 0.6054826775597472732, 0.7958584843897057448, 4.050324036854581938E-17 ) ) ;
#3625 = ORIENTED_EDGE ( 'NONE', *, *, #539, .F. ) ;
#3626 = CARTESIAN_POINT ( 'NONE',  ( 76.46038581369153064, 6.404297002249474957, -11.57396472355947736 ) ) ;
#3627 = AXIS2_PLACEMENT_3D ( 'NONE', #603, #869, #337 ) ;
#3628 = LINE ( 'NONE', #3057, #13 ) ;
#3629 = DIRECTION ( 'NONE',  ( -0.7958510202638110487, -0.6054769989133268471, -0.004330973558233296508 ) ) ;
#3630 = ORIENTED_EDGE ( 'NONE', *, *, #672, .T. ) ;
#3631 = EDGE_CURVE ( 'NONE', #2233, #2015, #798, .T. ) ;
#3632 = CARTESIAN_POINT ( 'NONE',  ( -76.06996993012977271, 6.701322238743553150, -13.78876562244903781 ) ) ;
#3633 = ORIENTED_EDGE ( 'NONE', *, *, #1467, .F. ) ;
#3634 = DIRECTION ( 'NONE',  ( 0.8134818461552230096, 0.5815903076701761654, 5.167002309780138154E-17 ) ) ;
#3635 = FACE_OUTER_BOUND ( 'NONE', #2205, .T. ) ;
#3636 = CARTESIAN_POINT ( 'NONE',  ( -75.97711260634255837, 6.771967337263595788, -9.281524435854210608 ) ) ;
#3637 = CARTESIAN_POINT ( 'NONE',  ( 8.947991363157147049, 46.02979344545336460, -8.972461792539997205 ) ) ;
#3638 = ORIENTED_EDGE ( 'NONE', *, *, #1757, .F. ) ;
#3639 = ORIENTED_EDGE ( 'NONE', *, *, #2026, .F. ) ;
#3640 = CARTESIAN_POINT ( 'NONE',  ( -53.47867767957509955, 23.88859408380002947, -9.862327531508139344 ) ) ;
#3641 = DIRECTION ( 'NONE',  ( -0.7958510202637919528, -0.6054769989133129693, -0.004330973563716361031 ) ) ;
#3642 = ADVANCED_FACE ( 'NONE', ( #1653 ), #3428, .F. ) ;
#3643 = DIRECTION ( 'NONE',  ( -0.003446842051988523170, -0.002622329466478302666, 0.9999906212900387947 ) ) ;
#3644 = DIRECTION ( 'NONE',  ( 0.7685155864210017063, -0.5846804226374661129, 0.2598703461583448115 ) ) ;
#3645 = DIRECTION ( 'NONE',  ( -0.7958584843897060779, -0.6054826775597464961, 0.000000000000000000 ) ) ;
#3646 = VERTEX_POINT ( 'NONE', #2029 ) ;
#3647 = CARTESIAN_POINT ( 'NONE',  ( 7.823453641557426508, 46.16127265473662789, -12.14675435685935057 ) ) ;
#3648 = LINE ( 'NONE', #2207, #2055 ) ;
#3649 = CARTESIAN_POINT ( 'NONE',  ( -48.74692621676986448, 33.45686997029265086, -5.390753059308006634 ) ) ;
#3650 = ADVANCED_FACE ( 'NONE', ( #1442 ), #2352, .F. ) ;
#3651 = CARTESIAN_POINT ( 'NONE',  ( -70.19343194001847053, 39.15542106131150746, -6.710922943853343980 ) ) ;
#3652 = VECTOR ( 'NONE', #2708, 1000.000000000000000 ) ;
#3653 = VECTOR ( 'NONE', #167, 1000.000000000000000 ) ;
#3654 = ORIENTED_EDGE ( 'NONE', *, *, #672, .F. ) ;
#3655 = CARTESIAN_POINT ( 'NONE',  ( 68.22882869310934950, 39.98907729242424125, -6.393123127129641148 ) ) ;
#3656 = CARTESIAN_POINT ( 'NONE',  ( -7.454491436167498541, 46.20025460574676401, -7.442151190589300747 ) ) ;
#3657 = AXIS2_PLACEMENT_3D ( 'NONE', #3310, #2475, #3634 ) ;
#3658 = CARTESIAN_POINT ( 'NONE',  ( 7.549263403973354158, 46.19040840002205783, -7.611845588110823790 ) ) ;
#3659 = EDGE_LOOP ( 'NONE', ( #2879, #864, #3654, #1760 ) ) ;
#3660 = VERTEX_POINT ( 'NONE', #36 ) ;
#3661 = ORIENTED_EDGE ( 'NONE', *, *, #1751, .T. ) ;
#3662 = CARTESIAN_POINT ( 'NONE',  ( 63.04614247209464395, 16.60974449727299884, -9.557505289952594296 ) ) ;
#3663 =( NAMED_UNIT ( * ) PLANE_ANGLE_UNIT ( ) SI_UNIT ( $, .RADIAN. ) );
#3664 = DIRECTION ( 'NONE',  ( 0.7831179725165648975, -0.5957897994994629798, -0.1782154761347465866 ) ) ;
#3665 = PLANE ( 'NONE',  #493 ) ;
#3666 = ORIENTED_EDGE ( 'NONE', *, *, #661, .F. ) ;
#3667 = DIRECTION ( 'NONE',  ( -0.7958584843897056338, 0.6054826775597471622, 0.000000000000000000 ) ) ;
#3668 = DIRECTION ( 'NONE',  ( 3.234202562487237496E-17, 2.628696496404745679E-17, -1.000000000000000000 ) ) ;
#3669 = CARTESIAN_POINT ( 'NONE',  ( -64.23317893664679445, 34.08932190449299071, -11.90863990031073527 ) ) ;
#3670 = VECTOR ( 'NONE', #305, 1000.000000000000227 ) ;
#3671 = CARTESIAN_POINT ( 'NONE',  ( -50.77507232851526453, 25.94547509862003309, -4.534285736658436150 ) ) ;
#3672 = CARTESIAN_POINT ( 'NONE',  ( 75.64399827433240375, 21.50355857455416597, -11.09824799719814337 ) ) ;
#3673 = CARTESIAN_POINT ( 'NONE',  ( 4.538036613155327359E-12, 44.56431237306189530, -8.673617379884035472E-16 ) ) ;
#3674 = ORIENTED_EDGE ( 'NONE', *, *, #3678, .F. ) ;
#3675 = ORIENTED_EDGE ( 'NONE', *, *, #1335, .T. ) ;
#3676 = ORIENTED_EDGE ( 'NONE', *, *, #3213, .F. ) ;
#3677 = CARTESIAN_POINT ( 'NONE',  ( 9.143539675184525706, 43.98823617098828009, -10.26204220399982070 ) ) ;
#3678 = EDGE_CURVE ( 'NONE', #1694, #2015, #319, .T. ) ;
#3679 = CARTESIAN_POINT ( 'NONE',  ( -8.162623271566632255, 44.11073079233247540, -12.35478257442592920 ) ) ;
#3680 = CARTESIAN_POINT ( 'NONE',  ( 46.02786102483630515, 29.55711494096819436, -9.250811188420591691 ) ) ;
#3681 = FACE_OUTER_BOUND ( 'NONE', #562, .T. ) ;
#3682 = VERTEX_POINT ( 'NONE', #1783 ) ;
#3683 = CARTESIAN_POINT ( 'NONE',  ( 76.30813499139586042, 6.520128192533229949, -11.75646666806804674 ) ) ;
#3684 = FACE_OUTER_BOUND ( 'NONE', #3074, .T. ) ;
#3685 = ADVANCED_FACE ( 'NONE', ( #301 ), #1139, .F. ) ;
#3686 = CARTESIAN_POINT ( 'NONE',  ( -7.962904933561850918, 44.13310506893767382, -7.492042792114573579 ) ) ;
#3687 = CIRCLE ( 'NONE', #2533, 67.14622413438098647 ) ;
#3688 = CARTESIAN_POINT ( 'NONE',  ( -65.65225334247304545, 20.59543425795820681, -5.276564742949961584 ) ) ;
#3689 = CARTESIAN_POINT ( 'NONE',  ( 75.99055532714469052, 6.761740224346668882, -3.193022508662059611 ) ) ;
#3690 = ORIENTED_EDGE ( 'NONE', *, *, #2685, .T. ) ;
#3691 = VERTEX_POINT ( 'NONE', #2299 ) ;
#3692 = ORIENTED_EDGE ( 'NONE', *, *, #3, .F. ) ;
#3693 = EDGE_CURVE ( 'NONE', #1945, #3327, #246, .T. ) ;
#3694 = CARTESIAN_POINT ( 'NONE',  ( 74.25201183978302311, 5.216461660175151671, -12.84654078410791378 ) ) ;
#3695 = FILL_AREA_STYLE ('',( #2848 ) ) ;
#3696 = CARTESIAN_POINT ( 'NONE',  ( 75.28186745374043198, 13.26930197398920619, -3.838399177310760191 ) ) ;
#3697 = CARTESIAN_POINT ( 'NONE',  ( 85.41917079625839904, 28.56124022764470638, -5.630875207076186051 ) ) ;
#3698 = ORIENTED_EDGE ( 'NONE', *, *, #2607, .F. ) ;
#3699 = EDGE_CURVE ( 'NONE', #1106, #749, #3211, .T. ) ;
#3700 = CARTESIAN_POINT ( 'NONE',  ( 7.781487717153889427, 46.16579801516598280, -12.16875886076588564 ) ) ;
#3701 = CARTESIAN_POINT ( 'NONE',  ( 79.06532752785405194, 10.39087624749663874, -4.788601600785080237 ) ) ;
#3702 = FACE_OUTER_BOUND ( 'NONE', #3374, .T. ) ;
#3703 = CARTESIAN_POINT ( 'NONE',  ( 73.19720714586603094, 10.67741618594298991, -5.478226488053540955 ) ) ;
#3704 = CARTESIAN_POINT ( 'NONE',  ( 0.3590050757018015126, -22.58095202332093976, -20.00000000000000355 ) ) ;
#3705 = CARTESIAN_POINT ( 'NONE',  ( 68.66728360502816031, 12.33322593163912018, -16.25243526347868794 ) ) ;
#3706 = ORIENTED_EDGE ( 'NONE', *, *, #3724, .T. ) ;
#3707 = ORIENTED_EDGE ( 'NONE', *, *, #2187, .T. ) ;
#3708 = AXIS2_PLACEMENT_3D ( 'NONE', #1129, #2180, #2288 ) ;
#3709 = VECTOR ( 'NONE', #2293, 1000.000000000000114 ) ;
#3710 = PLANE ( 'NONE',  #913 ) ;
#3711 = VERTEX_POINT ( 'NONE', #3206 ) ;
#3712 = CARTESIAN_POINT ( 'NONE',  ( -50.54495845504376916, 26.12054386648017612, -10.88966353461745307 ) ) ;
#3713 = CIRCLE ( 'NONE', #3108, 2.944999999999994955 ) ;
#3714 =( LENGTH_UNIT ( ) NAMED_UNIT ( * ) SI_UNIT ( .MILLI., .METRE. ) );
#3715 = CARTESIAN_POINT ( 'NONE',  ( 75.90539727211572085, 4.313518196131557403, -10.85188900936457834 ) ) ;
#3716 = DIRECTION ( 'NONE',  ( -0.6054826775597450528, 0.7958584843897071881, -1.441115708636438561E-15 ) ) ;
#3717 = ORIENTED_EDGE ( 'NONE', *, *, #1400, .T. ) ;
#3718 = CARTESIAN_POINT ( 'NONE',  ( 61.33575495244747344, 23.87939121027796929, -6.542536774656123377 ) ) ;
#3719 = CARTESIAN_POINT ( 'NONE',  ( 8.397610462110977281, 44.08236633088547762, -11.72365950915665955 ) ) ;
#3720 = LINE ( 'NONE', #2331, #253 ) ;
#3721 = CARTESIAN_POINT ( 'NONE',  ( -65.59441220774863268, 12.15803197277263514, -20.00000000000000355 ) ) ;
#3722 = DIRECTION ( 'NONE',  ( 0.6054826775597461630, 0.7958584843897062999, -3.758525927527592285E-16 ) ) ;
#3723 = CARTESIAN_POINT ( 'NONE',  ( -70.44845064498771592, 16.94652626515303950, -4.970328451645818824 ) ) ;
#3724 = EDGE_CURVE ( 'NONE', #3711, #2551, #1130, .T. ) ;
#3725 = CARTESIAN_POINT ( 'NONE',  ( -76.07442552268659597, 6.697932460077708150, -12.49611841033233617 ) ) ;
#3726 = VERTEX_POINT ( 'NONE', #1426 ) ;
#3727 = ORIENTED_EDGE ( 'NONE', *, *, #1637, .T. ) ;
#3728 = LINE ( 'NONE', #841, #2374 ) ;
#3729 = AXIS2_PLACEMENT_3D ( 'NONE', #3214, #607, #57 ) ;
#3730 = VECTOR ( 'NONE', #1573, 1000.000000000000000 ) ;
#3731 = ORIENTED_EDGE ( 'NONE', *, *, #1269, .T. ) ;
#3732 = CARTESIAN_POINT ( 'NONE',  ( -78.44462845735199608, 33.85102241110230636, -12.19624346493668909 ) ) ;
#3733 = CARTESIAN_POINT ( 'NONE',  ( 69.37352407880837291, 9.282914323883101559, -17.71004261885723352 ) ) ;
#3734 = CARTESIAN_POINT ( 'NONE',  ( 68.32112556460465669, 41.56929431132781616, -6.418203971004863284 ) ) ;
#3735 = VERTEX_POINT ( 'NONE', #1705 ) ;
#3736 = CARTESIAN_POINT ( 'NONE',  ( -75.83111812432973409, 6.580069283875390695, -9.281524435854208832 ) ) ;
#3737 = DIRECTION ( 'NONE',  ( -0.7958584843897060779, -0.6054826775597464961, 0.000000000000000000 ) ) ;
#3738 = EDGE_CURVE ( 'NONE', #3357, #393, #2332, .T. ) ;
#3739 = PLANE ( 'NONE',  #1652 ) ;
#3740 = DIRECTION ( 'NONE',  ( -0.6054826775597461630, -0.7958584843897062999, 3.758525927527592285E-16 ) ) ;
#3741 = CARTESIAN_POINT ( 'NONE',  ( -65.80409574615755730, 32.89418114177866670, -6.735897479498771823 ) ) ;
#3742 = VECTOR ( 'NONE', #668, 1000.000000000000000 ) ;
#3743 = ADVANCED_FACE ( 'NONE', ( #2585 ), #3500, .F. ) ;
#3744 = CARTESIAN_POINT ( 'NONE',  ( 75.85704128194701923, 25.24598174482117940, -6.188868895219201249 ) ) ;
#3745 = PLANE ( 'NONE',  #994 ) ;
#3746 = EDGE_CURVE ( 'NONE', #1430, #1882, #474, .T. ) ;
#3747 = CARTESIAN_POINT ( 'NONE',  ( -84.19685017569707952, -1.994551898479003604, -17.03687460358431593 ) ) ;
#3748 = CIRCLE ( 'NONE', #469, 2.944999999999991847 ) ;
#3749 = CARTESIAN_POINT ( 'NONE',  ( 52.30666383326215652, 24.78025270869505192, -8.144029192843198928 ) ) ;
#3750 = ORIENTED_EDGE ( 'NONE', *, *, #1433, .T. ) ;
#3751 = FACE_OUTER_BOUND ( 'NONE', #2126, .T. ) ;
#3752 = CARTESIAN_POINT ( 'NONE',  ( 73.62057652902232974, 6.051791279106964794, -13.51141414234848170 ) ) ;
#3753 = CARTESIAN_POINT ( 'NONE',  ( -68.29173556863733552, 39.95597978624385860, -11.85229042523355325 ) ) ;
#3754 = ORIENTED_EDGE ( 'NONE', *, *, #1, .T. ) ;
#3755 = ADVANCED_FACE ( 'NONE', ( #925 ), #3482, .F. ) ;
#3756 = EDGE_CURVE ( 'NONE', #2551, #2294, #870, .T. ) ;
#3757 = LINE ( 'NONE', #543, #3240 ) ;
#3758 = CARTESIAN_POINT ( 'NONE',  ( 7.460558787602600717, 44.18863885364233823, -12.30509482170976199 ) ) ;
#3759 = CARTESIAN_POINT ( 'NONE',  ( 68.66728360502816031, 12.33322593163912018, -11.09824799787508454 ) ) ;
#3760 = CARTESIAN_POINT ( 'NONE',  ( -77.42304096180326667, 3.182242581641404389, -8.837184759083854146 ) ) ;
#3761 = B_SPLINE_CURVE_WITH_KNOTS ( 'NONE', 3,
 ( #1595, #413, #2681, #75, #2148, #2738, #1237, #3350 ),
 .UNSPECIFIED., .F., .F.,
 ( 4, 1, 1, 1, 1, 4 ),
 ( 0.04872963789667100060, 0.07604481559073189567, 0.1033599932847928948, 0.1579903486729148931, 0.2126207040610368915, 0.2387354062047278014 ),
 .UNSPECIFIED. ) ;
#3762 = DIRECTION ( 'NONE',  ( -0.7958510202638119369, -0.6054769989133258479, -0.004330973558233052779 ) ) ;
#3763 = DIRECTION ( 'NONE',  ( -0.7958584843897055228, 0.6054826775597472732, 0.000000000000000000 ) ) ;
#3764 = CARTESIAN_POINT ( 'NONE',  ( -0.3590050757020513128, -22.58095202332092555, -2.602085213965210642E-15 ) ) ;
ENDSEC;
END-ISO-10303-21;
